--------------------------------------------------------
--  파일이 생성됨 - 화요일-4월-26-2022   
--------------------------------------------------------
--------------------------------------------------------
--  DDL for Sequence BUSEOSEQ
--------------------------------------------------------

   CREATE SEQUENCE  "SCOTT"."BUSEOSEQ"  MINVALUE 1 MAXVALUE 9999999999999999999999999999 INCREMENT BY 1 START WITH 8 NOCACHE  NOORDER  NOCYCLE ;
--------------------------------------------------------
--  DDL for Sequence CITYSEQ
--------------------------------------------------------

   CREATE SEQUENCE  "SCOTT"."CITYSEQ"  MINVALUE 1 MAXVALUE 9999999999999999999999999999 INCREMENT BY 1 START WITH 13 NOCACHE  NOORDER  NOCYCLE ;
--------------------------------------------------------
--  DDL for Sequence EMPSEQ
--------------------------------------------------------

   CREATE SEQUENCE  "SCOTT"."EMPSEQ"  MINVALUE 1 MAXVALUE 9999999999999999999999999999 INCREMENT BY 1 START WITH 1064 NOCACHE  NOORDER  NOCYCLE ;
--------------------------------------------------------
--  DDL for Sequence JIKWISEQ
--------------------------------------------------------

   CREATE SEQUENCE  "SCOTT"."JIKWISEQ"  MINVALUE 1 MAXVALUE 9999999999999999999999999999 INCREMENT BY 1 START WITH 10 NOCACHE  NOORDER  NOCYCLE ;
--------------------------------------------------------
--  DDL for Sequence MEMBER0323SEQ
--------------------------------------------------------

   CREATE SEQUENCE  "SCOTT"."MEMBER0323SEQ"  MINVALUE 1 MAXVALUE 9999999999999999999999999999 INCREMENT BY 1 START WITH 21 CACHE 20 NOORDER  NOCYCLE ;
--------------------------------------------------------
--  DDL for Sequence MEMBERSEQ
--------------------------------------------------------

   CREATE SEQUENCE  "SCOTT"."MEMBERSEQ"  MINVALUE 1 MAXVALUE 9999999999999999999999999999 INCREMENT BY 1 START WITH 13 NOCACHE  NOORDER  NOCYCLE ;
--------------------------------------------------------
--  DDL for Sequence SCORE0323SEQ
--------------------------------------------------------

   CREATE SEQUENCE  "SCOTT"."SCORE0323SEQ"  MINVALUE 1 MAXVALUE 9999999999999999999999999999 INCREMENT BY 1 START WITH 16 NOCACHE  NOORDER  NOCYCLE ;
--------------------------------------------------------
--  DDL for Sequence SCORESEQ
--------------------------------------------------------

   CREATE SEQUENCE  "SCOTT"."SCORESEQ"  MINVALUE 1 MAXVALUE 9999999999999999999999999999 INCREMENT BY 1 START WITH 6 NOCACHE  NOORDER  NOCYCLE ;
--------------------------------------------------------
--  DDL for Sequence SEQ_BOARD
--------------------------------------------------------

   CREATE SEQUENCE  "SCOTT"."SEQ_BOARD"  MINVALUE 1 MAXVALUE 9999999999999999999999999999 INCREMENT BY 1 START WITH 10 NOCACHE  NOORDER  NOCYCLE ;
--------------------------------------------------------
--  DDL for Table BONUS
--------------------------------------------------------

  CREATE TABLE "SCOTT"."BONUS" 
   (	"ENAME" VARCHAR2(10 BYTE), 
	"JOB" VARCHAR2(9 BYTE), 
	"SAL" NUMBER, 
	"COMM" NUMBER
   ) SEGMENT CREATION IMMEDIATE 
  PCTFREE 10 PCTUSED 40 INITRANS 1 MAXTRANS 255 NOCOMPRESS LOGGING
  STORAGE(INITIAL 65536 NEXT 1048576 MINEXTENTS 1 MAXEXTENTS 2147483645
  PCTINCREASE 0 FREELISTS 1 FREELIST GROUPS 1 BUFFER_POOL DEFAULT FLASH_CACHE DEFAULT CELL_FLASH_CACHE DEFAULT)
  TABLESPACE "USERS" ;
--------------------------------------------------------
--  DDL for Table DEPT
--------------------------------------------------------

  CREATE TABLE "SCOTT"."DEPT" 
   (	"DEPTNO" NUMBER(2,0), 
	"DNAME" VARCHAR2(14 BYTE), 
	"LOC" VARCHAR2(13 BYTE)
   ) SEGMENT CREATION IMMEDIATE 
  PCTFREE 10 PCTUSED 40 INITRANS 1 MAXTRANS 255 NOCOMPRESS LOGGING
  STORAGE(INITIAL 65536 NEXT 1048576 MINEXTENTS 1 MAXEXTENTS 2147483645
  PCTINCREASE 0 FREELISTS 1 FREELIST GROUPS 1 BUFFER_POOL DEFAULT FLASH_CACHE DEFAULT CELL_FLASH_CACHE DEFAULT)
  TABLESPACE "USERS" ;
--------------------------------------------------------
--  DDL for Table EMP
--------------------------------------------------------

  CREATE TABLE "SCOTT"."EMP" 
   (	"EMPNO" NUMBER(4,0), 
	"ENAME" VARCHAR2(10 BYTE), 
	"JOB" VARCHAR2(9 BYTE), 
	"MGR" NUMBER(4,0), 
	"HIREDATE" DATE, 
	"SAL" NUMBER(7,2), 
	"COMM" NUMBER(7,2), 
	"DEPTNO" NUMBER(2,0)
   ) SEGMENT CREATION IMMEDIATE 
  PCTFREE 10 PCTUSED 40 INITRANS 1 MAXTRANS 255 NOCOMPRESS LOGGING
  STORAGE(INITIAL 65536 NEXT 1048576 MINEXTENTS 1 MAXEXTENTS 2147483645
  PCTINCREASE 0 FREELISTS 1 FREELIST GROUPS 1 BUFFER_POOL DEFAULT FLASH_CACHE DEFAULT CELL_FLASH_CACHE DEFAULT)
  TABLESPACE "USERS" ;
--------------------------------------------------------
--  DDL for Table PRACTICE_MEMBER0322
--------------------------------------------------------

  CREATE TABLE "SCOTT"."PRACTICE_MEMBER0322" 
   (	"SID" NUMBER, 
	"NAME" VARCHAR2(30 BYTE), 
	"TEL" VARCHAR2(60 BYTE)
   ) SEGMENT CREATION IMMEDIATE 
  PCTFREE 10 PCTUSED 40 INITRANS 1 MAXTRANS 255 NOCOMPRESS LOGGING
  STORAGE(INITIAL 65536 NEXT 1048576 MINEXTENTS 1 MAXEXTENTS 2147483645
  PCTINCREASE 0 FREELISTS 1 FREELIST GROUPS 1 BUFFER_POOL DEFAULT FLASH_CACHE DEFAULT CELL_FLASH_CACHE DEFAULT)
  TABLESPACE "USERS" ;
--------------------------------------------------------
--  DDL for Table PRACTICE_SCORE0323
--------------------------------------------------------

  CREATE TABLE "SCOTT"."PRACTICE_SCORE0323" 
   (	"SID" NUMBER, 
	"NAME" VARCHAR2(30 BYTE), 
	"KOR" NUMBER(3,0), 
	"ENG" NUMBER(3,0), 
	"MAT" NUMBER(3,0)
   ) SEGMENT CREATION IMMEDIATE 
  PCTFREE 10 PCTUSED 40 INITRANS 1 MAXTRANS 255 NOCOMPRESS LOGGING
  STORAGE(INITIAL 65536 NEXT 1048576 MINEXTENTS 1 MAXEXTENTS 2147483645
  PCTINCREASE 0 FREELISTS 1 FREELIST GROUPS 1 BUFFER_POOL DEFAULT FLASH_CACHE DEFAULT CELL_FLASH_CACHE DEFAULT)
  TABLESPACE "USERS" ;
--------------------------------------------------------
--  DDL for Table SALGRADE
--------------------------------------------------------

  CREATE TABLE "SCOTT"."SALGRADE" 
   (	"GRADE" NUMBER, 
	"LOSAL" NUMBER, 
	"HISAL" NUMBER
   ) SEGMENT CREATION IMMEDIATE 
  PCTFREE 10 PCTUSED 40 INITRANS 1 MAXTRANS 255 NOCOMPRESS LOGGING
  STORAGE(INITIAL 65536 NEXT 1048576 MINEXTENTS 1 MAXEXTENTS 2147483645
  PCTINCREASE 0 FREELISTS 1 FREELIST GROUPS 1 BUFFER_POOL DEFAULT FLASH_CACHE DEFAULT CELL_FLASH_CACHE DEFAULT)
  TABLESPACE "USERS" ;
--------------------------------------------------------
--  DDL for Table TBL_BOARD
--------------------------------------------------------

  CREATE TABLE "SCOTT"."TBL_BOARD" 
   (	"NUM" NUMBER(9,0), 
	"NAME" VARCHAR2(30 BYTE), 
	"PWD" VARCHAR2(20 BYTE), 
	"EMAIL" VARCHAR2(50 BYTE), 
	"SUBJECT" VARCHAR2(100 BYTE), 
	"CONTENT" VARCHAR2(4000 BYTE), 
	"IPADDR" VARCHAR2(20 BYTE), 
	"HITCOUNT" NUMBER DEFAULT 0, 
	"CREATED" DATE DEFAULT SYSDATE
   ) SEGMENT CREATION IMMEDIATE 
  PCTFREE 10 PCTUSED 40 INITRANS 1 MAXTRANS 255 NOCOMPRESS LOGGING
  STORAGE(INITIAL 65536 NEXT 1048576 MINEXTENTS 1 MAXEXTENTS 2147483645
  PCTINCREASE 0 FREELISTS 1 FREELIST GROUPS 1 BUFFER_POOL DEFAULT FLASH_CACHE DEFAULT CELL_FLASH_CACHE DEFAULT)
  TABLESPACE "USERS" ;
--------------------------------------------------------
--  DDL for Table TBL_BUSEO
--------------------------------------------------------

  CREATE TABLE "SCOTT"."TBL_BUSEO" 
   (	"BUSEO_ID" NUMBER(5,0), 
	"BUSEO_NAME" VARCHAR2(20 BYTE)
   ) SEGMENT CREATION IMMEDIATE 
  PCTFREE 10 PCTUSED 40 INITRANS 1 MAXTRANS 255 NOCOMPRESS LOGGING
  STORAGE(INITIAL 65536 NEXT 1048576 MINEXTENTS 1 MAXEXTENTS 2147483645
  PCTINCREASE 0 FREELISTS 1 FREELIST GROUPS 1 BUFFER_POOL DEFAULT FLASH_CACHE DEFAULT CELL_FLASH_CACHE DEFAULT)
  TABLESPACE "USERS" ;
--------------------------------------------------------
--  DDL for Table TBL_CITY
--------------------------------------------------------

  CREATE TABLE "SCOTT"."TBL_CITY" 
   (	"CITY_ID" NUMBER(5,0), 
	"CITY_NAME" VARCHAR2(10 BYTE)
   ) SEGMENT CREATION IMMEDIATE 
  PCTFREE 10 PCTUSED 40 INITRANS 1 MAXTRANS 255 NOCOMPRESS LOGGING
  STORAGE(INITIAL 65536 NEXT 1048576 MINEXTENTS 1 MAXEXTENTS 2147483645
  PCTINCREASE 0 FREELISTS 1 FREELIST GROUPS 1 BUFFER_POOL DEFAULT FLASH_CACHE DEFAULT CELL_FLASH_CACHE DEFAULT)
  TABLESPACE "USERS" ;
--------------------------------------------------------
--  DDL for Table TBL_DAWON
--------------------------------------------------------

  CREATE TABLE "SCOTT"."TBL_DAWON" 
   (	"SANO" NUMBER(4,0), 
	"SNAME" VARCHAR2(30 BYTE), 
	"JUBUN" CHAR(13 BYTE), 
	"HIREDATE" DATE DEFAULT SYSDATE, 
	"SAL" NUMBER(10,0)
   ) SEGMENT CREATION IMMEDIATE 
  PCTFREE 10 PCTUSED 40 INITRANS 1 MAXTRANS 255 NOCOMPRESS LOGGING
  STORAGE(INITIAL 65536 NEXT 1048576 MINEXTENTS 1 MAXEXTENTS 2147483645
  PCTINCREASE 0 FREELISTS 1 FREELIST GROUPS 1 BUFFER_POOL DEFAULT FLASH_CACHE DEFAULT CELL_FLASH_CACHE DEFAULT)
  TABLESPACE "USERS" ;
--------------------------------------------------------
--  DDL for Table TBL_DEPT
--------------------------------------------------------

  CREATE TABLE "SCOTT"."TBL_DEPT" 
   (	"DEPTNO" NUMBER(2,0), 
	"DNAME" VARCHAR2(14 BYTE), 
	"LOC" VARCHAR2(13 BYTE)
   ) SEGMENT CREATION IMMEDIATE 
  PCTFREE 10 PCTUSED 40 INITRANS 1 MAXTRANS 255 NOCOMPRESS LOGGING
  STORAGE(INITIAL 65536 NEXT 1048576 MINEXTENTS 1 MAXEXTENTS 2147483645
  PCTINCREASE 0 FREELISTS 1 FREELIST GROUPS 1 BUFFER_POOL DEFAULT FLASH_CACHE DEFAULT CELL_FLASH_CACHE DEFAULT)
  TABLESPACE "USERS" ;

   COMMENT ON COLUMN "SCOTT"."TBL_DEPT"."DEPTNO" IS '부서 번호';
   COMMENT ON COLUMN "SCOTT"."TBL_DEPT"."DNAME" IS '부서명';
   COMMENT ON COLUMN "SCOTT"."TBL_DEPT"."LOC" IS '부서 위치';
   COMMENT ON TABLE "SCOTT"."TBL_DEPT"  IS '부서 정보';
--------------------------------------------------------
--  DDL for Table TBL_EMP
--------------------------------------------------------

  CREATE TABLE "SCOTT"."TBL_EMP" 
   (	"EMP_ID" NUMBER(5,0), 
	"EMP_NAME" VARCHAR2(30 BYTE), 
	"SSN" CHAR(14 BYTE), 
	"IBSADATE" DATE, 
	"CITY_ID" NUMBER(5,0), 
	"TEL" VARCHAR2(20 BYTE), 
	"BUSEO_ID" NUMBER(5,0), 
	"JIKWI_ID" NUMBER(5,0), 
	"BASICPAY" NUMBER(10,0), 
	"SUDANG" NUMBER(10,0)
   ) SEGMENT CREATION IMMEDIATE 
  PCTFREE 10 PCTUSED 40 INITRANS 1 MAXTRANS 255 NOCOMPRESS LOGGING
  STORAGE(INITIAL 65536 NEXT 1048576 MINEXTENTS 1 MAXEXTENTS 2147483645
  PCTINCREASE 0 FREELISTS 1 FREELIST GROUPS 1 BUFFER_POOL DEFAULT FLASH_CACHE DEFAULT CELL_FLASH_CACHE DEFAULT)
  TABLESPACE "USERS" ;
--------------------------------------------------------
--  DDL for Table TBL_EVENTLOG
--------------------------------------------------------

  CREATE TABLE "SCOTT"."TBL_EVENTLOG" 
   (	"MEMO" VARCHAR2(200 BYTE), 
	"ILJA" DATE DEFAULT SYSDATE
   ) SEGMENT CREATION IMMEDIATE 
  PCTFREE 10 PCTUSED 40 INITRANS 1 MAXTRANS 255 NOCOMPRESS LOGGING
  STORAGE(INITIAL 65536 NEXT 1048576 MINEXTENTS 1 MAXEXTENTS 2147483645
  PCTINCREASE 0 FREELISTS 1 FREELIST GROUPS 1 BUFFER_POOL DEFAULT FLASH_CACHE DEFAULT CELL_FLASH_CACHE DEFAULT)
  TABLESPACE "USERS" ;
--------------------------------------------------------
--  DDL for Table TBL_EXAMPLE1
--------------------------------------------------------

  CREATE TABLE "SCOTT"."TBL_EXAMPLE1" 
   (	"NO" NUMBER, 
	"NAME" VARCHAR2(10 BYTE), 
	"ADDR" VARCHAR2(20 BYTE)
   ) SEGMENT CREATION IMMEDIATE 
  PCTFREE 10 PCTUSED 40 INITRANS 1 MAXTRANS 255 NOCOMPRESS LOGGING
  STORAGE(INITIAL 65536 NEXT 1048576 MINEXTENTS 1 MAXEXTENTS 2147483645
  PCTINCREASE 0 FREELISTS 1 FREELIST GROUPS 1 BUFFER_POOL DEFAULT FLASH_CACHE DEFAULT CELL_FLASH_CACHE DEFAULT)
  TABLESPACE "USERS" ;
--------------------------------------------------------
--  DDL for Table TBL_EXAMPLE2
--------------------------------------------------------

  CREATE TABLE "SCOTT"."TBL_EXAMPLE2" 
   (	"NO" NUMBER, 
	"NAME" VARCHAR2(10 BYTE), 
	"ADDR" VARCHAR2(20 BYTE)
   ) SEGMENT CREATION IMMEDIATE 
  PCTFREE 10 PCTUSED 40 INITRANS 1 MAXTRANS 255 NOCOMPRESS LOGGING
  STORAGE(INITIAL 65536 NEXT 1048576 MINEXTENTS 1 MAXEXTENTS 2147483645
  PCTINCREASE 0 FREELISTS 1 FREELIST GROUPS 1 BUFFER_POOL DEFAULT FLASH_CACHE DEFAULT CELL_FLASH_CACHE DEFAULT)
  TABLESPACE "TBS_EDUA" ;
--------------------------------------------------------
--  DDL for Table TBL_FILES
--------------------------------------------------------

  CREATE TABLE "SCOTT"."TBL_FILES" 
   (	"FILENO" NUMBER(3,0), 
	"FILENAME" VARCHAR2(100 BYTE)
   ) SEGMENT CREATION IMMEDIATE 
  PCTFREE 10 PCTUSED 40 INITRANS 1 MAXTRANS 255 NOCOMPRESS LOGGING
  STORAGE(INITIAL 65536 NEXT 1048576 MINEXTENTS 1 MAXEXTENTS 2147483645
  PCTINCREASE 0 FREELISTS 1 FREELIST GROUPS 1 BUFFER_POOL DEFAULT FLASH_CACHE DEFAULT CELL_FLASH_CACHE DEFAULT)
  TABLESPACE "USERS" ;
--------------------------------------------------------
--  DDL for Table TBL_IDPW
--------------------------------------------------------

  CREATE TABLE "SCOTT"."TBL_IDPW" 
   (	"ID" VARCHAR2(10 BYTE), 
	"PW" VARCHAR2(20 BYTE)
   ) SEGMENT CREATION IMMEDIATE 
  PCTFREE 10 PCTUSED 40 INITRANS 1 MAXTRANS 255 NOCOMPRESS LOGGING
  STORAGE(INITIAL 65536 NEXT 1048576 MINEXTENTS 1 MAXEXTENTS 2147483645
  PCTINCREASE 0 FREELISTS 1 FREELIST GROUPS 1 BUFFER_POOL DEFAULT FLASH_CACHE DEFAULT CELL_FLASH_CACHE DEFAULT)
  TABLESPACE "USERS" ;
--------------------------------------------------------
--  DDL for Table TBL_INSA
--------------------------------------------------------

  CREATE TABLE "SCOTT"."TBL_INSA" 
   (	"NUM" NUMBER(5,0), 
	"NAME" VARCHAR2(20 BYTE), 
	"SSN" VARCHAR2(14 BYTE), 
	"IBSADATE" DATE, 
	"CITY" VARCHAR2(10 BYTE), 
	"TEL" VARCHAR2(15 BYTE), 
	"BUSEO" VARCHAR2(15 BYTE), 
	"JIKWI" VARCHAR2(15 BYTE), 
	"BASICPAY" NUMBER(10,0), 
	"SUDANG" NUMBER(10,0)
   ) SEGMENT CREATION IMMEDIATE 
  PCTFREE 10 PCTUSED 40 INITRANS 1 MAXTRANS 255 NOCOMPRESS LOGGING
  STORAGE(INITIAL 65536 NEXT 1048576 MINEXTENTS 1 MAXEXTENTS 2147483645
  PCTINCREASE 0 FREELISTS 1 FREELIST GROUPS 1 BUFFER_POOL DEFAULT FLASH_CACHE DEFAULT CELL_FLASH_CACHE DEFAULT)
  TABLESPACE "USERS" ;
--------------------------------------------------------
--  DDL for Table TBL_INSABACKUP
--------------------------------------------------------

  CREATE TABLE "SCOTT"."TBL_INSABACKUP" 
   (	"NUM" NUMBER(5,0), 
	"NAME" VARCHAR2(20 BYTE), 
	"SSN" VARCHAR2(14 BYTE), 
	"IBSADATE" DATE, 
	"CITY" VARCHAR2(10 BYTE), 
	"TEL" VARCHAR2(15 BYTE), 
	"BUSEO" VARCHAR2(15 BYTE), 
	"JIKWI" VARCHAR2(15 BYTE), 
	"BASICPAY" NUMBER(10,0), 
	"SUDANG" NUMBER(10,0)
   ) SEGMENT CREATION IMMEDIATE 
  PCTFREE 10 PCTUSED 40 INITRANS 1 MAXTRANS 255 NOCOMPRESS LOGGING
  STORAGE(INITIAL 65536 NEXT 1048576 MINEXTENTS 1 MAXEXTENTS 2147483645
  PCTINCREASE 0 FREELISTS 1 FREELIST GROUPS 1 BUFFER_POOL DEFAULT FLASH_CACHE DEFAULT CELL_FLASH_CACHE DEFAULT)
  TABLESPACE "USERS" ;
--------------------------------------------------------
--  DDL for Table TBL_JIKWI
--------------------------------------------------------

  CREATE TABLE "SCOTT"."TBL_JIKWI" 
   (	"JIKWI_ID" NUMBER(5,0), 
	"JIKWI_NAME" VARCHAR2(20 BYTE), 
	"MIN_BASICPAY" NUMBER(10,0)
   ) SEGMENT CREATION IMMEDIATE 
  PCTFREE 10 PCTUSED 40 INITRANS 1 MAXTRANS 255 NOCOMPRESS LOGGING
  STORAGE(INITIAL 65536 NEXT 1048576 MINEXTENTS 1 MAXEXTENTS 2147483645
  PCTINCREASE 0 FREELISTS 1 FREELIST GROUPS 1 BUFFER_POOL DEFAULT FLASH_CACHE DEFAULT CELL_FLASH_CACHE DEFAULT)
  TABLESPACE "USERS" ;
--------------------------------------------------------
--  DDL for Table TBL_JUMUN
--------------------------------------------------------

  CREATE TABLE "SCOTT"."TBL_JUMUN" 
   (	"JUNO" NUMBER, 
	"JECODE" VARCHAR2(30 BYTE), 
	"JUSU" NUMBER, 
	"JUDAY" DATE DEFAULT SYSDATE    -- 주문 일자

  
   ) SEGMENT CREATION IMMEDIATE 
  PCTFREE 10 PCTUSED 40 INITRANS 1 MAXTRANS 255 NOCOMPRESS LOGGING
  STORAGE(INITIAL 65536 NEXT 1048576 MINEXTENTS 1 MAXEXTENTS 2147483645
  PCTINCREASE 0 FREELISTS 1 FREELIST GROUPS 1 BUFFER_POOL DEFAULT FLASH_CACHE DEFAULT CELL_FLASH_CACHE DEFAULT)
  TABLESPACE "USERS" ;
--------------------------------------------------------
--  DDL for Table TBL_JUMUNBACKUP
--------------------------------------------------------

  CREATE TABLE "SCOTT"."TBL_JUMUNBACKUP" 
   (	"JUNO" NUMBER, 
	"JECODE" VARCHAR2(30 BYTE), 
	"JUSU" NUMBER, 
	"JUDAY" DATE
   ) SEGMENT CREATION IMMEDIATE 
  PCTFREE 10 PCTUSED 40 INITRANS 1 MAXTRANS 255 NOCOMPRESS LOGGING
  STORAGE(INITIAL 65536 NEXT 1048576 MINEXTENTS 1 MAXEXTENTS 2147483645
  PCTINCREASE 0 FREELISTS 1 FREELIST GROUPS 1 BUFFER_POOL DEFAULT FLASH_CACHE DEFAULT CELL_FLASH_CACHE DEFAULT)
  TABLESPACE "USERS" ;
--------------------------------------------------------
--  DDL for Table TBL_MEMBER
--------------------------------------------------------

  CREATE TABLE "SCOTT"."TBL_MEMBER" 
   (	"SID" NUMBER, 
	"NAME" VARCHAR2(30 BYTE), 
	"TEL" VARCHAR2(40 BYTE)
   ) SEGMENT CREATION IMMEDIATE 
  PCTFREE 10 PCTUSED 40 INITRANS 1 MAXTRANS 255 NOCOMPRESS LOGGING
  STORAGE(INITIAL 65536 NEXT 1048576 MINEXTENTS 1 MAXEXTENTS 2147483645
  PCTINCREASE 0 FREELISTS 1 FREELIST GROUPS 1 BUFFER_POOL DEFAULT FLASH_CACHE DEFAULT CELL_FLASH_CACHE DEFAULT)
  TABLESPACE "USERS" ;
--------------------------------------------------------
--  DDL for Table TBL_MEMBERSCORE
--------------------------------------------------------

  CREATE TABLE "SCOTT"."TBL_MEMBERSCORE" 
   (	"SID" NUMBER, 
	"KOR" NUMBER(3,0), 
	"ENG" NUMBER(3,0), 
	"MAT" NUMBER(3,0)
   ) SEGMENT CREATION IMMEDIATE 
  PCTFREE 10 PCTUSED 40 INITRANS 1 MAXTRANS 255 NOCOMPRESS LOGGING
  STORAGE(INITIAL 65536 NEXT 1048576 MINEXTENTS 1 MAXEXTENTS 2147483645
  PCTINCREASE 0 FREELISTS 1 FREELIST GROUPS 1 BUFFER_POOL DEFAULT FLASH_CACHE DEFAULT CELL_FLASH_CACHE DEFAULT)
  TABLESPACE "USERS" ;
--------------------------------------------------------
--  DDL for Table TBL_SAWON
--------------------------------------------------------

  CREATE TABLE "SCOTT"."TBL_SAWON" 
   (	"SANO" NUMBER(4,0), 
	"SANAME" VARCHAR2(30 BYTE), 
	"JUBUN" CHAR(13 BYTE), 
	"HIREDATE" DATE DEFAULT SYSDATE, 
	"SAL" NUMBER(10,0)
   ) SEGMENT CREATION IMMEDIATE 
  PCTFREE 10 PCTUSED 40 INITRANS 1 MAXTRANS 255 NOCOMPRESS LOGGING
  STORAGE(INITIAL 65536 NEXT 1048576 MINEXTENTS 1 MAXEXTENTS 2147483645
  PCTINCREASE 0 FREELISTS 1 FREELIST GROUPS 1 BUFFER_POOL DEFAULT FLASH_CACHE DEFAULT CELL_FLASH_CACHE DEFAULT)
  TABLESPACE "USERS" ;
--------------------------------------------------------
--  DDL for Table TBL_SAWONBACKUP
--------------------------------------------------------

  CREATE TABLE "SCOTT"."TBL_SAWONBACKUP" 
   (	"SANO" NUMBER(4,0), 
	"SANAME" VARCHAR2(30 BYTE), 
	"JUBUN" CHAR(13 BYTE), 
	"HIREDATE" DATE, 
	"SAL" NUMBER(10,0)
   ) SEGMENT CREATION IMMEDIATE 
  PCTFREE 10 PCTUSED 40 INITRANS 1 MAXTRANS 255 NOCOMPRESS LOGGING
  STORAGE(INITIAL 65536 NEXT 1048576 MINEXTENTS 1 MAXEXTENTS 2147483645
  PCTINCREASE 0 FREELISTS 1 FREELIST GROUPS 1 BUFFER_POOL DEFAULT FLASH_CACHE DEFAULT CELL_FLASH_CACHE DEFAULT)
  TABLESPACE "USERS" ;
--------------------------------------------------------
--  DDL for Table TBL_STUDENTS
--------------------------------------------------------

  CREATE TABLE "SCOTT"."TBL_STUDENTS" 
   (	"ID" VARCHAR2(10 BYTE), 
	"NAME" VARCHAR2(40 BYTE), 
	"TEL" VARCHAR2(30 BYTE), 
	"ADDR" VARCHAR2(100 BYTE)
   ) SEGMENT CREATION IMMEDIATE 
  PCTFREE 10 PCTUSED 40 INITRANS 1 MAXTRANS 255 NOCOMPRESS LOGGING
  STORAGE(INITIAL 65536 NEXT 1048576 MINEXTENTS 1 MAXEXTENTS 2147483645
  PCTINCREASE 0 FREELISTS 1 FREELIST GROUPS 1 BUFFER_POOL DEFAULT FLASH_CACHE DEFAULT CELL_FLASH_CACHE DEFAULT)
  TABLESPACE "USERS" ;
--------------------------------------------------------
--  DDL for Table TBL_SUNGJUK
--------------------------------------------------------

  CREATE TABLE "SCOTT"."TBL_SUNGJUK" 
   (	"HAKBUN" NUMBER, 
	"NAME" VARCHAR2(40 BYTE), 
	"KOR" NUMBER(3,0), 
	"ENG" NUMBER(3,0), 
	"MAT" NUMBER(3,0), 
	"TOT" NUMBER(3,0), 
	"AVG" NUMBER(4,1), 
	"GRADE" CHAR(1 BYTE)
   ) SEGMENT CREATION IMMEDIATE 
  PCTFREE 10 PCTUSED 40 INITRANS 1 MAXTRANS 255 NOCOMPRESS LOGGING
  STORAGE(INITIAL 65536 NEXT 1048576 MINEXTENTS 1 MAXEXTENTS 2147483645
  PCTINCREASE 0 FREELISTS 1 FREELIST GROUPS 1 BUFFER_POOL DEFAULT FLASH_CACHE DEFAULT CELL_FLASH_CACHE DEFAULT)
  TABLESPACE "USERS" ;
--------------------------------------------------------
--  DDL for Table TBL_TEST
--------------------------------------------------------

  CREATE TABLE "SCOTT"."TBL_TEST" 
   (	"COL1" NUMBER, 
	"COL2" VARCHAR2(30 BYTE)
   ) SEGMENT CREATION IMMEDIATE 
  PCTFREE 10 PCTUSED 40 INITRANS 1 MAXTRANS 255 NOCOMPRESS LOGGING
  STORAGE(INITIAL 65536 NEXT 1048576 MINEXTENTS 1 MAXEXTENTS 2147483645
  PCTINCREASE 0 FREELISTS 1 FREELIST GROUPS 1 BUFFER_POOL DEFAULT FLASH_CACHE DEFAULT CELL_FLASH_CACHE DEFAULT)
  TABLESPACE "USERS" ;
--------------------------------------------------------
--  DDL for Table TBL_TEST1
--------------------------------------------------------

  CREATE TABLE "SCOTT"."TBL_TEST1" 
   (	"ID" NUMBER, 
	"NAME" VARCHAR2(30 BYTE), 
	"TEL" VARCHAR2(60 BYTE)
   ) SEGMENT CREATION IMMEDIATE 
  PCTFREE 10 PCTUSED 40 INITRANS 1 MAXTRANS 255 NOCOMPRESS LOGGING
  STORAGE(INITIAL 65536 NEXT 1048576 MINEXTENTS 1 MAXEXTENTS 2147483645
  PCTINCREASE 0 FREELISTS 1 FREELIST GROUPS 1 BUFFER_POOL DEFAULT FLASH_CACHE DEFAULT CELL_FLASH_CACHE DEFAULT)
  TABLESPACE "USERS" ;
--------------------------------------------------------
--  DDL for Table TBL_TEST2
--------------------------------------------------------

  CREATE TABLE "SCOTT"."TBL_TEST2" 
   (	"CODE" NUMBER, 
	"NAME" VARCHAR2(40 BYTE)
   ) SEGMENT CREATION IMMEDIATE 
  PCTFREE 10 PCTUSED 40 INITRANS 1 MAXTRANS 255 NOCOMPRESS LOGGING
  STORAGE(INITIAL 65536 NEXT 1048576 MINEXTENTS 1 MAXEXTENTS 2147483645
  PCTINCREASE 0 FREELISTS 1 FREELIST GROUPS 1 BUFFER_POOL DEFAULT FLASH_CACHE DEFAULT CELL_FLASH_CACHE DEFAULT)
  TABLESPACE "USERS" ;
--------------------------------------------------------
--  DDL for Table TBL_TEST3
--------------------------------------------------------

  CREATE TABLE "SCOTT"."TBL_TEST3" 
   (	"SID" NUMBER, 
	"CODE" NUMBER, 
	"SU" NUMBER
   ) SEGMENT CREATION IMMEDIATE 
  PCTFREE 10 PCTUSED 40 INITRANS 1 MAXTRANS 255 NOCOMPRESS LOGGING
  STORAGE(INITIAL 65536 NEXT 1048576 MINEXTENTS 1 MAXEXTENTS 2147483645
  PCTINCREASE 0 FREELISTS 1 FREELIST GROUPS 1 BUFFER_POOL DEFAULT FLASH_CACHE DEFAULT CELL_FLASH_CACHE DEFAULT)
  TABLESPACE "USERS" ;
--------------------------------------------------------
--  DDL for Table TBL_WATCH
--------------------------------------------------------

  CREATE TABLE "SCOTT"."TBL_WATCH" 
   (	"WATCH_NAME" VARCHAR2(20 BYTE), 
	"BIGO" VARCHAR2(100 BYTE)
   ) SEGMENT CREATION IMMEDIATE 
  PCTFREE 10 PCTUSED 40 INITRANS 1 MAXTRANS 255 NOCOMPRESS LOGGING
  STORAGE(INITIAL 65536 NEXT 1048576 MINEXTENTS 1 MAXEXTENTS 2147483645
  PCTINCREASE 0 FREELISTS 1 FREELIST GROUPS 1 BUFFER_POOL DEFAULT FLASH_CACHE DEFAULT CELL_FLASH_CACHE DEFAULT)
  TABLESPACE "USERS" ;
--------------------------------------------------------
--  DDL for Table TBL_상품
--------------------------------------------------------

  CREATE TABLE "SCOTT"."TBL_상품" 
   (	"상품코드" VARCHAR2(20 BYTE), 
	"상품명" VARCHAR2(20 BYTE), 
	"소비자가격" NUMBER, 
	"재고수량" NUMBER DEFAULT 0
   ) SEGMENT CREATION IMMEDIATE 
  PCTFREE 10 PCTUSED 40 INITRANS 1 MAXTRANS 255 NOCOMPRESS LOGGING
  STORAGE(INITIAL 65536 NEXT 1048576 MINEXTENTS 1 MAXEXTENTS 2147483645
  PCTINCREASE 0 FREELISTS 1 FREELIST GROUPS 1 BUFFER_POOL DEFAULT FLASH_CACHE DEFAULT CELL_FLASH_CACHE DEFAULT)
  TABLESPACE "USERS" ;
--------------------------------------------------------
--  DDL for Table TBL_입고
--------------------------------------------------------

  CREATE TABLE "SCOTT"."TBL_입고" 
   (	"입고번호" NUMBER, 
	"상품코드" VARCHAR2(100 BYTE), 
	"입고일자" DATE DEFAULT SYSDATE, 
	"입고수량" NUMBER, 
	"입고단가" NUMBER
   ) SEGMENT CREATION IMMEDIATE 
  PCTFREE 10 PCTUSED 40 INITRANS 1 MAXTRANS 255 NOCOMPRESS LOGGING
  STORAGE(INITIAL 65536 NEXT 1048576 MINEXTENTS 1 MAXEXTENTS 2147483645
  PCTINCREASE 0 FREELISTS 1 FREELIST GROUPS 1 BUFFER_POOL DEFAULT FLASH_CACHE DEFAULT CELL_FLASH_CACHE DEFAULT)
  TABLESPACE "USERS" ;
--------------------------------------------------------
--  DDL for Table TBL_출고
--------------------------------------------------------

  CREATE TABLE "SCOTT"."TBL_출고" 
   (	"출고번호" NUMBER, 
	"상품코드" VARCHAR2(20 BYTE), 
	"출고일자" DATE DEFAULT SYSDATE, 
	"출고수량" NUMBER, 
	"출고단가" NUMBER
   ) SEGMENT CREATION IMMEDIATE 
  PCTFREE 10 PCTUSED 40 INITRANS 1 MAXTRANS 255 NOCOMPRESS LOGGING
  STORAGE(INITIAL 65536 NEXT 1048576 MINEXTENTS 1 MAXEXTENTS 2147483645
  PCTINCREASE 0 FREELISTS 1 FREELIST GROUPS 1 BUFFER_POOL DEFAULT FLASH_CACHE DEFAULT CELL_FLASH_CACHE DEFAULT)
  TABLESPACE "USERS" ;
--------------------------------------------------------
--  DDL for View EMPVIEW
--------------------------------------------------------

  CREATE OR REPLACE FORCE VIEW "SCOTT"."EMPVIEW" ("EMP_ID", "EMP_NAME", "SSN", "IBSADATE", "CITY_NAME", "TEL", "BUSEO_NAME", "JIKWI_NAME", "BASICPAY", "SUDANG", "PAY") AS 
  SELECT E.EMP_ID, E.EMP_NAME, E.SSN, TO_CHAR(E.IBSADATE, 'YYYY-MM-DD') AS IBSADATE
    , C.CITY_NAME, E.TEL, B.BUSEO_NAME, J.JIKWI_NAME, E.BASICPAY, E.SUDANG
    , (E.BASICPAY + E.SUDANG) AS PAY
FROM TBL_EMP E, TBL_CITY C, TBL_BUSEO B, TBL_JIKWI J
WHERE E.CITY_ID = C.CITY_ID
  AND E.BUSEO_ID = B.BUSEO_ID
  AND E.JIKWI_ID = J.JIKWI_ID
;
--------------------------------------------------------
--  DDL for View VIEW_BOARDLIST
--------------------------------------------------------

  CREATE OR REPLACE FORCE VIEW "SCOTT"."VIEW_BOARDLIST" ("글번호", "제목", "작성자", "작성일") AS 
  SELECT ROW_NUMBER() OVER(ORDER BY CREATED)"글번호"
     , TITLE"제목", NAME"작성자", CREATED"작성일"
FROM TBL_BOARD
ORDER BY 4 DESC
;
--------------------------------------------------------
--  DDL for View VIEW_EMP
--------------------------------------------------------

  CREATE OR REPLACE FORCE VIEW "SCOTT"."VIEW_EMP" ("EMP_ID", "EMP_NAME", "SSN", "IBSADATE", "CITY_NAME", "TEL", "BUSEO_NAME", "JIKWI_NAME", "BASICPAY", "SUDANG", "SALARY") AS 
  SELECT E.EMP_ID, E.EMP_NAME, E.SSN, E.IBSADATE, C.CITY_NAME, E.TEL, B.BUSEO_NAME, J.JIKWI_NAME, E.BASICPAY,E.SUDANG,(NVL(E.BASICPAY, 0)*12)+E.SUDANG AS SALARY 
FROM TBL_EMP E LEFT JOIN TBL_CITY C ON E.CITY_ID = C.CITY_ID JOIN TBL_BUSEO B ON E.BUSEO_ID = B.BUSEO_ID JOIN TBL_JIKWI J ON E.JIKWI_ID = J.JIKWI_ID
;
--------------------------------------------------------
--  DDL for View VIEW_MEMBERSCORE
--------------------------------------------------------

  CREATE OR REPLACE FORCE VIEW "SCOTT"."VIEW_MEMBERSCORE" ("SID", "NAME", "TEL", "KOR", "ENG", "MAT") AS 
  SELECT M.SID, M.NAME, M.TEL
     , NVL(S.KOR, -1) AS KOR
     , NVL(S.ENG, -1) AS ENG
     , NVL(S.MAT, -1) AS MAT
FROM TBL_MEMBER M, TBL_MEMBERSCORE S
WHERE M.SID = S.SID(+)
;
--------------------------------------------------------
--  DDL for View VIEW_SAWON
--------------------------------------------------------

  CREATE OR REPLACE FORCE VIEW "SCOTT"."VIEW_SAWON" ("사원번호", "사원명", "주민번호", "성별", "현재나이", "입사일", "정년퇴직일", "근무일수", "남은일수", "급여", "보너스") AS 
  SELECT T.사원번호, T.사원명, T.주민번호, T.성별, T.현재나이, T.입사일
     , TO_CHAR(ADD_MONTHS(SYSDATE, (60 - T.현재나이) * 12), 'YYYY') || '-' || TO_CHAR(T.입사일, 'MM-DD') "정년퇴직일"
     , TRUNC(SYSDATE - T.입사일) "근무일수"
     , TRUNC(TO_DATE(TO_CHAR(ADD_MONTHS(SYSDATE, (60 - T.현재나이) * 12), 'YYYY') || '-' || TO_CHAR(T.입사일, 'MM-DD'), 'YYYY-MM-DD') - SYSDATE) "남은일수"
     , T.급여
     , CASE WHEN TRUNC(SYSDATE - T.입사일) >=2000 THEN T.급여 * 0.5 
            WHEN TRUNC(SYSDATE - T.입사일) >=1000 THEN T.급여 * 0.3 
            ELSE 0
        END "보너스"  
FROM
(
    SELECT SANO "사원번호", SANAME"사원명", JUBUN"주민번호"
          , CASE WHEN SUBSTR(JUBUN, 7, 1) IN ('1', '3') THEN '남자'
                 WHEN SUBSTR(JUBUN, 7, 1) IN('2', '4') THEN '여자'
                 ELSE '성별확인불가'
             END"성별"
          , CASE WHEN SUBSTR(JUBUN, 7, 1) IN ('1', '2') 
                 THEN TO_NUMBER(TO_CHAR(SYSDATE, 'YYYY')) - (TO_NUMBER(SUBSTR(JUBUN, 1, 2)) + 1899) 
                 WHEN SUBSTR(JUBUN, 7, 1) IN ('3', '4') 
                 THEN EXTRACT(YEAR FROM SYSDATE) - (TO_NUMBER(SUBSTR(JUBUN, 1, 2)) + 1999)
                 ELSE -1
             END "현재나이"
          , HIREDATE"입사일"
          , SAL"급여"    
    FROM TBL_SAWON 
) T
;
--------------------------------------------------------
--  DDL for View VIEW_SAWON2
--------------------------------------------------------

  CREATE OR REPLACE FORCE VIEW "SCOTT"."VIEW_SAWON2" ("사원명", "성별", "현재나이", "급여", "나이보너스") AS 
  SELECT T.사원명, T.성별, T.현재나이, T.급여
     , CASE WHEN T.현재나이>=50 THEN T.급여 * 0.7
            WHEN T.현재나이>=40 THEN T.급여 * 0.5
            WHEN T.현재나이>=20 THEN T.급여 * 0.3
            ELSE 0
        END"나이보너스"
FROM
(
    SELECT SANAME"사원명"
         , CASE WHEN SUBSTR(JUBUN, 7, 1) IN ('1', '3') THEN '남자'
                 WHEN SUBSTR(JUBUN, 7, 1) IN('2', '4') THEN '여자'
                 ELSE '성별확인불가'
             END"성별"
         , CASE WHEN SUBSTR(JUBUN, 7, 1) IN ('1', '2') 
                THEN TO_NUMBER(TO_CHAR(SYSDATE, 'YYYY')) - (TO_NUMBER(SUBSTR(JUBUN, 1, 2)) + 1899) 
                WHEN SUBSTR(JUBUN, 7, 1) IN ('3', '4') 
                THEN EXTRACT(YEAR FROM SYSDATE) - (TO_NUMBER(SUBSTR(JUBUN, 1, 2)) + 1999)
                ELSE -1
            END "현재나이"
         , SAL"급여"
    FROM TBL_SAWON
)T
;
REM INSERTING into SCOTT.BONUS
SET DEFINE OFF;
REM INSERTING into SCOTT.DEPT
SET DEFINE OFF;
Insert into SCOTT.DEPT (DEPTNO,DNAME,LOC) values (10,'ACCOUNTING','NEW YORK');
Insert into SCOTT.DEPT (DEPTNO,DNAME,LOC) values (20,'RESEARCH','DALLAS');
Insert into SCOTT.DEPT (DEPTNO,DNAME,LOC) values (30,'SALES','CHICAGO');
Insert into SCOTT.DEPT (DEPTNO,DNAME,LOC) values (40,'OPERATIONS','BOSTON');
REM INSERTING into SCOTT.EMP
SET DEFINE OFF;
Insert into SCOTT.EMP (EMPNO,ENAME,JOB,MGR,HIREDATE,SAL,COMM,DEPTNO) values (7369,'SMITH','CLERK',7902,to_date('1980-12-17','YYYY-MM-DD'),800,null,20);
Insert into SCOTT.EMP (EMPNO,ENAME,JOB,MGR,HIREDATE,SAL,COMM,DEPTNO) values (7499,'ALLEN','SALESMAN',7698,to_date('1981-02-20','YYYY-MM-DD'),1600,300,30);
Insert into SCOTT.EMP (EMPNO,ENAME,JOB,MGR,HIREDATE,SAL,COMM,DEPTNO) values (7521,'WARD','SALESMAN',7698,to_date('1981-02-22','YYYY-MM-DD'),1250,500,30);
Insert into SCOTT.EMP (EMPNO,ENAME,JOB,MGR,HIREDATE,SAL,COMM,DEPTNO) values (7566,'JONES','MANAGER',7839,to_date('1981-04-02','YYYY-MM-DD'),2975,null,20);
Insert into SCOTT.EMP (EMPNO,ENAME,JOB,MGR,HIREDATE,SAL,COMM,DEPTNO) values (7654,'MARTIN','SALESMAN',7698,to_date('1981-09-28','YYYY-MM-DD'),1250,1400,30);
Insert into SCOTT.EMP (EMPNO,ENAME,JOB,MGR,HIREDATE,SAL,COMM,DEPTNO) values (7698,'BLAKE','MANAGER',7839,to_date('1981-05-01','YYYY-MM-DD'),2850,null,30);
Insert into SCOTT.EMP (EMPNO,ENAME,JOB,MGR,HIREDATE,SAL,COMM,DEPTNO) values (7782,'CLARK','MANAGER',7839,to_date('1981-06-09','YYYY-MM-DD'),2450,null,10);
Insert into SCOTT.EMP (EMPNO,ENAME,JOB,MGR,HIREDATE,SAL,COMM,DEPTNO) values (7788,'SCOTT','ANALYST',7566,to_date('1987-07-13','YYYY-MM-DD'),3000,null,20);
Insert into SCOTT.EMP (EMPNO,ENAME,JOB,MGR,HIREDATE,SAL,COMM,DEPTNO) values (7839,'KING','PRESIDENT',null,to_date('1981-11-17','YYYY-MM-DD'),5000,null,10);
Insert into SCOTT.EMP (EMPNO,ENAME,JOB,MGR,HIREDATE,SAL,COMM,DEPTNO) values (7844,'TURNER','SALESMAN',7698,to_date('1981-09-08','YYYY-MM-DD'),1500,0,30);
Insert into SCOTT.EMP (EMPNO,ENAME,JOB,MGR,HIREDATE,SAL,COMM,DEPTNO) values (7876,'ADAMS','CLERK',7788,to_date('1987-07-13','YYYY-MM-DD'),1100,null,20);
Insert into SCOTT.EMP (EMPNO,ENAME,JOB,MGR,HIREDATE,SAL,COMM,DEPTNO) values (7900,'JAMES','CLERK',7698,to_date('1981-12-03','YYYY-MM-DD'),950,null,30);
Insert into SCOTT.EMP (EMPNO,ENAME,JOB,MGR,HIREDATE,SAL,COMM,DEPTNO) values (7902,'FORD','ANALYST',7566,to_date('1981-12-03','YYYY-MM-DD'),3000,null,20);
Insert into SCOTT.EMP (EMPNO,ENAME,JOB,MGR,HIREDATE,SAL,COMM,DEPTNO) values (7934,'MILLER','CLERK',7782,to_date('1982-01-23','YYYY-MM-DD'),1300,null,10);
REM INSERTING into SCOTT.PRACTICE_MEMBER0322
SET DEFINE OFF;
Insert into SCOTT.PRACTICE_MEMBER0322 (SID,NAME,TEL) values (2,'최현명','010-2222-2222');
Insert into SCOTT.PRACTICE_MEMBER0322 (SID,NAME,TEL) values (3,'신가은','010-3333-3333');
Insert into SCOTT.PRACTICE_MEMBER0322 (SID,NAME,TEL) values (4,'베리','010-1223-0108');
Insert into SCOTT.PRACTICE_MEMBER0322 (SID,NAME,TEL) values (1,'신시은','010-1111-1111');
REM INSERTING into SCOTT.PRACTICE_SCORE0323
SET DEFINE OFF;
Insert into SCOTT.PRACTICE_SCORE0323 (SID,NAME,KOR,ENG,MAT) values (13,'신시은',95,90,100);
Insert into SCOTT.PRACTICE_SCORE0323 (SID,NAME,KOR,ENG,MAT) values (14,'최현명',85,95,100);
Insert into SCOTT.PRACTICE_SCORE0323 (SID,NAME,KOR,ENG,MAT) values (15,'베리',8,5,1);
REM INSERTING into SCOTT.SALGRADE
SET DEFINE OFF;
Insert into SCOTT.SALGRADE (GRADE,LOSAL,HISAL) values (1,700,1200);
Insert into SCOTT.SALGRADE (GRADE,LOSAL,HISAL) values (2,1201,1400);
Insert into SCOTT.SALGRADE (GRADE,LOSAL,HISAL) values (3,1401,2000);
Insert into SCOTT.SALGRADE (GRADE,LOSAL,HISAL) values (4,2001,3000);
Insert into SCOTT.SALGRADE (GRADE,LOSAL,HISAL) values (5,3001,9999);
REM INSERTING into SCOTT.TBL_BOARD
SET DEFINE OFF;
Insert into SCOTT.TBL_BOARD (NUM,NAME,PWD,EMAIL,SUBJECT,CONTENT,IPADDR,HITCOUNT,CREATED) values (94,'김현지94','java002$','apple94@test.com','날씨에 대해 작성한 게시물 94','맑은 날씨와 관련한 내용물 작성','211.238.142.151',27,to_date('2021-02-12','YYYY-MM-DD'));
Insert into SCOTT.TBL_BOARD (NUM,NAME,PWD,EMAIL,SUBJECT,CONTENT,IPADDR,HITCOUNT,CREATED) values (95,'임현지95','java006$','morning95@test.com','취미에 대해 작성한 게시물 95','영화감상과 관련한 내용물 작성','211.238.142.169',11,to_date('2021-02-13','YYYY-MM-DD'));
Insert into SCOTT.TBL_BOARD (NUM,NAME,PWD,EMAIL,SUBJECT,CONTENT,IPADDR,HITCOUNT,CREATED) values (96,'정현지96','net007$','apple96@test.com','음식에 대해 작성한 게시물 96','떡볶이와 관련한 내용물 작성','211.238.142.163',27,to_date('2021-02-14','YYYY-MM-DD'));
Insert into SCOTT.TBL_BOARD (NUM,NAME,PWD,EMAIL,SUBJECT,CONTENT,IPADDR,HITCOUNT,CREATED) values (97,'김현지97','java002$','morning97@test.com','날씨에 대해 작성한 게시물 97','맑은 날씨와 관련한 내용물 작성','211.238.142.151',11,to_date('2021-02-15','YYYY-MM-DD'));
Insert into SCOTT.TBL_BOARD (NUM,NAME,PWD,EMAIL,SUBJECT,CONTENT,IPADDR,HITCOUNT,CREATED) values (98,'최현지98','deep008$','apple98@test.com','운동에 대해 작성한 게시물 98','축구와 관련한 내용물 작성','211.238.142.159',27,to_date('2021-02-16','YYYY-MM-DD'));
Insert into SCOTT.TBL_BOARD (NUM,NAME,PWD,EMAIL,SUBJECT,CONTENT,IPADDR,HITCOUNT,CREATED) values (99,'정현지99','net007$','test99@test.com','음식에 대해 작성한 게시물 99','떡볶이와 관련한 내용물 작성','211.238.142.163',32,to_date('2021-02-17','YYYY-MM-DD'));
Insert into SCOTT.TBL_BOARD (NUM,NAME,PWD,EMAIL,SUBJECT,CONTENT,IPADDR,HITCOUNT,CREATED) values (100,'임현지100','java006$','apple100@test.com','취미에 대해 작성한 게시물 100','영화감상과 관련한 내용물 작성','211.238.142.169',27,to_date('2021-02-18','YYYY-MM-DD'));
Insert into SCOTT.TBL_BOARD (NUM,NAME,PWD,EMAIL,SUBJECT,CONTENT,IPADDR,HITCOUNT,CREATED) values (101,'김현지101','java002$','morning101@test.com','날씨에 대해 작성한 게시물 101','맑은 날씨와 관련한 내용물 작성','211.238.142.151',11,to_date('2021-02-19','YYYY-MM-DD'));
Insert into SCOTT.TBL_BOARD (NUM,NAME,PWD,EMAIL,SUBJECT,CONTENT,IPADDR,HITCOUNT,CREATED) values (102,'정현지102','net007$','apple102@test.com','음식에 대해 작성한 게시물 102','떡볶이와 관련한 내용물 작성','211.238.142.163',27,to_date('2021-02-20','YYYY-MM-DD'));
Insert into SCOTT.TBL_BOARD (NUM,NAME,PWD,EMAIL,SUBJECT,CONTENT,IPADDR,HITCOUNT,CREATED) values (103,'김현지103','java002$','morning103@test.com','날씨에 대해 작성한 게시물 103','맑은 날씨와 관련한 내용물 작성','211.238.142.151',11,to_date('2021-02-21','YYYY-MM-DD'));
Insert into SCOTT.TBL_BOARD (NUM,NAME,PWD,EMAIL,SUBJECT,CONTENT,IPADDR,HITCOUNT,CREATED) values (104,'김현지104','java002$','apple104@test.com','날씨에 대해 작성한 게시물 104','맑은 날씨와 관련한 내용물 작성','211.238.142.151',27,to_date('2021-02-22','YYYY-MM-DD'));
Insert into SCOTT.TBL_BOARD (NUM,NAME,PWD,EMAIL,SUBJECT,CONTENT,IPADDR,HITCOUNT,CREATED) values (105,'임현지105','java006$','test105@test.com','취미에 대해 작성한 게시물 105','영화감상과 관련한 내용물 작성','211.238.142.169',32,to_date('2021-02-23','YYYY-MM-DD'));
Insert into SCOTT.TBL_BOARD (NUM,NAME,PWD,EMAIL,SUBJECT,CONTENT,IPADDR,HITCOUNT,CREATED) values (106,'김현지106','java002$','apple106@test.com','날씨에 대해 작성한 게시물 106','맑은 날씨와 관련한 내용물 작성','211.238.142.151',27,to_date('2021-02-24','YYYY-MM-DD'));
Insert into SCOTT.TBL_BOARD (NUM,NAME,PWD,EMAIL,SUBJECT,CONTENT,IPADDR,HITCOUNT,CREATED) values (107,'김현지107','java002$','morning107@test.com','날씨에 대해 작성한 게시물 107','맑은 날씨와 관련한 내용물 작성','211.238.142.151',11,to_date('2021-02-25','YYYY-MM-DD'));
Insert into SCOTT.TBL_BOARD (NUM,NAME,PWD,EMAIL,SUBJECT,CONTENT,IPADDR,HITCOUNT,CREATED) values (108,'정현지108','net007$','apple108@test.com','음식에 대해 작성한 게시물 108','떡볶이와 관련한 내용물 작성','211.238.142.163',27,to_date('2021-02-26','YYYY-MM-DD'));
Insert into SCOTT.TBL_BOARD (NUM,NAME,PWD,EMAIL,SUBJECT,CONTENT,IPADDR,HITCOUNT,CREATED) values (109,'김현지109','java002$','morning109@test.com','날씨에 대해 작성한 게시물 109','맑은 날씨와 관련한 내용물 작성','211.238.142.151',11,to_date('2021-02-27','YYYY-MM-DD'));
Insert into SCOTT.TBL_BOARD (NUM,NAME,PWD,EMAIL,SUBJECT,CONTENT,IPADDR,HITCOUNT,CREATED) values (110,'임현지110','java006$','apple110@test.com','취미에 대해 작성한 게시물 110','영화감상과 관련한 내용물 작성','211.238.142.169',27,to_date('2021-02-28','YYYY-MM-DD'));
Insert into SCOTT.TBL_BOARD (NUM,NAME,PWD,EMAIL,SUBJECT,CONTENT,IPADDR,HITCOUNT,CREATED) values (111,'정현지111','net007$','test111@test.com','음식에 대해 작성한 게시물 111','떡볶이와 관련한 내용물 작성','211.238.142.163',32,to_date('2021-03-01','YYYY-MM-DD'));
Insert into SCOTT.TBL_BOARD (NUM,NAME,PWD,EMAIL,SUBJECT,CONTENT,IPADDR,HITCOUNT,CREATED) values (112,'최현지112','deep008$','apple112@test.com','운동에 대해 작성한 게시물 112','축구와 관련한 내용물 작성','211.238.142.159',27,to_date('2021-03-02','YYYY-MM-DD'));
Insert into SCOTT.TBL_BOARD (NUM,NAME,PWD,EMAIL,SUBJECT,CONTENT,IPADDR,HITCOUNT,CREATED) values (113,'김현지113','java002$','morning113@test.com','날씨에 대해 작성한 게시물 113','맑은 날씨와 관련한 내용물 작성','211.238.142.151',11,to_date('2021-03-03','YYYY-MM-DD'));
Insert into SCOTT.TBL_BOARD (NUM,NAME,PWD,EMAIL,SUBJECT,CONTENT,IPADDR,HITCOUNT,CREATED) values (114,'정현지114','net007$','apple114@test.com','음식에 대해 작성한 게시물 114','떡볶이와 관련한 내용물 작성','211.238.142.163',27,to_date('2021-03-04','YYYY-MM-DD'));
Insert into SCOTT.TBL_BOARD (NUM,NAME,PWD,EMAIL,SUBJECT,CONTENT,IPADDR,HITCOUNT,CREATED) values (115,'임현지115','java006$','morning115@test.com','취미에 대해 작성한 게시물 115','영화감상과 관련한 내용물 작성','211.238.142.169',11,to_date('2021-03-05','YYYY-MM-DD'));
Insert into SCOTT.TBL_BOARD (NUM,NAME,PWD,EMAIL,SUBJECT,CONTENT,IPADDR,HITCOUNT,CREATED) values (116,'김현지116','java002$','apple116@test.com','날씨에 대해 작성한 게시물 116','맑은 날씨와 관련한 내용물 작성','211.238.142.151',27,to_date('2021-03-06','YYYY-MM-DD'));
Insert into SCOTT.TBL_BOARD (NUM,NAME,PWD,EMAIL,SUBJECT,CONTENT,IPADDR,HITCOUNT,CREATED) values (117,'정현지117','net007$','test117@test.com','음식에 대해 작성한 게시물 117','떡볶이와 관련한 내용물 작성','211.238.142.163',32,to_date('2021-03-07','YYYY-MM-DD'));
Insert into SCOTT.TBL_BOARD (NUM,NAME,PWD,EMAIL,SUBJECT,CONTENT,IPADDR,HITCOUNT,CREATED) values (118,'김현지118','java002$','apple118@test.com','날씨에 대해 작성한 게시물 118','맑은 날씨와 관련한 내용물 작성','211.238.142.151',27,to_date('2021-03-08','YYYY-MM-DD'));
Insert into SCOTT.TBL_BOARD (NUM,NAME,PWD,EMAIL,SUBJECT,CONTENT,IPADDR,HITCOUNT,CREATED) values (119,'최현지119','deep008$','morning119@test.com','운동에 대해 작성한 게시물 119','축구와 관련한 내용물 작성','211.238.142.159',11,to_date('2021-03-09','YYYY-MM-DD'));
Insert into SCOTT.TBL_BOARD (NUM,NAME,PWD,EMAIL,SUBJECT,CONTENT,IPADDR,HITCOUNT,CREATED) values (120,'임현지120','java006$','apple120@test.com','취미에 대해 작성한 게시물 120','영화감상과 관련한 내용물 작성','211.238.142.169',27,to_date('2021-03-10','YYYY-MM-DD'));
Insert into SCOTT.TBL_BOARD (NUM,NAME,PWD,EMAIL,SUBJECT,CONTENT,IPADDR,HITCOUNT,CREATED) values (121,'김현지121','java002$','morning121@test.com','날씨에 대해 작성한 게시물 121','맑은 날씨와 관련한 내용물 작성','211.238.142.151',11,to_date('2021-03-11','YYYY-MM-DD'));
Insert into SCOTT.TBL_BOARD (NUM,NAME,PWD,EMAIL,SUBJECT,CONTENT,IPADDR,HITCOUNT,CREATED) values (122,'김현지122','java002$','apple122@test.com','날씨에 대해 작성한 게시물 122','맑은 날씨와 관련한 내용물 작성','211.238.142.151',27,to_date('2021-03-12','YYYY-MM-DD'));
Insert into SCOTT.TBL_BOARD (NUM,NAME,PWD,EMAIL,SUBJECT,CONTENT,IPADDR,HITCOUNT,CREATED) values (123,'정현지123','net007$','test123@test.com','음식에 대해 작성한 게시물 123','떡볶이와 관련한 내용물 작성','211.238.142.163',32,to_date('2021-03-13','YYYY-MM-DD'));
Insert into SCOTT.TBL_BOARD (NUM,NAME,PWD,EMAIL,SUBJECT,CONTENT,IPADDR,HITCOUNT,CREATED) values (124,'김현지124','java002$','apple124@test.com','날씨에 대해 작성한 게시물 124','맑은 날씨와 관련한 내용물 작성','211.238.142.151',27,to_date('2021-03-14','YYYY-MM-DD'));
Insert into SCOTT.TBL_BOARD (NUM,NAME,PWD,EMAIL,SUBJECT,CONTENT,IPADDR,HITCOUNT,CREATED) values (125,'임현지125','java006$','morning125@test.com','취미에 대해 작성한 게시물 125','영화감상과 관련한 내용물 작성','211.238.142.169',11,to_date('2021-03-15','YYYY-MM-DD'));
Insert into SCOTT.TBL_BOARD (NUM,NAME,PWD,EMAIL,SUBJECT,CONTENT,IPADDR,HITCOUNT,CREATED) values (126,'정현지126','net007$','apple126@test.com','음식에 대해 작성한 게시물 126','떡볶이와 관련한 내용물 작성','211.238.142.163',27,to_date('2021-03-16','YYYY-MM-DD'));
Insert into SCOTT.TBL_BOARD (NUM,NAME,PWD,EMAIL,SUBJECT,CONTENT,IPADDR,HITCOUNT,CREATED) values (127,'김현지127','java002$','morning127@test.com','날씨에 대해 작성한 게시물 127','맑은 날씨와 관련한 내용물 작성','211.238.142.151',11,to_date('2021-03-17','YYYY-MM-DD'));
Insert into SCOTT.TBL_BOARD (NUM,NAME,PWD,EMAIL,SUBJECT,CONTENT,IPADDR,HITCOUNT,CREATED) values (128,'김현지128','java002$','apple128@test.com','날씨에 대해 작성한 게시물 128','맑은 날씨와 관련한 내용물 작성','211.238.142.151',27,to_date('2021-03-18','YYYY-MM-DD'));
Insert into SCOTT.TBL_BOARD (NUM,NAME,PWD,EMAIL,SUBJECT,CONTENT,IPADDR,HITCOUNT,CREATED) values (129,'정현지129','net007$','test129@test.com','음식에 대해 작성한 게시물 129','떡볶이와 관련한 내용물 작성','211.238.142.163',32,to_date('2021-03-19','YYYY-MM-DD'));
Insert into SCOTT.TBL_BOARD (NUM,NAME,PWD,EMAIL,SUBJECT,CONTENT,IPADDR,HITCOUNT,CREATED) values (130,'임현지130','java006$','apple130@test.com','취미에 대해 작성한 게시물 130','영화감상과 관련한 내용물 작성','211.238.142.169',27,to_date('2021-03-20','YYYY-MM-DD'));
Insert into SCOTT.TBL_BOARD (NUM,NAME,PWD,EMAIL,SUBJECT,CONTENT,IPADDR,HITCOUNT,CREATED) values (131,'김현지131','java002$','morning131@test.com','날씨에 대해 작성한 게시물 131','맑은 날씨와 관련한 내용물 작성','211.238.142.151',11,to_date('2021-03-21','YYYY-MM-DD'));
Insert into SCOTT.TBL_BOARD (NUM,NAME,PWD,EMAIL,SUBJECT,CONTENT,IPADDR,HITCOUNT,CREATED) values (132,'정현지132','net007$','apple132@test.com','음식에 대해 작성한 게시물 132','떡볶이와 관련한 내용물 작성','211.238.142.163',27,to_date('2021-03-22','YYYY-MM-DD'));
Insert into SCOTT.TBL_BOARD (NUM,NAME,PWD,EMAIL,SUBJECT,CONTENT,IPADDR,HITCOUNT,CREATED) values (133,'최현지133','deep008$','morning133@test.com','운동에 대해 작성한 게시물 133','축구와 관련한 내용물 작성','211.238.142.159',11,to_date('2021-03-23','YYYY-MM-DD'));
Insert into SCOTT.TBL_BOARD (NUM,NAME,PWD,EMAIL,SUBJECT,CONTENT,IPADDR,HITCOUNT,CREATED) values (134,'김현지134','java002$','apple134@test.com','날씨에 대해 작성한 게시물 134','맑은 날씨와 관련한 내용물 작성','211.238.142.151',27,to_date('2021-03-24','YYYY-MM-DD'));
Insert into SCOTT.TBL_BOARD (NUM,NAME,PWD,EMAIL,SUBJECT,CONTENT,IPADDR,HITCOUNT,CREATED) values (135,'임현지135','java006$','test135@test.com','취미에 대해 작성한 게시물 135','영화감상과 관련한 내용물 작성','211.238.142.169',32,to_date('2021-03-25','YYYY-MM-DD'));
Insert into SCOTT.TBL_BOARD (NUM,NAME,PWD,EMAIL,SUBJECT,CONTENT,IPADDR,HITCOUNT,CREATED) values (136,'김현지136','java002$','apple136@test.com','날씨에 대해 작성한 게시물 136','맑은 날씨와 관련한 내용물 작성','211.238.142.151',27,to_date('2021-03-26','YYYY-MM-DD'));
Insert into SCOTT.TBL_BOARD (NUM,NAME,PWD,EMAIL,SUBJECT,CONTENT,IPADDR,HITCOUNT,CREATED) values (137,'김현지137','java002$','morning137@test.com','날씨에 대해 작성한 게시물 137','맑은 날씨와 관련한 내용물 작성','211.238.142.151',11,to_date('2021-03-27','YYYY-MM-DD'));
Insert into SCOTT.TBL_BOARD (NUM,NAME,PWD,EMAIL,SUBJECT,CONTENT,IPADDR,HITCOUNT,CREATED) values (138,'정현지138','net007$','apple138@test.com','음식에 대해 작성한 게시물 138','떡볶이와 관련한 내용물 작성','211.238.142.163',27,to_date('2021-03-28','YYYY-MM-DD'));
Insert into SCOTT.TBL_BOARD (NUM,NAME,PWD,EMAIL,SUBJECT,CONTENT,IPADDR,HITCOUNT,CREATED) values (139,'김현지139','java002$','morning139@test.com','날씨에 대해 작성한 게시물 139','맑은 날씨와 관련한 내용물 작성','211.238.142.151',11,to_date('2021-03-29','YYYY-MM-DD'));
Insert into SCOTT.TBL_BOARD (NUM,NAME,PWD,EMAIL,SUBJECT,CONTENT,IPADDR,HITCOUNT,CREATED) values (140,'임현지140','java006$','apple140@test.com','취미에 대해 작성한 게시물 140','영화감상과 관련한 내용물 작성','211.238.142.169',27,to_date('2021-03-30','YYYY-MM-DD'));
Insert into SCOTT.TBL_BOARD (NUM,NAME,PWD,EMAIL,SUBJECT,CONTENT,IPADDR,HITCOUNT,CREATED) values (141,'정현지141','net007$','test141@test.com','음식에 대해 작성한 게시물 141','떡볶이와 관련한 내용물 작성','211.238.142.163',32,to_date('2021-03-31','YYYY-MM-DD'));
Insert into SCOTT.TBL_BOARD (NUM,NAME,PWD,EMAIL,SUBJECT,CONTENT,IPADDR,HITCOUNT,CREATED) values (142,'김현지142','java002$','apple142@test.com','날씨에 대해 작성한 게시물 142','맑은 날씨와 관련한 내용물 작성','211.238.142.151',27,to_date('2021-04-01','YYYY-MM-DD'));
Insert into SCOTT.TBL_BOARD (NUM,NAME,PWD,EMAIL,SUBJECT,CONTENT,IPADDR,HITCOUNT,CREATED) values (143,'김현지143','java002$','morning143@test.com','날씨에 대해 작성한 게시물 143','맑은 날씨와 관련한 내용물 작성','211.238.142.151',11,to_date('2021-04-02','YYYY-MM-DD'));
Insert into SCOTT.TBL_BOARD (NUM,NAME,PWD,EMAIL,SUBJECT,CONTENT,IPADDR,HITCOUNT,CREATED) values (144,'정현지144','net007$','apple144@test.com','음식에 대해 작성한 게시물 144','떡볶이와 관련한 내용물 작성','211.238.142.163',27,to_date('2021-04-03','YYYY-MM-DD'));
Insert into SCOTT.TBL_BOARD (NUM,NAME,PWD,EMAIL,SUBJECT,CONTENT,IPADDR,HITCOUNT,CREATED) values (145,'임현지145','java006$','morning145@test.com','취미에 대해 작성한 게시물 145','영화감상과 관련한 내용물 작성','211.238.142.169',11,to_date('2021-04-04','YYYY-MM-DD'));
Insert into SCOTT.TBL_BOARD (NUM,NAME,PWD,EMAIL,SUBJECT,CONTENT,IPADDR,HITCOUNT,CREATED) values (146,'김현지146','java002$','apple146@test.com','날씨에 대해 작성한 게시물 146','맑은 날씨와 관련한 내용물 작성','211.238.142.151',27,to_date('2021-04-05','YYYY-MM-DD'));
Insert into SCOTT.TBL_BOARD (NUM,NAME,PWD,EMAIL,SUBJECT,CONTENT,IPADDR,HITCOUNT,CREATED) values (147,'정현지147','net007$','test147@test.com','음식에 대해 작성한 게시물 147','떡볶이와 관련한 내용물 작성','211.238.142.163',32,to_date('2021-04-06','YYYY-MM-DD'));
Insert into SCOTT.TBL_BOARD (NUM,NAME,PWD,EMAIL,SUBJECT,CONTENT,IPADDR,HITCOUNT,CREATED) values (148,'김현지148','java002$','apple148@test.com','날씨에 대해 작성한 게시물 148','맑은 날씨와 관련한 내용물 작성','211.238.142.151',27,to_date('2021-04-07','YYYY-MM-DD'));
Insert into SCOTT.TBL_BOARD (NUM,NAME,PWD,EMAIL,SUBJECT,CONTENT,IPADDR,HITCOUNT,CREATED) values (149,'김현지149','java002$','morning149@test.com','날씨에 대해 작성한 게시물 149','맑은 날씨와 관련한 내용물 작성','211.238.142.151',11,to_date('2021-04-08','YYYY-MM-DD'));
Insert into SCOTT.TBL_BOARD (NUM,NAME,PWD,EMAIL,SUBJECT,CONTENT,IPADDR,HITCOUNT,CREATED) values (150,'임현지150','java006$','apple150@test.com','취미에 대해 작성한 게시물 150','영화감상과 관련한 내용물 작성','211.238.142.169',27,to_date('2021-04-09','YYYY-MM-DD'));
Insert into SCOTT.TBL_BOARD (NUM,NAME,PWD,EMAIL,SUBJECT,CONTENT,IPADDR,HITCOUNT,CREATED) values (151,'김현지151','java002$','morning151@test.com','날씨에 대해 작성한 게시물 151','맑은 날씨와 관련한 내용물 작성','211.238.142.151',11,to_date('2021-04-10','YYYY-MM-DD'));
Insert into SCOTT.TBL_BOARD (NUM,NAME,PWD,EMAIL,SUBJECT,CONTENT,IPADDR,HITCOUNT,CREATED) values (152,'김현지152','java002$','apple152@test.com','날씨에 대해 작성한 게시물 152','맑은 날씨와 관련한 내용물 작성','211.238.142.151',27,to_date('2021-04-11','YYYY-MM-DD'));
Insert into SCOTT.TBL_BOARD (NUM,NAME,PWD,EMAIL,SUBJECT,CONTENT,IPADDR,HITCOUNT,CREATED) values (153,'정현지153','net007$','test153@test.com','음식에 대해 작성한 게시물 153','떡볶이와 관련한 내용물 작성','211.238.142.163',32,to_date('2021-04-12','YYYY-MM-DD'));
Insert into SCOTT.TBL_BOARD (NUM,NAME,PWD,EMAIL,SUBJECT,CONTENT,IPADDR,HITCOUNT,CREATED) values (154,'최현지154','deep008$','apple154@test.com','운동에 대해 작성한 게시물 154','축구와 관련한 내용물 작성','211.238.142.159',27,to_date('2021-04-13','YYYY-MM-DD'));
Insert into SCOTT.TBL_BOARD (NUM,NAME,PWD,EMAIL,SUBJECT,CONTENT,IPADDR,HITCOUNT,CREATED) values (155,'임현지155','java006$','morning155@test.com','취미에 대해 작성한 게시물 155','영화감상과 관련한 내용물 작성','211.238.142.169',11,to_date('2021-04-14','YYYY-MM-DD'));
Insert into SCOTT.TBL_BOARD (NUM,NAME,PWD,EMAIL,SUBJECT,CONTENT,IPADDR,HITCOUNT,CREATED) values (156,'정현지156','net007$','apple156@test.com','음식에 대해 작성한 게시물 156','떡볶이와 관련한 내용물 작성','211.238.142.163',27,to_date('2021-04-15','YYYY-MM-DD'));
Insert into SCOTT.TBL_BOARD (NUM,NAME,PWD,EMAIL,SUBJECT,CONTENT,IPADDR,HITCOUNT,CREATED) values (157,'김현지157','java002$','morning157@test.com','날씨에 대해 작성한 게시물 157','맑은 날씨와 관련한 내용물 작성','211.238.142.151',11,to_date('2021-04-16','YYYY-MM-DD'));
Insert into SCOTT.TBL_BOARD (NUM,NAME,PWD,EMAIL,SUBJECT,CONTENT,IPADDR,HITCOUNT,CREATED) values (158,'김현지158','java002$','apple158@test.com','날씨에 대해 작성한 게시물 158','맑은 날씨와 관련한 내용물 작성','211.238.142.151',27,to_date('2021-04-17','YYYY-MM-DD'));
Insert into SCOTT.TBL_BOARD (NUM,NAME,PWD,EMAIL,SUBJECT,CONTENT,IPADDR,HITCOUNT,CREATED) values (159,'정현지159','net007$','test159@test.com','음식에 대해 작성한 게시물 159','떡볶이와 관련한 내용물 작성','211.238.142.163',32,to_date('2021-04-18','YYYY-MM-DD'));
Insert into SCOTT.TBL_BOARD (NUM,NAME,PWD,EMAIL,SUBJECT,CONTENT,IPADDR,HITCOUNT,CREATED) values (160,'임현지160','java006$','apple160@test.com','취미에 대해 작성한 게시물 160','영화감상과 관련한 내용물 작성','211.238.142.169',27,to_date('2021-04-19','YYYY-MM-DD'));
Insert into SCOTT.TBL_BOARD (NUM,NAME,PWD,EMAIL,SUBJECT,CONTENT,IPADDR,HITCOUNT,CREATED) values (161,'최현지161','deep008$','morning161@test.com','운동에 대해 작성한 게시물 161','축구와 관련한 내용물 작성','211.238.142.159',11,to_date('2021-04-20','YYYY-MM-DD'));
Insert into SCOTT.TBL_BOARD (NUM,NAME,PWD,EMAIL,SUBJECT,CONTENT,IPADDR,HITCOUNT,CREATED) values (162,'정현지162','net007$','apple162@test.com','음식에 대해 작성한 게시물 162','떡볶이와 관련한 내용물 작성','211.238.142.163',27,to_date('2021-04-21','YYYY-MM-DD'));
Insert into SCOTT.TBL_BOARD (NUM,NAME,PWD,EMAIL,SUBJECT,CONTENT,IPADDR,HITCOUNT,CREATED) values (163,'김현지163','java002$','morning163@test.com','날씨에 대해 작성한 게시물 163','맑은 날씨와 관련한 내용물 작성','211.238.142.151',11,to_date('2021-04-22','YYYY-MM-DD'));
Insert into SCOTT.TBL_BOARD (NUM,NAME,PWD,EMAIL,SUBJECT,CONTENT,IPADDR,HITCOUNT,CREATED) values (164,'김현지164','java002$','apple164@test.com','날씨에 대해 작성한 게시물 164','맑은 날씨와 관련한 내용물 작성','211.238.142.151',27,to_date('2021-04-23','YYYY-MM-DD'));
Insert into SCOTT.TBL_BOARD (NUM,NAME,PWD,EMAIL,SUBJECT,CONTENT,IPADDR,HITCOUNT,CREATED) values (165,'임현지165','java006$','test165@test.com','취미에 대해 작성한 게시물 165','영화감상과 관련한 내용물 작성','211.238.142.169',32,to_date('2021-04-24','YYYY-MM-DD'));
Insert into SCOTT.TBL_BOARD (NUM,NAME,PWD,EMAIL,SUBJECT,CONTENT,IPADDR,HITCOUNT,CREATED) values (166,'김현지166','java002$','apple166@test.com','날씨에 대해 작성한 게시물 166','맑은 날씨와 관련한 내용물 작성','211.238.142.151',27,to_date('2021-04-25','YYYY-MM-DD'));
Insert into SCOTT.TBL_BOARD (NUM,NAME,PWD,EMAIL,SUBJECT,CONTENT,IPADDR,HITCOUNT,CREATED) values (167,'김현지167','java002$','morning167@test.com','날씨에 대해 작성한 게시물 167','맑은 날씨와 관련한 내용물 작성','211.238.142.151',11,to_date('2021-04-26','YYYY-MM-DD'));
Insert into SCOTT.TBL_BOARD (NUM,NAME,PWD,EMAIL,SUBJECT,CONTENT,IPADDR,HITCOUNT,CREATED) values (168,'정현지168','net007$','apple168@test.com','음식에 대해 작성한 게시물 168','떡볶이와 관련한 내용물 작성','211.238.142.163',27,to_date('2021-04-27','YYYY-MM-DD'));
Insert into SCOTT.TBL_BOARD (NUM,NAME,PWD,EMAIL,SUBJECT,CONTENT,IPADDR,HITCOUNT,CREATED) values (169,'김현지169','java002$','morning169@test.com','날씨에 대해 작성한 게시물 169','맑은 날씨와 관련한 내용물 작성','211.238.142.151',11,to_date('2021-04-28','YYYY-MM-DD'));
Insert into SCOTT.TBL_BOARD (NUM,NAME,PWD,EMAIL,SUBJECT,CONTENT,IPADDR,HITCOUNT,CREATED) values (170,'임현지170','java006$','apple170@test.com','취미에 대해 작성한 게시물 170','영화감상과 관련한 내용물 작성','211.238.142.169',27,to_date('2021-04-29','YYYY-MM-DD'));
Insert into SCOTT.TBL_BOARD (NUM,NAME,PWD,EMAIL,SUBJECT,CONTENT,IPADDR,HITCOUNT,CREATED) values (171,'정현지171','net007$','test171@test.com','음식에 대해 작성한 게시물 171','떡볶이와 관련한 내용물 작성','211.238.142.163',32,to_date('2021-04-30','YYYY-MM-DD'));
Insert into SCOTT.TBL_BOARD (NUM,NAME,PWD,EMAIL,SUBJECT,CONTENT,IPADDR,HITCOUNT,CREATED) values (172,'김현지172','java002$','apple172@test.com','날씨에 대해 작성한 게시물 172','맑은 날씨와 관련한 내용물 작성','211.238.142.151',27,to_date('2021-05-01','YYYY-MM-DD'));
Insert into SCOTT.TBL_BOARD (NUM,NAME,PWD,EMAIL,SUBJECT,CONTENT,IPADDR,HITCOUNT,CREATED) values (173,'김현지173','java002$','morning173@test.com','날씨에 대해 작성한 게시물 173','맑은 날씨와 관련한 내용물 작성','211.238.142.151',11,to_date('2021-05-02','YYYY-MM-DD'));
Insert into SCOTT.TBL_BOARD (NUM,NAME,PWD,EMAIL,SUBJECT,CONTENT,IPADDR,HITCOUNT,CREATED) values (174,'정현지174','net007$','apple174@test.com','음식에 대해 작성한 게시물 174','떡볶이와 관련한 내용물 작성','211.238.142.163',27,to_date('2021-05-03','YYYY-MM-DD'));
Insert into SCOTT.TBL_BOARD (NUM,NAME,PWD,EMAIL,SUBJECT,CONTENT,IPADDR,HITCOUNT,CREATED) values (175,'임현지175','java006$','morning175@test.com','취미에 대해 작성한 게시물 175','영화감상과 관련한 내용물 작성','211.238.142.169',11,to_date('2021-05-04','YYYY-MM-DD'));
Insert into SCOTT.TBL_BOARD (NUM,NAME,PWD,EMAIL,SUBJECT,CONTENT,IPADDR,HITCOUNT,CREATED) values (176,'김현지176','java002$','apple176@test.com','날씨에 대해 작성한 게시물 176','맑은 날씨와 관련한 내용물 작성','211.238.142.151',27,to_date('2021-05-05','YYYY-MM-DD'));
Insert into SCOTT.TBL_BOARD (NUM,NAME,PWD,EMAIL,SUBJECT,CONTENT,IPADDR,HITCOUNT,CREATED) values (177,'정현지177','net007$','test177@test.com','음식에 대해 작성한 게시물 177','떡볶이와 관련한 내용물 작성','211.238.142.163',32,to_date('2021-05-06','YYYY-MM-DD'));
Insert into SCOTT.TBL_BOARD (NUM,NAME,PWD,EMAIL,SUBJECT,CONTENT,IPADDR,HITCOUNT,CREATED) values (178,'김현지178','java002$','apple178@test.com','날씨에 대해 작성한 게시물 178','맑은 날씨와 관련한 내용물 작성','211.238.142.151',27,to_date('2021-05-07','YYYY-MM-DD'));
Insert into SCOTT.TBL_BOARD (NUM,NAME,PWD,EMAIL,SUBJECT,CONTENT,IPADDR,HITCOUNT,CREATED) values (179,'김현지179','java002$','morning179@test.com','날씨에 대해 작성한 게시물 179','맑은 날씨와 관련한 내용물 작성','211.238.142.151',11,to_date('2021-05-08','YYYY-MM-DD'));
Insert into SCOTT.TBL_BOARD (NUM,NAME,PWD,EMAIL,SUBJECT,CONTENT,IPADDR,HITCOUNT,CREATED) values (180,'임현지180','java006$','apple180@test.com','취미에 대해 작성한 게시물 180','영화감상과 관련한 내용물 작성','211.238.142.169',27,to_date('2021-05-09','YYYY-MM-DD'));
Insert into SCOTT.TBL_BOARD (NUM,NAME,PWD,EMAIL,SUBJECT,CONTENT,IPADDR,HITCOUNT,CREATED) values (181,'김현지181','java002$','morning181@test.com','날씨에 대해 작성한 게시물 181','맑은 날씨와 관련한 내용물 작성','211.238.142.151',11,to_date('2021-05-10','YYYY-MM-DD'));
Insert into SCOTT.TBL_BOARD (NUM,NAME,PWD,EMAIL,SUBJECT,CONTENT,IPADDR,HITCOUNT,CREATED) values (182,'최현지182','deep008$','apple182@test.com','운동에 대해 작성한 게시물 182','축구와 관련한 내용물 작성','211.238.142.159',27,to_date('2021-05-11','YYYY-MM-DD'));
Insert into SCOTT.TBL_BOARD (NUM,NAME,PWD,EMAIL,SUBJECT,CONTENT,IPADDR,HITCOUNT,CREATED) values (183,'정현지183','net007$','test183@test.com','음식에 대해 작성한 게시물 183','떡볶이와 관련한 내용물 작성','211.238.142.163',32,to_date('2021-05-12','YYYY-MM-DD'));
Insert into SCOTT.TBL_BOARD (NUM,NAME,PWD,EMAIL,SUBJECT,CONTENT,IPADDR,HITCOUNT,CREATED) values (184,'김현지184','java002$','apple184@test.com','날씨에 대해 작성한 게시물 184','맑은 날씨와 관련한 내용물 작성','211.238.142.151',27,to_date('2021-05-13','YYYY-MM-DD'));
Insert into SCOTT.TBL_BOARD (NUM,NAME,PWD,EMAIL,SUBJECT,CONTENT,IPADDR,HITCOUNT,CREATED) values (185,'임현지185','java006$','morning185@test.com','취미에 대해 작성한 게시물 185','영화감상과 관련한 내용물 작성','211.238.142.169',11,to_date('2021-05-14','YYYY-MM-DD'));
Insert into SCOTT.TBL_BOARD (NUM,NAME,PWD,EMAIL,SUBJECT,CONTENT,IPADDR,HITCOUNT,CREATED) values (186,'정현지186','net007$','apple186@test.com','음식에 대해 작성한 게시물 186','떡볶이와 관련한 내용물 작성','211.238.142.163',27,to_date('2021-05-15','YYYY-MM-DD'));
Insert into SCOTT.TBL_BOARD (NUM,NAME,PWD,EMAIL,SUBJECT,CONTENT,IPADDR,HITCOUNT,CREATED) values (187,'김현지187','java002$','morning187@test.com','날씨에 대해 작성한 게시물 187','맑은 날씨와 관련한 내용물 작성','211.238.142.151',11,to_date('2021-05-16','YYYY-MM-DD'));
Insert into SCOTT.TBL_BOARD (NUM,NAME,PWD,EMAIL,SUBJECT,CONTENT,IPADDR,HITCOUNT,CREATED) values (188,'김현지188','java002$','apple188@test.com','날씨에 대해 작성한 게시물 188','맑은 날씨와 관련한 내용물 작성','211.238.142.151',27,to_date('2021-05-17','YYYY-MM-DD'));
Insert into SCOTT.TBL_BOARD (NUM,NAME,PWD,EMAIL,SUBJECT,CONTENT,IPADDR,HITCOUNT,CREATED) values (189,'정현지189','net007$','test189@test.com','음식에 대해 작성한 게시물 189','떡볶이와 관련한 내용물 작성','211.238.142.163',32,to_date('2021-05-18','YYYY-MM-DD'));
Insert into SCOTT.TBL_BOARD (NUM,NAME,PWD,EMAIL,SUBJECT,CONTENT,IPADDR,HITCOUNT,CREATED) values (190,'임현지190','java006$','apple190@test.com','취미에 대해 작성한 게시물 190','영화감상과 관련한 내용물 작성','211.238.142.169',27,to_date('2021-05-19','YYYY-MM-DD'));
Insert into SCOTT.TBL_BOARD (NUM,NAME,PWD,EMAIL,SUBJECT,CONTENT,IPADDR,HITCOUNT,CREATED) values (191,'김현지191','java002$','morning191@test.com','날씨에 대해 작성한 게시물 191','맑은 날씨와 관련한 내용물 작성','211.238.142.151',11,to_date('2021-05-20','YYYY-MM-DD'));
Insert into SCOTT.TBL_BOARD (NUM,NAME,PWD,EMAIL,SUBJECT,CONTENT,IPADDR,HITCOUNT,CREATED) values (192,'정현지192','net007$','apple192@test.com','음식에 대해 작성한 게시물 192','떡볶이와 관련한 내용물 작성','211.238.142.163',27,to_date('2021-05-21','YYYY-MM-DD'));
Insert into SCOTT.TBL_BOARD (NUM,NAME,PWD,EMAIL,SUBJECT,CONTENT,IPADDR,HITCOUNT,CREATED) values (193,'김현지193','java002$','morning193@test.com','날씨에 대해 작성한 게시물 193','맑은 날씨와 관련한 내용물 작성','211.238.142.151',11,to_date('2021-05-22','YYYY-MM-DD'));
Insert into SCOTT.TBL_BOARD (NUM,NAME,PWD,EMAIL,SUBJECT,CONTENT,IPADDR,HITCOUNT,CREATED) values (194,'김현지194','java002$','apple194@test.com','날씨에 대해 작성한 게시물 194','맑은 날씨와 관련한 내용물 작성','211.238.142.151',27,to_date('2021-05-23','YYYY-MM-DD'));
Insert into SCOTT.TBL_BOARD (NUM,NAME,PWD,EMAIL,SUBJECT,CONTENT,IPADDR,HITCOUNT,CREATED) values (195,'임현지195','java006$','test195@test.com','취미에 대해 작성한 게시물 195','영화감상과 관련한 내용물 작성','211.238.142.169',32,to_date('2021-05-24','YYYY-MM-DD'));
Insert into SCOTT.TBL_BOARD (NUM,NAME,PWD,EMAIL,SUBJECT,CONTENT,IPADDR,HITCOUNT,CREATED) values (196,'최현지196','deep008$','apple196@test.com','운동에 대해 작성한 게시물 196','축구와 관련한 내용물 작성','211.238.142.159',27,to_date('2021-05-25','YYYY-MM-DD'));
Insert into SCOTT.TBL_BOARD (NUM,NAME,PWD,EMAIL,SUBJECT,CONTENT,IPADDR,HITCOUNT,CREATED) values (197,'김현지197','java002$','morning197@test.com','날씨에 대해 작성한 게시물 197','맑은 날씨와 관련한 내용물 작성','211.238.142.151',11,to_date('2021-05-26','YYYY-MM-DD'));
Insert into SCOTT.TBL_BOARD (NUM,NAME,PWD,EMAIL,SUBJECT,CONTENT,IPADDR,HITCOUNT,CREATED) values (198,'정현지198','net007$','apple198@test.com','음식에 대해 작성한 게시물 198','떡볶이와 관련한 내용물 작성','211.238.142.163',27,to_date('2021-05-27','YYYY-MM-DD'));
Insert into SCOTT.TBL_BOARD (NUM,NAME,PWD,EMAIL,SUBJECT,CONTENT,IPADDR,HITCOUNT,CREATED) values (199,'김현지199','java002$','morning199@test.com','날씨에 대해 작성한 게시물 199','맑은 날씨와 관련한 내용물 작성','211.238.142.151',11,to_date('2021-05-28','YYYY-MM-DD'));
Insert into SCOTT.TBL_BOARD (NUM,NAME,PWD,EMAIL,SUBJECT,CONTENT,IPADDR,HITCOUNT,CREATED) values (200,'임현지200','java006$','apple200@test.com','취미에 대해 작성한 게시물 200','영화감상과 관련한 내용물 작성','211.238.142.169',27,to_date('2021-05-29','YYYY-MM-DD'));
Insert into SCOTT.TBL_BOARD (NUM,NAME,PWD,EMAIL,SUBJECT,CONTENT,IPADDR,HITCOUNT,CREATED) values (201,'정현지201','net007$','test201@test.com','음식에 대해 작성한 게시물 201','떡볶이와 관련한 내용물 작성','211.238.142.163',32,to_date('2021-05-30','YYYY-MM-DD'));
Insert into SCOTT.TBL_BOARD (NUM,NAME,PWD,EMAIL,SUBJECT,CONTENT,IPADDR,HITCOUNT,CREATED) values (202,'김현지202','java002$','apple202@test.com','날씨에 대해 작성한 게시물 202','맑은 날씨와 관련한 내용물 작성','211.238.142.151',27,to_date('2021-05-31','YYYY-MM-DD'));
Insert into SCOTT.TBL_BOARD (NUM,NAME,PWD,EMAIL,SUBJECT,CONTENT,IPADDR,HITCOUNT,CREATED) values (203,'최현지203','deep008$','morning203@test.com','운동에 대해 작성한 게시물 203','축구와 관련한 내용물 작성','211.238.142.159',11,to_date('2021-06-01','YYYY-MM-DD'));
Insert into SCOTT.TBL_BOARD (NUM,NAME,PWD,EMAIL,SUBJECT,CONTENT,IPADDR,HITCOUNT,CREATED) values (204,'정현지204','net007$','apple204@test.com','음식에 대해 작성한 게시물 204','떡볶이와 관련한 내용물 작성','211.238.142.163',27,to_date('2021-06-02','YYYY-MM-DD'));
Insert into SCOTT.TBL_BOARD (NUM,NAME,PWD,EMAIL,SUBJECT,CONTENT,IPADDR,HITCOUNT,CREATED) values (205,'임현지205','java006$','morning205@test.com','취미에 대해 작성한 게시물 205','영화감상과 관련한 내용물 작성','211.238.142.169',11,to_date('2021-06-03','YYYY-MM-DD'));
Insert into SCOTT.TBL_BOARD (NUM,NAME,PWD,EMAIL,SUBJECT,CONTENT,IPADDR,HITCOUNT,CREATED) values (206,'김현지206','java002$','apple206@test.com','날씨에 대해 작성한 게시물 206','맑은 날씨와 관련한 내용물 작성','211.238.142.151',27,to_date('2021-06-04','YYYY-MM-DD'));
Insert into SCOTT.TBL_BOARD (NUM,NAME,PWD,EMAIL,SUBJECT,CONTENT,IPADDR,HITCOUNT,CREATED) values (207,'정현지207','net007$','test207@test.com','음식에 대해 작성한 게시물 207','떡볶이와 관련한 내용물 작성','211.238.142.163',32,to_date('2021-06-05','YYYY-MM-DD'));
Insert into SCOTT.TBL_BOARD (NUM,NAME,PWD,EMAIL,SUBJECT,CONTENT,IPADDR,HITCOUNT,CREATED) values (208,'김현지208','java002$','apple208@test.com','날씨에 대해 작성한 게시물 208','맑은 날씨와 관련한 내용물 작성','211.238.142.151',27,to_date('2021-06-06','YYYY-MM-DD'));
Insert into SCOTT.TBL_BOARD (NUM,NAME,PWD,EMAIL,SUBJECT,CONTENT,IPADDR,HITCOUNT,CREATED) values (209,'김현지209','java002$','morning209@test.com','날씨에 대해 작성한 게시물 209','맑은 날씨와 관련한 내용물 작성','211.238.142.151',11,to_date('2021-06-07','YYYY-MM-DD'));
Insert into SCOTT.TBL_BOARD (NUM,NAME,PWD,EMAIL,SUBJECT,CONTENT,IPADDR,HITCOUNT,CREATED) values (210,'임현지210','java006$','apple210@test.com','취미에 대해 작성한 게시물 210','영화감상과 관련한 내용물 작성','211.238.142.169',27,to_date('2021-06-08','YYYY-MM-DD'));
Insert into SCOTT.TBL_BOARD (NUM,NAME,PWD,EMAIL,SUBJECT,CONTENT,IPADDR,HITCOUNT,CREATED) values (211,'김현지211','java002$','morning211@test.com','날씨에 대해 작성한 게시물 211','맑은 날씨와 관련한 내용물 작성','211.238.142.151',11,to_date('2021-06-09','YYYY-MM-DD'));
Insert into SCOTT.TBL_BOARD (NUM,NAME,PWD,EMAIL,SUBJECT,CONTENT,IPADDR,HITCOUNT,CREATED) values (212,'김현지212','java002$','apple212@test.com','날씨에 대해 작성한 게시물 212','맑은 날씨와 관련한 내용물 작성','211.238.142.151',27,to_date('2021-06-10','YYYY-MM-DD'));
Insert into SCOTT.TBL_BOARD (NUM,NAME,PWD,EMAIL,SUBJECT,CONTENT,IPADDR,HITCOUNT,CREATED) values (213,'정현지213','net007$','test213@test.com','음식에 대해 작성한 게시물 213','떡볶이와 관련한 내용물 작성','211.238.142.163',32,to_date('2021-06-11','YYYY-MM-DD'));
Insert into SCOTT.TBL_BOARD (NUM,NAME,PWD,EMAIL,SUBJECT,CONTENT,IPADDR,HITCOUNT,CREATED) values (214,'김현지214','java002$','apple214@test.com','날씨에 대해 작성한 게시물 214','맑은 날씨와 관련한 내용물 작성','211.238.142.151',27,to_date('2021-06-12','YYYY-MM-DD'));
Insert into SCOTT.TBL_BOARD (NUM,NAME,PWD,EMAIL,SUBJECT,CONTENT,IPADDR,HITCOUNT,CREATED) values (215,'임현지215','java006$','morning215@test.com','취미에 대해 작성한 게시물 215','영화감상과 관련한 내용물 작성','211.238.142.169',11,to_date('2021-06-13','YYYY-MM-DD'));
Insert into SCOTT.TBL_BOARD (NUM,NAME,PWD,EMAIL,SUBJECT,CONTENT,IPADDR,HITCOUNT,CREATED) values (216,'정현지216','net007$','apple216@test.com','음식에 대해 작성한 게시물 216','떡볶이와 관련한 내용물 작성','211.238.142.163',27,to_date('2021-06-14','YYYY-MM-DD'));
Insert into SCOTT.TBL_BOARD (NUM,NAME,PWD,EMAIL,SUBJECT,CONTENT,IPADDR,HITCOUNT,CREATED) values (217,'최현지217','deep008$','morning217@test.com','운동에 대해 작성한 게시물 217','축구와 관련한 내용물 작성','211.238.142.159',11,to_date('2021-06-15','YYYY-MM-DD'));
Insert into SCOTT.TBL_BOARD (NUM,NAME,PWD,EMAIL,SUBJECT,CONTENT,IPADDR,HITCOUNT,CREATED) values (218,'김현지218','java002$','apple218@test.com','날씨에 대해 작성한 게시물 218','맑은 날씨와 관련한 내용물 작성','211.238.142.151',27,to_date('2021-06-16','YYYY-MM-DD'));
Insert into SCOTT.TBL_BOARD (NUM,NAME,PWD,EMAIL,SUBJECT,CONTENT,IPADDR,HITCOUNT,CREATED) values (219,'정현지219','net007$','test219@test.com','음식에 대해 작성한 게시물 219','떡볶이와 관련한 내용물 작성','211.238.142.163',32,to_date('2021-06-17','YYYY-MM-DD'));
Insert into SCOTT.TBL_BOARD (NUM,NAME,PWD,EMAIL,SUBJECT,CONTENT,IPADDR,HITCOUNT,CREATED) values (220,'임현지220','java006$','apple220@test.com','취미에 대해 작성한 게시물 220','영화감상과 관련한 내용물 작성','211.238.142.169',27,to_date('2021-06-18','YYYY-MM-DD'));
Insert into SCOTT.TBL_BOARD (NUM,NAME,PWD,EMAIL,SUBJECT,CONTENT,IPADDR,HITCOUNT,CREATED) values (221,'김현지221','java002$','morning221@test.com','날씨에 대해 작성한 게시물 221','맑은 날씨와 관련한 내용물 작성','211.238.142.151',11,to_date('2021-06-19','YYYY-MM-DD'));
Insert into SCOTT.TBL_BOARD (NUM,NAME,PWD,EMAIL,SUBJECT,CONTENT,IPADDR,HITCOUNT,CREATED) values (222,'정현지222','net007$','apple222@test.com','음식에 대해 작성한 게시물 222','떡볶이와 관련한 내용물 작성','211.238.142.163',27,to_date('2021-06-20','YYYY-MM-DD'));
Insert into SCOTT.TBL_BOARD (NUM,NAME,PWD,EMAIL,SUBJECT,CONTENT,IPADDR,HITCOUNT,CREATED) values (223,'김현지223','java002$','morning223@test.com','날씨에 대해 작성한 게시물 223','맑은 날씨와 관련한 내용물 작성','211.238.142.151',11,to_date('2021-06-21','YYYY-MM-DD'));
Insert into SCOTT.TBL_BOARD (NUM,NAME,PWD,EMAIL,SUBJECT,CONTENT,IPADDR,HITCOUNT,CREATED) values (224,'최현지224','deep008$','apple224@test.com','운동에 대해 작성한 게시물 224','축구와 관련한 내용물 작성','211.238.142.159',27,to_date('2021-06-22','YYYY-MM-DD'));
Insert into SCOTT.TBL_BOARD (NUM,NAME,PWD,EMAIL,SUBJECT,CONTENT,IPADDR,HITCOUNT,CREATED) values (225,'임현지225','java006$','test225@test.com','취미에 대해 작성한 게시물 225','영화감상과 관련한 내용물 작성','211.238.142.169',32,to_date('2021-06-23','YYYY-MM-DD'));
Insert into SCOTT.TBL_BOARD (NUM,NAME,PWD,EMAIL,SUBJECT,CONTENT,IPADDR,HITCOUNT,CREATED) values (226,'김현지226','java002$','apple226@test.com','날씨에 대해 작성한 게시물 226','맑은 날씨와 관련한 내용물 작성','211.238.142.151',27,to_date('2021-06-24','YYYY-MM-DD'));
Insert into SCOTT.TBL_BOARD (NUM,NAME,PWD,EMAIL,SUBJECT,CONTENT,IPADDR,HITCOUNT,CREATED) values (227,'김현지227','java002$','morning227@test.com','날씨에 대해 작성한 게시물 227','맑은 날씨와 관련한 내용물 작성','211.238.142.151',11,to_date('2021-06-25','YYYY-MM-DD'));
Insert into SCOTT.TBL_BOARD (NUM,NAME,PWD,EMAIL,SUBJECT,CONTENT,IPADDR,HITCOUNT,CREATED) values (228,'정현지228','net007$','apple228@test.com','음식에 대해 작성한 게시물 228','떡볶이와 관련한 내용물 작성','211.238.142.163',27,to_date('2021-06-26','YYYY-MM-DD'));
Insert into SCOTT.TBL_BOARD (NUM,NAME,PWD,EMAIL,SUBJECT,CONTENT,IPADDR,HITCOUNT,CREATED) values (2,'김현지2','java002$','apple2@test.com','날씨에 대해 작성한 게시물 2','맑은 날씨와 관련한 내용물 작성','211.238.142.151',27,to_date('2020-11-12','YYYY-MM-DD'));
Insert into SCOTT.TBL_BOARD (NUM,NAME,PWD,EMAIL,SUBJECT,CONTENT,IPADDR,HITCOUNT,CREATED) values (3,'정현지3','net007$','test3@test.com','음식에 대해 작성한 게시물 3','떡볶이와 관련한 내용물 작성','211.238.142.163',32,to_date('2020-11-13','YYYY-MM-DD'));
Insert into SCOTT.TBL_BOARD (NUM,NAME,PWD,EMAIL,SUBJECT,CONTENT,IPADDR,HITCOUNT,CREATED) values (4,'김현지4','java002$','apple4@test.com','날씨에 대해 작성한 게시물 4','맑은 날씨와 관련한 내용물 작성','211.238.142.151',27,to_date('2020-11-14','YYYY-MM-DD'));
Insert into SCOTT.TBL_BOARD (NUM,NAME,PWD,EMAIL,SUBJECT,CONTENT,IPADDR,HITCOUNT,CREATED) values (5,'임현지5','java006$','morning5@test.com','취미에 대해 작성한 게시물 5','영화감상과 관련한 내용물 작성','211.238.142.169',11,to_date('2020-11-15','YYYY-MM-DD'));
Insert into SCOTT.TBL_BOARD (NUM,NAME,PWD,EMAIL,SUBJECT,CONTENT,IPADDR,HITCOUNT,CREATED) values (6,'정현지6','net007$','apple6@test.com','음식에 대해 작성한 게시물 6','떡볶이와 관련한 내용물 작성','211.238.142.163',27,to_date('2020-11-16','YYYY-MM-DD'));
Insert into SCOTT.TBL_BOARD (NUM,NAME,PWD,EMAIL,SUBJECT,CONTENT,IPADDR,HITCOUNT,CREATED) values (7,'최현지7','deep008$','morning7@test.com','운동에 대해 작성한 게시물 7','축구와 관련한 내용물 작성','211.238.142.159',11,to_date('2020-11-17','YYYY-MM-DD'));
Insert into SCOTT.TBL_BOARD (NUM,NAME,PWD,EMAIL,SUBJECT,CONTENT,IPADDR,HITCOUNT,CREATED) values (8,'김현지8','java002$','apple8@test.com','날씨에 대해 작성한 게시물 8','맑은 날씨와 관련한 내용물 작성','211.238.142.151',27,to_date('2020-11-18','YYYY-MM-DD'));
Insert into SCOTT.TBL_BOARD (NUM,NAME,PWD,EMAIL,SUBJECT,CONTENT,IPADDR,HITCOUNT,CREATED) values (9,'정현지9','net007$','test9@test.com','음식에 대해 작성한 게시물 9','떡볶이와 관련한 내용물 작성','211.238.142.163',32,to_date('2020-11-19','YYYY-MM-DD'));
Insert into SCOTT.TBL_BOARD (NUM,NAME,PWD,EMAIL,SUBJECT,CONTENT,IPADDR,HITCOUNT,CREATED) values (10,'임현지10','java006$','apple10@test.com','취미에 대해 작성한 게시물 10','영화감상과 관련한 내용물 작성','211.238.142.169',27,to_date('2020-11-20','YYYY-MM-DD'));
Insert into SCOTT.TBL_BOARD (NUM,NAME,PWD,EMAIL,SUBJECT,CONTENT,IPADDR,HITCOUNT,CREATED) values (11,'김현지11','java002$','morning11@test.com','날씨에 대해 작성한 게시물 11','맑은 날씨와 관련한 내용물 작성','211.238.142.151',11,to_date('2020-11-21','YYYY-MM-DD'));
Insert into SCOTT.TBL_BOARD (NUM,NAME,PWD,EMAIL,SUBJECT,CONTENT,IPADDR,HITCOUNT,CREATED) values (12,'정현지12','net007$','apple12@test.com','음식에 대해 작성한 게시물 12','떡볶이와 관련한 내용물 작성','211.238.142.163',27,to_date('2020-11-22','YYYY-MM-DD'));
Insert into SCOTT.TBL_BOARD (NUM,NAME,PWD,EMAIL,SUBJECT,CONTENT,IPADDR,HITCOUNT,CREATED) values (13,'김현지13','java002$','morning13@test.com','날씨에 대해 작성한 게시물 13','맑은 날씨와 관련한 내용물 작성','211.238.142.151',11,to_date('2020-11-23','YYYY-MM-DD'));
Insert into SCOTT.TBL_BOARD (NUM,NAME,PWD,EMAIL,SUBJECT,CONTENT,IPADDR,HITCOUNT,CREATED) values (14,'최현지14','deep008$','apple14@test.com','운동에 대해 작성한 게시물 14','축구와 관련한 내용물 작성','211.238.142.159',27,to_date('2020-11-24','YYYY-MM-DD'));
Insert into SCOTT.TBL_BOARD (NUM,NAME,PWD,EMAIL,SUBJECT,CONTENT,IPADDR,HITCOUNT,CREATED) values (15,'임현지15','java006$','test15@test.com','취미에 대해 작성한 게시물 15','영화감상과 관련한 내용물 작성','211.238.142.169',32,to_date('2020-11-25','YYYY-MM-DD'));
Insert into SCOTT.TBL_BOARD (NUM,NAME,PWD,EMAIL,SUBJECT,CONTENT,IPADDR,HITCOUNT,CREATED) values (16,'김현지16','java002$','apple16@test.com','날씨에 대해 작성한 게시물 16','맑은 날씨와 관련한 내용물 작성','211.238.142.151',27,to_date('2020-11-26','YYYY-MM-DD'));
Insert into SCOTT.TBL_BOARD (NUM,NAME,PWD,EMAIL,SUBJECT,CONTENT,IPADDR,HITCOUNT,CREATED) values (17,'김현지17','java002$','morning17@test.com','날씨에 대해 작성한 게시물 17','맑은 날씨와 관련한 내용물 작성','211.238.142.151',11,to_date('2020-11-27','YYYY-MM-DD'));
Insert into SCOTT.TBL_BOARD (NUM,NAME,PWD,EMAIL,SUBJECT,CONTENT,IPADDR,HITCOUNT,CREATED) values (18,'정현지18','net007$','apple18@test.com','음식에 대해 작성한 게시물 18','떡볶이와 관련한 내용물 작성','211.238.142.163',27,to_date('2020-11-28','YYYY-MM-DD'));
Insert into SCOTT.TBL_BOARD (NUM,NAME,PWD,EMAIL,SUBJECT,CONTENT,IPADDR,HITCOUNT,CREATED) values (19,'김현지19','java002$','morning19@test.com','날씨에 대해 작성한 게시물 19','맑은 날씨와 관련한 내용물 작성','211.238.142.151',11,to_date('2020-11-29','YYYY-MM-DD'));
Insert into SCOTT.TBL_BOARD (NUM,NAME,PWD,EMAIL,SUBJECT,CONTENT,IPADDR,HITCOUNT,CREATED) values (20,'임현지20','java006$','apple20@test.com','취미에 대해 작성한 게시물 20','영화감상과 관련한 내용물 작성','211.238.142.169',27,to_date('2020-11-30','YYYY-MM-DD'));
Insert into SCOTT.TBL_BOARD (NUM,NAME,PWD,EMAIL,SUBJECT,CONTENT,IPADDR,HITCOUNT,CREATED) values (21,'정현지21','net007$','test21@test.com','음식에 대해 작성한 게시물 21','떡볶이와 관련한 내용물 작성','211.238.142.163',32,to_date('2020-12-01','YYYY-MM-DD'));
Insert into SCOTT.TBL_BOARD (NUM,NAME,PWD,EMAIL,SUBJECT,CONTENT,IPADDR,HITCOUNT,CREATED) values (22,'김현지22','java002$','apple22@test.com','날씨에 대해 작성한 게시물 22','맑은 날씨와 관련한 내용물 작성','211.238.142.151',27,to_date('2020-12-02','YYYY-MM-DD'));
Insert into SCOTT.TBL_BOARD (NUM,NAME,PWD,EMAIL,SUBJECT,CONTENT,IPADDR,HITCOUNT,CREATED) values (23,'김현지23','java002$','morning23@test.com','날씨에 대해 작성한 게시물 23','맑은 날씨와 관련한 내용물 작성','211.238.142.151',11,to_date('2020-12-03','YYYY-MM-DD'));
Insert into SCOTT.TBL_BOARD (NUM,NAME,PWD,EMAIL,SUBJECT,CONTENT,IPADDR,HITCOUNT,CREATED) values (24,'정현지24','net007$','apple24@test.com','음식에 대해 작성한 게시물 24','떡볶이와 관련한 내용물 작성','211.238.142.163',27,to_date('2020-12-04','YYYY-MM-DD'));
Insert into SCOTT.TBL_BOARD (NUM,NAME,PWD,EMAIL,SUBJECT,CONTENT,IPADDR,HITCOUNT,CREATED) values (25,'임현지25','java006$','morning25@test.com','취미에 대해 작성한 게시물 25','영화감상과 관련한 내용물 작성','211.238.142.169',11,to_date('2020-12-05','YYYY-MM-DD'));
Insert into SCOTT.TBL_BOARD (NUM,NAME,PWD,EMAIL,SUBJECT,CONTENT,IPADDR,HITCOUNT,CREATED) values (26,'김현지26','java002$','apple26@test.com','날씨에 대해 작성한 게시물 26','맑은 날씨와 관련한 내용물 작성','211.238.142.151',27,to_date('2020-12-06','YYYY-MM-DD'));
Insert into SCOTT.TBL_BOARD (NUM,NAME,PWD,EMAIL,SUBJECT,CONTENT,IPADDR,HITCOUNT,CREATED) values (27,'정현지27','net007$','test27@test.com','음식에 대해 작성한 게시물 27','떡볶이와 관련한 내용물 작성','211.238.142.163',32,to_date('2020-12-07','YYYY-MM-DD'));
Insert into SCOTT.TBL_BOARD (NUM,NAME,PWD,EMAIL,SUBJECT,CONTENT,IPADDR,HITCOUNT,CREATED) values (28,'최현지28','deep008$','apple28@test.com','운동에 대해 작성한 게시물 28','축구와 관련한 내용물 작성','211.238.142.159',27,to_date('2020-12-08','YYYY-MM-DD'));
Insert into SCOTT.TBL_BOARD (NUM,NAME,PWD,EMAIL,SUBJECT,CONTENT,IPADDR,HITCOUNT,CREATED) values (29,'김현지29','java002$','morning29@test.com','날씨에 대해 작성한 게시물 29','맑은 날씨와 관련한 내용물 작성','211.238.142.151',11,to_date('2020-12-09','YYYY-MM-DD'));
Insert into SCOTT.TBL_BOARD (NUM,NAME,PWD,EMAIL,SUBJECT,CONTENT,IPADDR,HITCOUNT,CREATED) values (30,'임현지30','java006$','apple30@test.com','취미에 대해 작성한 게시물 30','영화감상과 관련한 내용물 작성','211.238.142.169',27,to_date('2020-12-10','YYYY-MM-DD'));
Insert into SCOTT.TBL_BOARD (NUM,NAME,PWD,EMAIL,SUBJECT,CONTENT,IPADDR,HITCOUNT,CREATED) values (31,'김현지31','java002$','morning31@test.com','날씨에 대해 작성한 게시물 31','맑은 날씨와 관련한 내용물 작성','211.238.142.151',11,to_date('2020-12-11','YYYY-MM-DD'));
Insert into SCOTT.TBL_BOARD (NUM,NAME,PWD,EMAIL,SUBJECT,CONTENT,IPADDR,HITCOUNT,CREATED) values (32,'김현지32','java002$','apple32@test.com','날씨에 대해 작성한 게시물 32','맑은 날씨와 관련한 내용물 작성','211.238.142.151',27,to_date('2020-12-12','YYYY-MM-DD'));
Insert into SCOTT.TBL_BOARD (NUM,NAME,PWD,EMAIL,SUBJECT,CONTENT,IPADDR,HITCOUNT,CREATED) values (33,'정현지33','net007$','test33@test.com','음식에 대해 작성한 게시물 33','떡볶이와 관련한 내용물 작성','211.238.142.163',32,to_date('2020-12-13','YYYY-MM-DD'));
Insert into SCOTT.TBL_BOARD (NUM,NAME,PWD,EMAIL,SUBJECT,CONTENT,IPADDR,HITCOUNT,CREATED) values (34,'김현지34','java002$','apple34@test.com','날씨에 대해 작성한 게시물 34','맑은 날씨와 관련한 내용물 작성','211.238.142.151',27,to_date('2020-12-14','YYYY-MM-DD'));
Insert into SCOTT.TBL_BOARD (NUM,NAME,PWD,EMAIL,SUBJECT,CONTENT,IPADDR,HITCOUNT,CREATED) values (35,'임현지35','java006$','morning35@test.com','취미에 대해 작성한 게시물 35','영화감상과 관련한 내용물 작성','211.238.142.169',11,to_date('2020-12-15','YYYY-MM-DD'));
Insert into SCOTT.TBL_BOARD (NUM,NAME,PWD,EMAIL,SUBJECT,CONTENT,IPADDR,HITCOUNT,CREATED) values (36,'정현지36','net007$','apple36@test.com','음식에 대해 작성한 게시물 36','떡볶이와 관련한 내용물 작성','211.238.142.163',27,to_date('2020-12-16','YYYY-MM-DD'));
Insert into SCOTT.TBL_BOARD (NUM,NAME,PWD,EMAIL,SUBJECT,CONTENT,IPADDR,HITCOUNT,CREATED) values (37,'김현지37','java002$','morning37@test.com','날씨에 대해 작성한 게시물 37','맑은 날씨와 관련한 내용물 작성','211.238.142.151',11,to_date('2020-12-17','YYYY-MM-DD'));
Insert into SCOTT.TBL_BOARD (NUM,NAME,PWD,EMAIL,SUBJECT,CONTENT,IPADDR,HITCOUNT,CREATED) values (38,'김현지38','java002$','apple38@test.com','날씨에 대해 작성한 게시물 38','맑은 날씨와 관련한 내용물 작성','211.238.142.151',27,to_date('2020-12-18','YYYY-MM-DD'));
Insert into SCOTT.TBL_BOARD (NUM,NAME,PWD,EMAIL,SUBJECT,CONTENT,IPADDR,HITCOUNT,CREATED) values (39,'정현지39','net007$','test39@test.com','음식에 대해 작성한 게시물 39','떡볶이와 관련한 내용물 작성','211.238.142.163',32,to_date('2020-12-19','YYYY-MM-DD'));
Insert into SCOTT.TBL_BOARD (NUM,NAME,PWD,EMAIL,SUBJECT,CONTENT,IPADDR,HITCOUNT,CREATED) values (40,'임현지40','java006$','apple40@test.com','취미에 대해 작성한 게시물 40','영화감상과 관련한 내용물 작성','211.238.142.169',27,to_date('2020-12-20','YYYY-MM-DD'));
Insert into SCOTT.TBL_BOARD (NUM,NAME,PWD,EMAIL,SUBJECT,CONTENT,IPADDR,HITCOUNT,CREATED) values (41,'김현지41','java002$','morning41@test.com','날씨에 대해 작성한 게시물 41','맑은 날씨와 관련한 내용물 작성','211.238.142.151',11,to_date('2020-12-21','YYYY-MM-DD'));
Insert into SCOTT.TBL_BOARD (NUM,NAME,PWD,EMAIL,SUBJECT,CONTENT,IPADDR,HITCOUNT,CREATED) values (42,'정현지42','net007$','apple42@test.com','음식에 대해 작성한 게시물 42','떡볶이와 관련한 내용물 작성','211.238.142.163',27,to_date('2020-12-22','YYYY-MM-DD'));
Insert into SCOTT.TBL_BOARD (NUM,NAME,PWD,EMAIL,SUBJECT,CONTENT,IPADDR,HITCOUNT,CREATED) values (43,'김현지43','java002$','morning43@test.com','날씨에 대해 작성한 게시물 43','맑은 날씨와 관련한 내용물 작성','211.238.142.151',11,to_date('2020-12-23','YYYY-MM-DD'));
Insert into SCOTT.TBL_BOARD (NUM,NAME,PWD,EMAIL,SUBJECT,CONTENT,IPADDR,HITCOUNT,CREATED) values (44,'김현지44','java002$','apple44@test.com','날씨에 대해 작성한 게시물 44','맑은 날씨와 관련한 내용물 작성','211.238.142.151',27,to_date('2020-12-24','YYYY-MM-DD'));
Insert into SCOTT.TBL_BOARD (NUM,NAME,PWD,EMAIL,SUBJECT,CONTENT,IPADDR,HITCOUNT,CREATED) values (45,'임현지45','java006$','test45@test.com','취미에 대해 작성한 게시물 45','영화감상과 관련한 내용물 작성','211.238.142.169',32,to_date('2020-12-25','YYYY-MM-DD'));
Insert into SCOTT.TBL_BOARD (NUM,NAME,PWD,EMAIL,SUBJECT,CONTENT,IPADDR,HITCOUNT,CREATED) values (46,'김현지46','java002$','apple46@test.com','날씨에 대해 작성한 게시물 46','맑은 날씨와 관련한 내용물 작성','211.238.142.151',27,to_date('2020-12-26','YYYY-MM-DD'));
Insert into SCOTT.TBL_BOARD (NUM,NAME,PWD,EMAIL,SUBJECT,CONTENT,IPADDR,HITCOUNT,CREATED) values (47,'김현지47','java002$','morning47@test.com','날씨에 대해 작성한 게시물 47','맑은 날씨와 관련한 내용물 작성','211.238.142.151',11,to_date('2020-12-27','YYYY-MM-DD'));
Insert into SCOTT.TBL_BOARD (NUM,NAME,PWD,EMAIL,SUBJECT,CONTENT,IPADDR,HITCOUNT,CREATED) values (48,'정현지48','net007$','apple48@test.com','음식에 대해 작성한 게시물 48','떡볶이와 관련한 내용물 작성','211.238.142.163',27,to_date('2020-12-28','YYYY-MM-DD'));
Insert into SCOTT.TBL_BOARD (NUM,NAME,PWD,EMAIL,SUBJECT,CONTENT,IPADDR,HITCOUNT,CREATED) values (49,'최현지49','deep008$','morning49@test.com','운동에 대해 작성한 게시물 49','축구와 관련한 내용물 작성','211.238.142.159',11,to_date('2020-12-29','YYYY-MM-DD'));
Insert into SCOTT.TBL_BOARD (NUM,NAME,PWD,EMAIL,SUBJECT,CONTENT,IPADDR,HITCOUNT,CREATED) values (50,'임현지50','java006$','apple50@test.com','취미에 대해 작성한 게시물 50','영화감상과 관련한 내용물 작성','211.238.142.169',27,to_date('2020-12-30','YYYY-MM-DD'));
Insert into SCOTT.TBL_BOARD (NUM,NAME,PWD,EMAIL,SUBJECT,CONTENT,IPADDR,HITCOUNT,CREATED) values (51,'정현지51','net007$','test51@test.com','음식에 대해 작성한 게시물 51','떡볶이와 관련한 내용물 작성','211.238.142.163',32,to_date('2020-12-31','YYYY-MM-DD'));
Insert into SCOTT.TBL_BOARD (NUM,NAME,PWD,EMAIL,SUBJECT,CONTENT,IPADDR,HITCOUNT,CREATED) values (52,'김현지52','java002$','apple52@test.com','날씨에 대해 작성한 게시물 52','맑은 날씨와 관련한 내용물 작성','211.238.142.151',27,to_date('2021-01-01','YYYY-MM-DD'));
Insert into SCOTT.TBL_BOARD (NUM,NAME,PWD,EMAIL,SUBJECT,CONTENT,IPADDR,HITCOUNT,CREATED) values (53,'김현지53','java002$','morning53@test.com','날씨에 대해 작성한 게시물 53','맑은 날씨와 관련한 내용물 작성','211.238.142.151',11,to_date('2021-01-02','YYYY-MM-DD'));
Insert into SCOTT.TBL_BOARD (NUM,NAME,PWD,EMAIL,SUBJECT,CONTENT,IPADDR,HITCOUNT,CREATED) values (54,'정현지54','net007$','apple54@test.com','음식에 대해 작성한 게시물 54','떡볶이와 관련한 내용물 작성','211.238.142.163',27,to_date('2021-01-03','YYYY-MM-DD'));
Insert into SCOTT.TBL_BOARD (NUM,NAME,PWD,EMAIL,SUBJECT,CONTENT,IPADDR,HITCOUNT,CREATED) values (55,'임현지55','java006$','morning55@test.com','취미에 대해 작성한 게시물 55','영화감상과 관련한 내용물 작성','211.238.142.169',11,to_date('2021-01-04','YYYY-MM-DD'));
Insert into SCOTT.TBL_BOARD (NUM,NAME,PWD,EMAIL,SUBJECT,CONTENT,IPADDR,HITCOUNT,CREATED) values (56,'최현지56','deep008$','apple56@test.com','운동에 대해 작성한 게시물 56','축구와 관련한 내용물 작성','211.238.142.159',27,to_date('2021-01-05','YYYY-MM-DD'));
Insert into SCOTT.TBL_BOARD (NUM,NAME,PWD,EMAIL,SUBJECT,CONTENT,IPADDR,HITCOUNT,CREATED) values (57,'정현지57','net007$','test57@test.com','음식에 대해 작성한 게시물 57','떡볶이와 관련한 내용물 작성','211.238.142.163',32,to_date('2021-01-06','YYYY-MM-DD'));
Insert into SCOTT.TBL_BOARD (NUM,NAME,PWD,EMAIL,SUBJECT,CONTENT,IPADDR,HITCOUNT,CREATED) values (58,'김현지58','java002$','apple58@test.com','날씨에 대해 작성한 게시물 58','맑은 날씨와 관련한 내용물 작성','211.238.142.151',27,to_date('2021-01-07','YYYY-MM-DD'));
Insert into SCOTT.TBL_BOARD (NUM,NAME,PWD,EMAIL,SUBJECT,CONTENT,IPADDR,HITCOUNT,CREATED) values (59,'김현지59','java002$','morning59@test.com','날씨에 대해 작성한 게시물 59','맑은 날씨와 관련한 내용물 작성','211.238.142.151',11,to_date('2021-01-08','YYYY-MM-DD'));
Insert into SCOTT.TBL_BOARD (NUM,NAME,PWD,EMAIL,SUBJECT,CONTENT,IPADDR,HITCOUNT,CREATED) values (60,'임현지60','java006$','apple60@test.com','취미에 대해 작성한 게시물 60','영화감상과 관련한 내용물 작성','211.238.142.169',27,to_date('2021-01-09','YYYY-MM-DD'));
Insert into SCOTT.TBL_BOARD (NUM,NAME,PWD,EMAIL,SUBJECT,CONTENT,IPADDR,HITCOUNT,CREATED) values (61,'김현지61','java002$','morning61@test.com','날씨에 대해 작성한 게시물 61','맑은 날씨와 관련한 내용물 작성','211.238.142.151',11,to_date('2021-01-10','YYYY-MM-DD'));
Insert into SCOTT.TBL_BOARD (NUM,NAME,PWD,EMAIL,SUBJECT,CONTENT,IPADDR,HITCOUNT,CREATED) values (62,'김현지62','java002$','apple62@test.com','날씨에 대해 작성한 게시물 62','맑은 날씨와 관련한 내용물 작성','211.238.142.151',27,to_date('2021-01-11','YYYY-MM-DD'));
Insert into SCOTT.TBL_BOARD (NUM,NAME,PWD,EMAIL,SUBJECT,CONTENT,IPADDR,HITCOUNT,CREATED) values (63,'정현지63','net007$','test63@test.com','음식에 대해 작성한 게시물 63','떡볶이와 관련한 내용물 작성','211.238.142.163',32,to_date('2021-01-12','YYYY-MM-DD'));
Insert into SCOTT.TBL_BOARD (NUM,NAME,PWD,EMAIL,SUBJECT,CONTENT,IPADDR,HITCOUNT,CREATED) values (64,'김현지64','java002$','apple64@test.com','날씨에 대해 작성한 게시물 64','맑은 날씨와 관련한 내용물 작성','211.238.142.151',27,to_date('2021-01-13','YYYY-MM-DD'));
Insert into SCOTT.TBL_BOARD (NUM,NAME,PWD,EMAIL,SUBJECT,CONTENT,IPADDR,HITCOUNT,CREATED) values (65,'임현지65','java006$','morning65@test.com','취미에 대해 작성한 게시물 65','영화감상과 관련한 내용물 작성','211.238.142.169',11,to_date('2021-01-14','YYYY-MM-DD'));
Insert into SCOTT.TBL_BOARD (NUM,NAME,PWD,EMAIL,SUBJECT,CONTENT,IPADDR,HITCOUNT,CREATED) values (66,'정현지66','net007$','apple66@test.com','음식에 대해 작성한 게시물 66','떡볶이와 관련한 내용물 작성','211.238.142.163',27,to_date('2021-01-15','YYYY-MM-DD'));
Insert into SCOTT.TBL_BOARD (NUM,NAME,PWD,EMAIL,SUBJECT,CONTENT,IPADDR,HITCOUNT,CREATED) values (67,'김현지67','java002$','morning67@test.com','날씨에 대해 작성한 게시물 67','맑은 날씨와 관련한 내용물 작성','211.238.142.151',11,to_date('2021-01-16','YYYY-MM-DD'));
Insert into SCOTT.TBL_BOARD (NUM,NAME,PWD,EMAIL,SUBJECT,CONTENT,IPADDR,HITCOUNT,CREATED) values (68,'김현지68','java002$','apple68@test.com','날씨에 대해 작성한 게시물 68','맑은 날씨와 관련한 내용물 작성','211.238.142.151',27,to_date('2021-01-17','YYYY-MM-DD'));
Insert into SCOTT.TBL_BOARD (NUM,NAME,PWD,EMAIL,SUBJECT,CONTENT,IPADDR,HITCOUNT,CREATED) values (69,'정현지69','net007$','test69@test.com','음식에 대해 작성한 게시물 69','떡볶이와 관련한 내용물 작성','211.238.142.163',32,to_date('2021-01-18','YYYY-MM-DD'));
Insert into SCOTT.TBL_BOARD (NUM,NAME,PWD,EMAIL,SUBJECT,CONTENT,IPADDR,HITCOUNT,CREATED) values (70,'임현지70','java006$','apple70@test.com','취미에 대해 작성한 게시물 70','영화감상과 관련한 내용물 작성','211.238.142.169',27,to_date('2021-01-19','YYYY-MM-DD'));
Insert into SCOTT.TBL_BOARD (NUM,NAME,PWD,EMAIL,SUBJECT,CONTENT,IPADDR,HITCOUNT,CREATED) values (71,'김현지71','java002$','morning71@test.com','날씨에 대해 작성한 게시물 71','맑은 날씨와 관련한 내용물 작성','211.238.142.151',11,to_date('2021-01-20','YYYY-MM-DD'));
Insert into SCOTT.TBL_BOARD (NUM,NAME,PWD,EMAIL,SUBJECT,CONTENT,IPADDR,HITCOUNT,CREATED) values (72,'정현지72','net007$','apple72@test.com','음식에 대해 작성한 게시물 72','떡볶이와 관련한 내용물 작성','211.238.142.163',27,to_date('2021-01-21','YYYY-MM-DD'));
Insert into SCOTT.TBL_BOARD (NUM,NAME,PWD,EMAIL,SUBJECT,CONTENT,IPADDR,HITCOUNT,CREATED) values (73,'김현지73','java002$','morning73@test.com','날씨에 대해 작성한 게시물 73','맑은 날씨와 관련한 내용물 작성','211.238.142.151',11,to_date('2021-01-22','YYYY-MM-DD'));
Insert into SCOTT.TBL_BOARD (NUM,NAME,PWD,EMAIL,SUBJECT,CONTENT,IPADDR,HITCOUNT,CREATED) values (74,'김현지74','java002$','apple74@test.com','날씨에 대해 작성한 게시물 74','맑은 날씨와 관련한 내용물 작성','211.238.142.151',27,to_date('2021-01-23','YYYY-MM-DD'));
Insert into SCOTT.TBL_BOARD (NUM,NAME,PWD,EMAIL,SUBJECT,CONTENT,IPADDR,HITCOUNT,CREATED) values (75,'임현지75','java006$','test75@test.com','취미에 대해 작성한 게시물 75','영화감상과 관련한 내용물 작성','211.238.142.169',32,to_date('2021-01-24','YYYY-MM-DD'));
Insert into SCOTT.TBL_BOARD (NUM,NAME,PWD,EMAIL,SUBJECT,CONTENT,IPADDR,HITCOUNT,CREATED) values (76,'김현지76','java002$','apple76@test.com','날씨에 대해 작성한 게시물 76','맑은 날씨와 관련한 내용물 작성','211.238.142.151',27,to_date('2021-01-25','YYYY-MM-DD'));
Insert into SCOTT.TBL_BOARD (NUM,NAME,PWD,EMAIL,SUBJECT,CONTENT,IPADDR,HITCOUNT,CREATED) values (77,'최현지77','deep008$','morning77@test.com','운동에 대해 작성한 게시물 77','축구와 관련한 내용물 작성','211.238.142.159',11,to_date('2021-01-26','YYYY-MM-DD'));
Insert into SCOTT.TBL_BOARD (NUM,NAME,PWD,EMAIL,SUBJECT,CONTENT,IPADDR,HITCOUNT,CREATED) values (78,'정현지78','net007$','apple78@test.com','음식에 대해 작성한 게시물 78','떡볶이와 관련한 내용물 작성','211.238.142.163',27,to_date('2021-01-27','YYYY-MM-DD'));
Insert into SCOTT.TBL_BOARD (NUM,NAME,PWD,EMAIL,SUBJECT,CONTENT,IPADDR,HITCOUNT,CREATED) values (79,'김현지79','java002$','morning79@test.com','날씨에 대해 작성한 게시물 79','맑은 날씨와 관련한 내용물 작성','211.238.142.151',11,to_date('2021-01-28','YYYY-MM-DD'));
Insert into SCOTT.TBL_BOARD (NUM,NAME,PWD,EMAIL,SUBJECT,CONTENT,IPADDR,HITCOUNT,CREATED) values (80,'임현지80','java006$','apple80@test.com','취미에 대해 작성한 게시물 80','영화감상과 관련한 내용물 작성','211.238.142.169',27,to_date('2021-01-29','YYYY-MM-DD'));
Insert into SCOTT.TBL_BOARD (NUM,NAME,PWD,EMAIL,SUBJECT,CONTENT,IPADDR,HITCOUNT,CREATED) values (81,'정현지81','net007$','test81@test.com','음식에 대해 작성한 게시물 81','떡볶이와 관련한 내용물 작성','211.238.142.163',32,to_date('2021-01-30','YYYY-MM-DD'));
Insert into SCOTT.TBL_BOARD (NUM,NAME,PWD,EMAIL,SUBJECT,CONTENT,IPADDR,HITCOUNT,CREATED) values (82,'김현지82','java002$','apple82@test.com','날씨에 대해 작성한 게시물 82','맑은 날씨와 관련한 내용물 작성','211.238.142.151',27,to_date('2021-01-31','YYYY-MM-DD'));
Insert into SCOTT.TBL_BOARD (NUM,NAME,PWD,EMAIL,SUBJECT,CONTENT,IPADDR,HITCOUNT,CREATED) values (83,'김현지83','java002$','morning83@test.com','날씨에 대해 작성한 게시물 83','맑은 날씨와 관련한 내용물 작성','211.238.142.151',11,to_date('2021-02-01','YYYY-MM-DD'));
Insert into SCOTT.TBL_BOARD (NUM,NAME,PWD,EMAIL,SUBJECT,CONTENT,IPADDR,HITCOUNT,CREATED) values (84,'정현지84','net007$','apple84@test.com','음식에 대해 작성한 게시물 84','떡볶이와 관련한 내용물 작성','211.238.142.163',27,to_date('2021-02-02','YYYY-MM-DD'));
Insert into SCOTT.TBL_BOARD (NUM,NAME,PWD,EMAIL,SUBJECT,CONTENT,IPADDR,HITCOUNT,CREATED) values (85,'임현지85','java006$','morning85@test.com','취미에 대해 작성한 게시물 85','영화감상과 관련한 내용물 작성','211.238.142.169',11,to_date('2021-02-03','YYYY-MM-DD'));
Insert into SCOTT.TBL_BOARD (NUM,NAME,PWD,EMAIL,SUBJECT,CONTENT,IPADDR,HITCOUNT,CREATED) values (86,'김현지86','java002$','apple86@test.com','날씨에 대해 작성한 게시물 86','맑은 날씨와 관련한 내용물 작성','211.238.142.151',27,to_date('2021-02-04','YYYY-MM-DD'));
Insert into SCOTT.TBL_BOARD (NUM,NAME,PWD,EMAIL,SUBJECT,CONTENT,IPADDR,HITCOUNT,CREATED) values (87,'정현지87','net007$','test87@test.com','음식에 대해 작성한 게시물 87','떡볶이와 관련한 내용물 작성','211.238.142.163',32,to_date('2021-02-05','YYYY-MM-DD'));
Insert into SCOTT.TBL_BOARD (NUM,NAME,PWD,EMAIL,SUBJECT,CONTENT,IPADDR,HITCOUNT,CREATED) values (88,'김현지88','java002$','apple88@test.com','날씨에 대해 작성한 게시물 88','맑은 날씨와 관련한 내용물 작성','211.238.142.151',27,to_date('2021-02-06','YYYY-MM-DD'));
Insert into SCOTT.TBL_BOARD (NUM,NAME,PWD,EMAIL,SUBJECT,CONTENT,IPADDR,HITCOUNT,CREATED) values (89,'김현지89','java002$','morning89@test.com','날씨에 대해 작성한 게시물 89','맑은 날씨와 관련한 내용물 작성','211.238.142.151',11,to_date('2021-02-07','YYYY-MM-DD'));
Insert into SCOTT.TBL_BOARD (NUM,NAME,PWD,EMAIL,SUBJECT,CONTENT,IPADDR,HITCOUNT,CREATED) values (90,'임현지90','java006$','apple90@test.com','취미에 대해 작성한 게시물 90','영화감상과 관련한 내용물 작성','211.238.142.169',27,to_date('2021-02-08','YYYY-MM-DD'));
Insert into SCOTT.TBL_BOARD (NUM,NAME,PWD,EMAIL,SUBJECT,CONTENT,IPADDR,HITCOUNT,CREATED) values (91,'최현지91','deep008$','morning91@test.com','운동에 대해 작성한 게시물 91','축구와 관련한 내용물 작성','211.238.142.159',11,to_date('2021-02-09','YYYY-MM-DD'));
Insert into SCOTT.TBL_BOARD (NUM,NAME,PWD,EMAIL,SUBJECT,CONTENT,IPADDR,HITCOUNT,CREATED) values (92,'김현지92','java002$','apple92@test.com','날씨에 대해 작성한 게시물 92','맑은 날씨와 관련한 내용물 작성','211.238.142.151',27,to_date('2021-02-10','YYYY-MM-DD'));
Insert into SCOTT.TBL_BOARD (NUM,NAME,PWD,EMAIL,SUBJECT,CONTENT,IPADDR,HITCOUNT,CREATED) values (93,'정현지93','net007$','test93@test.com','음식에 대해 작성한 게시물 93','떡볶이와 관련한 내용물 작성','211.238.142.163',32,to_date('2021-02-11','YYYY-MM-DD'));
Insert into SCOTT.TBL_BOARD (NUM,NAME,PWD,EMAIL,SUBJECT,CONTENT,IPADDR,HITCOUNT,CREATED) values (409,'김현지409','java002$','morning409@test.com','날씨에 대해 작성한 게시물 409','맑은 날씨와 관련한 내용물 작성','211.238.142.151',11,to_date('2021-12-24','YYYY-MM-DD'));
Insert into SCOTT.TBL_BOARD (NUM,NAME,PWD,EMAIL,SUBJECT,CONTENT,IPADDR,HITCOUNT,CREATED) values (410,'임현지410','java006$','apple410@test.com','취미에 대해 작성한 게시물 410','영화감상과 관련한 내용물 작성','211.238.142.169',27,to_date('2021-12-25','YYYY-MM-DD'));
Insert into SCOTT.TBL_BOARD (NUM,NAME,PWD,EMAIL,SUBJECT,CONTENT,IPADDR,HITCOUNT,CREATED) values (411,'정현지411','net007$','test411@test.com','음식에 대해 작성한 게시물 411','떡볶이와 관련한 내용물 작성','211.238.142.163',32,to_date('2021-12-26','YYYY-MM-DD'));
Insert into SCOTT.TBL_BOARD (NUM,NAME,PWD,EMAIL,SUBJECT,CONTENT,IPADDR,HITCOUNT,CREATED) values (412,'김현지412','java002$','apple412@test.com','날씨에 대해 작성한 게시물 412','맑은 날씨와 관련한 내용물 작성','211.238.142.151',27,to_date('2021-12-27','YYYY-MM-DD'));
Insert into SCOTT.TBL_BOARD (NUM,NAME,PWD,EMAIL,SUBJECT,CONTENT,IPADDR,HITCOUNT,CREATED) values (413,'최현지413','deep008$','morning413@test.com','운동에 대해 작성한 게시물 413','축구와 관련한 내용물 작성','211.238.142.159',11,to_date('2021-12-28','YYYY-MM-DD'));
Insert into SCOTT.TBL_BOARD (NUM,NAME,PWD,EMAIL,SUBJECT,CONTENT,IPADDR,HITCOUNT,CREATED) values (414,'정현지414','net007$','apple414@test.com','음식에 대해 작성한 게시물 414','떡볶이와 관련한 내용물 작성','211.238.142.163',27,to_date('2021-12-29','YYYY-MM-DD'));
Insert into SCOTT.TBL_BOARD (NUM,NAME,PWD,EMAIL,SUBJECT,CONTENT,IPADDR,HITCOUNT,CREATED) values (415,'임현지415','java006$','morning415@test.com','취미에 대해 작성한 게시물 415','영화감상과 관련한 내용물 작성','211.238.142.169',11,to_date('2021-12-30','YYYY-MM-DD'));
Insert into SCOTT.TBL_BOARD (NUM,NAME,PWD,EMAIL,SUBJECT,CONTENT,IPADDR,HITCOUNT,CREATED) values (416,'김현지416','java002$','apple416@test.com','날씨에 대해 작성한 게시물 416','맑은 날씨와 관련한 내용물 작성','211.238.142.151',27,to_date('2021-12-31','YYYY-MM-DD'));
Insert into SCOTT.TBL_BOARD (NUM,NAME,PWD,EMAIL,SUBJECT,CONTENT,IPADDR,HITCOUNT,CREATED) values (417,'정현지417','net007$','test417@test.com','음식에 대해 작성한 게시물 417','떡볶이와 관련한 내용물 작성','211.238.142.163',32,to_date('2022-01-01','YYYY-MM-DD'));
Insert into SCOTT.TBL_BOARD (NUM,NAME,PWD,EMAIL,SUBJECT,CONTENT,IPADDR,HITCOUNT,CREATED) values (418,'김현지418','java002$','apple418@test.com','날씨에 대해 작성한 게시물 418','맑은 날씨와 관련한 내용물 작성','211.238.142.151',27,to_date('2022-01-02','YYYY-MM-DD'));
Insert into SCOTT.TBL_BOARD (NUM,NAME,PWD,EMAIL,SUBJECT,CONTENT,IPADDR,HITCOUNT,CREATED) values (419,'김현지419','java002$','morning419@test.com','날씨에 대해 작성한 게시물 419','맑은 날씨와 관련한 내용물 작성','211.238.142.151',11,to_date('2022-01-03','YYYY-MM-DD'));
Insert into SCOTT.TBL_BOARD (NUM,NAME,PWD,EMAIL,SUBJECT,CONTENT,IPADDR,HITCOUNT,CREATED) values (420,'임현지420','java006$','apple420@test.com','취미에 대해 작성한 게시물 420','영화감상과 관련한 내용물 작성','211.238.142.169',27,to_date('2022-01-04','YYYY-MM-DD'));
Insert into SCOTT.TBL_BOARD (NUM,NAME,PWD,EMAIL,SUBJECT,CONTENT,IPADDR,HITCOUNT,CREATED) values (421,'김현지421','java002$','morning421@test.com','날씨에 대해 작성한 게시물 421','맑은 날씨와 관련한 내용물 작성','211.238.142.151',11,to_date('2022-01-05','YYYY-MM-DD'));
Insert into SCOTT.TBL_BOARD (NUM,NAME,PWD,EMAIL,SUBJECT,CONTENT,IPADDR,HITCOUNT,CREATED) values (422,'김현지422','java002$','apple422@test.com','날씨에 대해 작성한 게시물 422','맑은 날씨와 관련한 내용물 작성','211.238.142.151',27,to_date('2022-01-06','YYYY-MM-DD'));
Insert into SCOTT.TBL_BOARD (NUM,NAME,PWD,EMAIL,SUBJECT,CONTENT,IPADDR,HITCOUNT,CREATED) values (423,'정현지423','net007$','test423@test.com','음식에 대해 작성한 게시물 423','떡볶이와 관련한 내용물 작성','211.238.142.163',32,to_date('2022-01-07','YYYY-MM-DD'));
Insert into SCOTT.TBL_BOARD (NUM,NAME,PWD,EMAIL,SUBJECT,CONTENT,IPADDR,HITCOUNT,CREATED) values (424,'김현지424','java002$','apple424@test.com','날씨에 대해 작성한 게시물 424','맑은 날씨와 관련한 내용물 작성','211.238.142.151',27,to_date('2022-01-08','YYYY-MM-DD'));
Insert into SCOTT.TBL_BOARD (NUM,NAME,PWD,EMAIL,SUBJECT,CONTENT,IPADDR,HITCOUNT,CREATED) values (425,'임현지425','java006$','morning425@test.com','취미에 대해 작성한 게시물 425','영화감상과 관련한 내용물 작성','211.238.142.169',11,to_date('2022-01-09','YYYY-MM-DD'));
Insert into SCOTT.TBL_BOARD (NUM,NAME,PWD,EMAIL,SUBJECT,CONTENT,IPADDR,HITCOUNT,CREATED) values (426,'정현지426','net007$','apple426@test.com','음식에 대해 작성한 게시물 426','떡볶이와 관련한 내용물 작성','211.238.142.163',27,to_date('2022-01-10','YYYY-MM-DD'));
Insert into SCOTT.TBL_BOARD (NUM,NAME,PWD,EMAIL,SUBJECT,CONTENT,IPADDR,HITCOUNT,CREATED) values (427,'최현지427','deep008$','morning427@test.com','운동에 대해 작성한 게시물 427','축구와 관련한 내용물 작성','211.238.142.159',11,to_date('2022-01-11','YYYY-MM-DD'));
Insert into SCOTT.TBL_BOARD (NUM,NAME,PWD,EMAIL,SUBJECT,CONTENT,IPADDR,HITCOUNT,CREATED) values (428,'김현지428','java002$','apple428@test.com','날씨에 대해 작성한 게시물 428','맑은 날씨와 관련한 내용물 작성','211.238.142.151',27,to_date('2022-01-12','YYYY-MM-DD'));
Insert into SCOTT.TBL_BOARD (NUM,NAME,PWD,EMAIL,SUBJECT,CONTENT,IPADDR,HITCOUNT,CREATED) values (429,'정현지429','net007$','test429@test.com','음식에 대해 작성한 게시물 429','떡볶이와 관련한 내용물 작성','211.238.142.163',32,to_date('2022-01-13','YYYY-MM-DD'));
Insert into SCOTT.TBL_BOARD (NUM,NAME,PWD,EMAIL,SUBJECT,CONTENT,IPADDR,HITCOUNT,CREATED) values (430,'임현지430','java006$','apple430@test.com','취미에 대해 작성한 게시물 430','영화감상과 관련한 내용물 작성','211.238.142.169',27,to_date('2022-01-14','YYYY-MM-DD'));
Insert into SCOTT.TBL_BOARD (NUM,NAME,PWD,EMAIL,SUBJECT,CONTENT,IPADDR,HITCOUNT,CREATED) values (431,'김현지431','java002$','morning431@test.com','날씨에 대해 작성한 게시물 431','맑은 날씨와 관련한 내용물 작성','211.238.142.151',11,to_date('2022-01-15','YYYY-MM-DD'));
Insert into SCOTT.TBL_BOARD (NUM,NAME,PWD,EMAIL,SUBJECT,CONTENT,IPADDR,HITCOUNT,CREATED) values (432,'정현지432','net007$','apple432@test.com','음식에 대해 작성한 게시물 432','떡볶이와 관련한 내용물 작성','211.238.142.163',27,to_date('2022-01-16','YYYY-MM-DD'));
Insert into SCOTT.TBL_BOARD (NUM,NAME,PWD,EMAIL,SUBJECT,CONTENT,IPADDR,HITCOUNT,CREATED) values (433,'김현지433','java002$','morning433@test.com','날씨에 대해 작성한 게시물 433','맑은 날씨와 관련한 내용물 작성','211.238.142.151',11,to_date('2022-01-17','YYYY-MM-DD'));
Insert into SCOTT.TBL_BOARD (NUM,NAME,PWD,EMAIL,SUBJECT,CONTENT,IPADDR,HITCOUNT,CREATED) values (434,'최현지434','deep008$','apple434@test.com','운동에 대해 작성한 게시물 434','축구와 관련한 내용물 작성','211.238.142.159',27,to_date('2022-01-18','YYYY-MM-DD'));
Insert into SCOTT.TBL_BOARD (NUM,NAME,PWD,EMAIL,SUBJECT,CONTENT,IPADDR,HITCOUNT,CREATED) values (435,'임현지435','java006$','test435@test.com','취미에 대해 작성한 게시물 435','영화감상과 관련한 내용물 작성','211.238.142.169',32,to_date('2022-01-19','YYYY-MM-DD'));
Insert into SCOTT.TBL_BOARD (NUM,NAME,PWD,EMAIL,SUBJECT,CONTENT,IPADDR,HITCOUNT,CREATED) values (436,'김현지436','java002$','apple436@test.com','날씨에 대해 작성한 게시물 436','맑은 날씨와 관련한 내용물 작성','211.238.142.151',27,to_date('2022-01-20','YYYY-MM-DD'));
Insert into SCOTT.TBL_BOARD (NUM,NAME,PWD,EMAIL,SUBJECT,CONTENT,IPADDR,HITCOUNT,CREATED) values (437,'김현지437','java002$','morning437@test.com','날씨에 대해 작성한 게시물 437','맑은 날씨와 관련한 내용물 작성','211.238.142.151',11,to_date('2022-01-21','YYYY-MM-DD'));
Insert into SCOTT.TBL_BOARD (NUM,NAME,PWD,EMAIL,SUBJECT,CONTENT,IPADDR,HITCOUNT,CREATED) values (438,'정현지438','net007$','apple438@test.com','음식에 대해 작성한 게시물 438','떡볶이와 관련한 내용물 작성','211.238.142.163',27,to_date('2022-01-22','YYYY-MM-DD'));
Insert into SCOTT.TBL_BOARD (NUM,NAME,PWD,EMAIL,SUBJECT,CONTENT,IPADDR,HITCOUNT,CREATED) values (439,'김현지439','java002$','morning439@test.com','날씨에 대해 작성한 게시물 439','맑은 날씨와 관련한 내용물 작성','211.238.142.151',11,to_date('2022-01-23','YYYY-MM-DD'));
Insert into SCOTT.TBL_BOARD (NUM,NAME,PWD,EMAIL,SUBJECT,CONTENT,IPADDR,HITCOUNT,CREATED) values (440,'임현지440','java006$','apple440@test.com','취미에 대해 작성한 게시물 440','영화감상과 관련한 내용물 작성','211.238.142.169',27,to_date('2022-01-24','YYYY-MM-DD'));
Insert into SCOTT.TBL_BOARD (NUM,NAME,PWD,EMAIL,SUBJECT,CONTENT,IPADDR,HITCOUNT,CREATED) values (441,'정현지441','net007$','test441@test.com','음식에 대해 작성한 게시물 441','떡볶이와 관련한 내용물 작성','211.238.142.163',32,to_date('2022-01-25','YYYY-MM-DD'));
Insert into SCOTT.TBL_BOARD (NUM,NAME,PWD,EMAIL,SUBJECT,CONTENT,IPADDR,HITCOUNT,CREATED) values (442,'김현지442','java002$','apple442@test.com','날씨에 대해 작성한 게시물 442','맑은 날씨와 관련한 내용물 작성','211.238.142.151',27,to_date('2022-01-26','YYYY-MM-DD'));
Insert into SCOTT.TBL_BOARD (NUM,NAME,PWD,EMAIL,SUBJECT,CONTENT,IPADDR,HITCOUNT,CREATED) values (443,'김현지443','java002$','morning443@test.com','날씨에 대해 작성한 게시물 443','맑은 날씨와 관련한 내용물 작성','211.238.142.151',11,to_date('2022-01-27','YYYY-MM-DD'));
Insert into SCOTT.TBL_BOARD (NUM,NAME,PWD,EMAIL,SUBJECT,CONTENT,IPADDR,HITCOUNT,CREATED) values (444,'정현지444','net007$','apple444@test.com','음식에 대해 작성한 게시물 444','떡볶이와 관련한 내용물 작성','211.238.142.163',27,to_date('2022-01-28','YYYY-MM-DD'));
Insert into SCOTT.TBL_BOARD (NUM,NAME,PWD,EMAIL,SUBJECT,CONTENT,IPADDR,HITCOUNT,CREATED) values (445,'임현지445','java006$','morning445@test.com','취미에 대해 작성한 게시물 445','영화감상과 관련한 내용물 작성','211.238.142.169',11,to_date('2022-01-29','YYYY-MM-DD'));
Insert into SCOTT.TBL_BOARD (NUM,NAME,PWD,EMAIL,SUBJECT,CONTENT,IPADDR,HITCOUNT,CREATED) values (446,'김현지446','java002$','apple446@test.com','날씨에 대해 작성한 게시물 446','맑은 날씨와 관련한 내용물 작성','211.238.142.151',27,to_date('2022-01-30','YYYY-MM-DD'));
Insert into SCOTT.TBL_BOARD (NUM,NAME,PWD,EMAIL,SUBJECT,CONTENT,IPADDR,HITCOUNT,CREATED) values (447,'정현지447','net007$','test447@test.com','음식에 대해 작성한 게시물 447','떡볶이와 관련한 내용물 작성','211.238.142.163',32,to_date('2022-01-31','YYYY-MM-DD'));
Insert into SCOTT.TBL_BOARD (NUM,NAME,PWD,EMAIL,SUBJECT,CONTENT,IPADDR,HITCOUNT,CREATED) values (448,'최현지448','deep008$','apple448@test.com','운동에 대해 작성한 게시물 448','축구와 관련한 내용물 작성','211.238.142.159',27,to_date('2022-02-01','YYYY-MM-DD'));
Insert into SCOTT.TBL_BOARD (NUM,NAME,PWD,EMAIL,SUBJECT,CONTENT,IPADDR,HITCOUNT,CREATED) values (449,'김현지449','java002$','morning449@test.com','날씨에 대해 작성한 게시물 449','맑은 날씨와 관련한 내용물 작성','211.238.142.151',11,to_date('2022-02-02','YYYY-MM-DD'));
Insert into SCOTT.TBL_BOARD (NUM,NAME,PWD,EMAIL,SUBJECT,CONTENT,IPADDR,HITCOUNT,CREATED) values (450,'임현지450','java006$','apple450@test.com','취미에 대해 작성한 게시물 450','영화감상과 관련한 내용물 작성','211.238.142.169',27,to_date('2022-02-03','YYYY-MM-DD'));
Insert into SCOTT.TBL_BOARD (NUM,NAME,PWD,EMAIL,SUBJECT,CONTENT,IPADDR,HITCOUNT,CREATED) values (451,'김현지451','java002$','morning451@test.com','날씨에 대해 작성한 게시물 451','맑은 날씨와 관련한 내용물 작성','211.238.142.151',11,to_date('2022-02-04','YYYY-MM-DD'));
Insert into SCOTT.TBL_BOARD (NUM,NAME,PWD,EMAIL,SUBJECT,CONTENT,IPADDR,HITCOUNT,CREATED) values (452,'김현지452','java002$','apple452@test.com','날씨에 대해 작성한 게시물 452','맑은 날씨와 관련한 내용물 작성','211.238.142.151',27,to_date('2022-02-05','YYYY-MM-DD'));
Insert into SCOTT.TBL_BOARD (NUM,NAME,PWD,EMAIL,SUBJECT,CONTENT,IPADDR,HITCOUNT,CREATED) values (453,'정현지453','net007$','test453@test.com','음식에 대해 작성한 게시물 453','떡볶이와 관련한 내용물 작성','211.238.142.163',32,to_date('2022-02-06','YYYY-MM-DD'));
Insert into SCOTT.TBL_BOARD (NUM,NAME,PWD,EMAIL,SUBJECT,CONTENT,IPADDR,HITCOUNT,CREATED) values (454,'김현지454','java002$','apple454@test.com','날씨에 대해 작성한 게시물 454','맑은 날씨와 관련한 내용물 작성','211.238.142.151',27,to_date('2022-02-07','YYYY-MM-DD'));
Insert into SCOTT.TBL_BOARD (NUM,NAME,PWD,EMAIL,SUBJECT,CONTENT,IPADDR,HITCOUNT,CREATED) values (455,'임현지455','java006$','morning455@test.com','취미에 대해 작성한 게시물 455','영화감상과 관련한 내용물 작성','211.238.142.169',11,to_date('2022-02-08','YYYY-MM-DD'));
Insert into SCOTT.TBL_BOARD (NUM,NAME,PWD,EMAIL,SUBJECT,CONTENT,IPADDR,HITCOUNT,CREATED) values (456,'정현지456','net007$','apple456@test.com','음식에 대해 작성한 게시물 456','떡볶이와 관련한 내용물 작성','211.238.142.163',27,to_date('2022-02-09','YYYY-MM-DD'));
Insert into SCOTT.TBL_BOARD (NUM,NAME,PWD,EMAIL,SUBJECT,CONTENT,IPADDR,HITCOUNT,CREATED) values (457,'김현지457','java002$','morning457@test.com','날씨에 대해 작성한 게시물 457','맑은 날씨와 관련한 내용물 작성','211.238.142.151',11,to_date('2022-02-10','YYYY-MM-DD'));
Insert into SCOTT.TBL_BOARD (NUM,NAME,PWD,EMAIL,SUBJECT,CONTENT,IPADDR,HITCOUNT,CREATED) values (458,'김현지458','java002$','apple458@test.com','날씨에 대해 작성한 게시물 458','맑은 날씨와 관련한 내용물 작성','211.238.142.151',27,to_date('2022-02-11','YYYY-MM-DD'));
Insert into SCOTT.TBL_BOARD (NUM,NAME,PWD,EMAIL,SUBJECT,CONTENT,IPADDR,HITCOUNT,CREATED) values (459,'정현지459','net007$','test459@test.com','음식에 대해 작성한 게시물 459','떡볶이와 관련한 내용물 작성','211.238.142.163',32,to_date('2022-02-12','YYYY-MM-DD'));
Insert into SCOTT.TBL_BOARD (NUM,NAME,PWD,EMAIL,SUBJECT,CONTENT,IPADDR,HITCOUNT,CREATED) values (460,'임현지460','java006$','apple460@test.com','취미에 대해 작성한 게시물 460','영화감상과 관련한 내용물 작성','211.238.142.169',27,to_date('2022-02-13','YYYY-MM-DD'));
Insert into SCOTT.TBL_BOARD (NUM,NAME,PWD,EMAIL,SUBJECT,CONTENT,IPADDR,HITCOUNT,CREATED) values (461,'김현지461','java002$','morning461@test.com','날씨에 대해 작성한 게시물 461','맑은 날씨와 관련한 내용물 작성','211.238.142.151',11,to_date('2022-02-14','YYYY-MM-DD'));
Insert into SCOTT.TBL_BOARD (NUM,NAME,PWD,EMAIL,SUBJECT,CONTENT,IPADDR,HITCOUNT,CREATED) values (462,'정현지462','net007$','apple462@test.com','음식에 대해 작성한 게시물 462','떡볶이와 관련한 내용물 작성','211.238.142.163',27,to_date('2022-02-15','YYYY-MM-DD'));
Insert into SCOTT.TBL_BOARD (NUM,NAME,PWD,EMAIL,SUBJECT,CONTENT,IPADDR,HITCOUNT,CREATED) values (463,'김현지463','java002$','morning463@test.com','날씨에 대해 작성한 게시물 463','맑은 날씨와 관련한 내용물 작성','211.238.142.151',11,to_date('2022-02-16','YYYY-MM-DD'));
Insert into SCOTT.TBL_BOARD (NUM,NAME,PWD,EMAIL,SUBJECT,CONTENT,IPADDR,HITCOUNT,CREATED) values (464,'김현지464','java002$','apple464@test.com','날씨에 대해 작성한 게시물 464','맑은 날씨와 관련한 내용물 작성','211.238.142.151',27,to_date('2022-02-17','YYYY-MM-DD'));
Insert into SCOTT.TBL_BOARD (NUM,NAME,PWD,EMAIL,SUBJECT,CONTENT,IPADDR,HITCOUNT,CREATED) values (465,'임현지465','java006$','test465@test.com','취미에 대해 작성한 게시물 465','영화감상과 관련한 내용물 작성','211.238.142.169',32,to_date('2022-02-18','YYYY-MM-DD'));
Insert into SCOTT.TBL_BOARD (NUM,NAME,PWD,EMAIL,SUBJECT,CONTENT,IPADDR,HITCOUNT,CREATED) values (466,'김현지466','java002$','apple466@test.com','날씨에 대해 작성한 게시물 466','맑은 날씨와 관련한 내용물 작성','211.238.142.151',27,to_date('2022-02-19','YYYY-MM-DD'));
Insert into SCOTT.TBL_BOARD (NUM,NAME,PWD,EMAIL,SUBJECT,CONTENT,IPADDR,HITCOUNT,CREATED) values (467,'김현지467','java002$','morning467@test.com','날씨에 대해 작성한 게시물 467','맑은 날씨와 관련한 내용물 작성','211.238.142.151',11,to_date('2022-02-20','YYYY-MM-DD'));
Insert into SCOTT.TBL_BOARD (NUM,NAME,PWD,EMAIL,SUBJECT,CONTENT,IPADDR,HITCOUNT,CREATED) values (468,'정현지468','net007$','apple468@test.com','음식에 대해 작성한 게시물 468','떡볶이와 관련한 내용물 작성','211.238.142.163',27,to_date('2022-02-21','YYYY-MM-DD'));
Insert into SCOTT.TBL_BOARD (NUM,NAME,PWD,EMAIL,SUBJECT,CONTENT,IPADDR,HITCOUNT,CREATED) values (469,'최현지469','deep008$','morning469@test.com','운동에 대해 작성한 게시물 469','축구와 관련한 내용물 작성','211.238.142.159',11,to_date('2022-02-22','YYYY-MM-DD'));
Insert into SCOTT.TBL_BOARD (NUM,NAME,PWD,EMAIL,SUBJECT,CONTENT,IPADDR,HITCOUNT,CREATED) values (470,'임현지470','java006$','apple470@test.com','취미에 대해 작성한 게시물 470','영화감상과 관련한 내용물 작성','211.238.142.169',27,to_date('2022-02-23','YYYY-MM-DD'));
Insert into SCOTT.TBL_BOARD (NUM,NAME,PWD,EMAIL,SUBJECT,CONTENT,IPADDR,HITCOUNT,CREATED) values (471,'정현지471','net007$','test471@test.com','음식에 대해 작성한 게시물 471','떡볶이와 관련한 내용물 작성','211.238.142.163',32,to_date('2022-02-24','YYYY-MM-DD'));
Insert into SCOTT.TBL_BOARD (NUM,NAME,PWD,EMAIL,SUBJECT,CONTENT,IPADDR,HITCOUNT,CREATED) values (472,'김현지472','java002$','apple472@test.com','날씨에 대해 작성한 게시물 472','맑은 날씨와 관련한 내용물 작성','211.238.142.151',27,to_date('2022-02-25','YYYY-MM-DD'));
Insert into SCOTT.TBL_BOARD (NUM,NAME,PWD,EMAIL,SUBJECT,CONTENT,IPADDR,HITCOUNT,CREATED) values (473,'김현지473','java002$','morning473@test.com','날씨에 대해 작성한 게시물 473','맑은 날씨와 관련한 내용물 작성','211.238.142.151',11,to_date('2022-02-26','YYYY-MM-DD'));
Insert into SCOTT.TBL_BOARD (NUM,NAME,PWD,EMAIL,SUBJECT,CONTENT,IPADDR,HITCOUNT,CREATED) values (474,'정현지474','net007$','apple474@test.com','음식에 대해 작성한 게시물 474','떡볶이와 관련한 내용물 작성','211.238.142.163',27,to_date('2022-02-27','YYYY-MM-DD'));
Insert into SCOTT.TBL_BOARD (NUM,NAME,PWD,EMAIL,SUBJECT,CONTENT,IPADDR,HITCOUNT,CREATED) values (475,'임현지475','java006$','morning475@test.com','취미에 대해 작성한 게시물 475','영화감상과 관련한 내용물 작성','211.238.142.169',11,to_date('2022-02-28','YYYY-MM-DD'));
Insert into SCOTT.TBL_BOARD (NUM,NAME,PWD,EMAIL,SUBJECT,CONTENT,IPADDR,HITCOUNT,CREATED) values (476,'최현지476','deep008$','apple476@test.com','운동에 대해 작성한 게시물 476','축구와 관련한 내용물 작성','211.238.142.159',27,to_date('2022-03-01','YYYY-MM-DD'));
Insert into SCOTT.TBL_BOARD (NUM,NAME,PWD,EMAIL,SUBJECT,CONTENT,IPADDR,HITCOUNT,CREATED) values (477,'정현지477','net007$','test477@test.com','음식에 대해 작성한 게시물 477','떡볶이와 관련한 내용물 작성','211.238.142.163',32,to_date('2022-03-02','YYYY-MM-DD'));
Insert into SCOTT.TBL_BOARD (NUM,NAME,PWD,EMAIL,SUBJECT,CONTENT,IPADDR,HITCOUNT,CREATED) values (478,'김현지478','java002$','apple478@test.com','날씨에 대해 작성한 게시물 478','맑은 날씨와 관련한 내용물 작성','211.238.142.151',27,to_date('2022-03-03','YYYY-MM-DD'));
Insert into SCOTT.TBL_BOARD (NUM,NAME,PWD,EMAIL,SUBJECT,CONTENT,IPADDR,HITCOUNT,CREATED) values (479,'김현지479','java002$','morning479@test.com','날씨에 대해 작성한 게시물 479','맑은 날씨와 관련한 내용물 작성','211.238.142.151',11,to_date('2022-03-04','YYYY-MM-DD'));
Insert into SCOTT.TBL_BOARD (NUM,NAME,PWD,EMAIL,SUBJECT,CONTENT,IPADDR,HITCOUNT,CREATED) values (480,'임현지480','java006$','apple480@test.com','취미에 대해 작성한 게시물 480','영화감상과 관련한 내용물 작성','211.238.142.169',27,to_date('2022-03-05','YYYY-MM-DD'));
Insert into SCOTT.TBL_BOARD (NUM,NAME,PWD,EMAIL,SUBJECT,CONTENT,IPADDR,HITCOUNT,CREATED) values (481,'김현지481','java002$','morning481@test.com','날씨에 대해 작성한 게시물 481','맑은 날씨와 관련한 내용물 작성','211.238.142.151',11,to_date('2022-03-06','YYYY-MM-DD'));
Insert into SCOTT.TBL_BOARD (NUM,NAME,PWD,EMAIL,SUBJECT,CONTENT,IPADDR,HITCOUNT,CREATED) values (482,'김현지482','java002$','apple482@test.com','날씨에 대해 작성한 게시물 482','맑은 날씨와 관련한 내용물 작성','211.238.142.151',27,to_date('2022-03-07','YYYY-MM-DD'));
Insert into SCOTT.TBL_BOARD (NUM,NAME,PWD,EMAIL,SUBJECT,CONTENT,IPADDR,HITCOUNT,CREATED) values (483,'정현지483','net007$','test483@test.com','음식에 대해 작성한 게시물 483','떡볶이와 관련한 내용물 작성','211.238.142.163',32,to_date('2022-03-08','YYYY-MM-DD'));
Insert into SCOTT.TBL_BOARD (NUM,NAME,PWD,EMAIL,SUBJECT,CONTENT,IPADDR,HITCOUNT,CREATED) values (484,'김현지484','java002$','apple484@test.com','날씨에 대해 작성한 게시물 484','맑은 날씨와 관련한 내용물 작성','211.238.142.151',27,to_date('2022-03-09','YYYY-MM-DD'));
Insert into SCOTT.TBL_BOARD (NUM,NAME,PWD,EMAIL,SUBJECT,CONTENT,IPADDR,HITCOUNT,CREATED) values (485,'임현지485','java006$','morning485@test.com','취미에 대해 작성한 게시물 485','영화감상과 관련한 내용물 작성','211.238.142.169',11,to_date('2022-03-10','YYYY-MM-DD'));
Insert into SCOTT.TBL_BOARD (NUM,NAME,PWD,EMAIL,SUBJECT,CONTENT,IPADDR,HITCOUNT,CREATED) values (486,'정현지486','net007$','apple486@test.com','음식에 대해 작성한 게시물 486','떡볶이와 관련한 내용물 작성','211.238.142.163',27,to_date('2022-03-11','YYYY-MM-DD'));
Insert into SCOTT.TBL_BOARD (NUM,NAME,PWD,EMAIL,SUBJECT,CONTENT,IPADDR,HITCOUNT,CREATED) values (487,'김현지487','java002$','morning487@test.com','날씨에 대해 작성한 게시물 487','맑은 날씨와 관련한 내용물 작성','211.238.142.151',11,to_date('2022-03-12','YYYY-MM-DD'));
Insert into SCOTT.TBL_BOARD (NUM,NAME,PWD,EMAIL,SUBJECT,CONTENT,IPADDR,HITCOUNT,CREATED) values (488,'김현지488','java002$','apple488@test.com','날씨에 대해 작성한 게시물 488','맑은 날씨와 관련한 내용물 작성','211.238.142.151',27,to_date('2022-03-13','YYYY-MM-DD'));
Insert into SCOTT.TBL_BOARD (NUM,NAME,PWD,EMAIL,SUBJECT,CONTENT,IPADDR,HITCOUNT,CREATED) values (489,'정현지489','net007$','test489@test.com','음식에 대해 작성한 게시물 489','떡볶이와 관련한 내용물 작성','211.238.142.163',32,to_date('2022-03-14','YYYY-MM-DD'));
Insert into SCOTT.TBL_BOARD (NUM,NAME,PWD,EMAIL,SUBJECT,CONTENT,IPADDR,HITCOUNT,CREATED) values (490,'임현지490','java006$','apple490@test.com','취미에 대해 작성한 게시물 490','영화감상과 관련한 내용물 작성','211.238.142.169',27,to_date('2022-03-15','YYYY-MM-DD'));
Insert into SCOTT.TBL_BOARD (NUM,NAME,PWD,EMAIL,SUBJECT,CONTENT,IPADDR,HITCOUNT,CREATED) values (491,'김현지491','java002$','morning491@test.com','날씨에 대해 작성한 게시물 491','맑은 날씨와 관련한 내용물 작성','211.238.142.151',11,to_date('2022-03-16','YYYY-MM-DD'));
Insert into SCOTT.TBL_BOARD (NUM,NAME,PWD,EMAIL,SUBJECT,CONTENT,IPADDR,HITCOUNT,CREATED) values (492,'정현지492','net007$','apple492@test.com','음식에 대해 작성한 게시물 492','떡볶이와 관련한 내용물 작성','211.238.142.163',27,to_date('2022-03-17','YYYY-MM-DD'));
Insert into SCOTT.TBL_BOARD (NUM,NAME,PWD,EMAIL,SUBJECT,CONTENT,IPADDR,HITCOUNT,CREATED) values (493,'김현지493','java002$','morning493@test.com','날씨에 대해 작성한 게시물 493','맑은 날씨와 관련한 내용물 작성','211.238.142.151',11,to_date('2022-03-18','YYYY-MM-DD'));
Insert into SCOTT.TBL_BOARD (NUM,NAME,PWD,EMAIL,SUBJECT,CONTENT,IPADDR,HITCOUNT,CREATED) values (494,'김현지494','java002$','apple494@test.com','날씨에 대해 작성한 게시물 494','맑은 날씨와 관련한 내용물 작성','211.238.142.151',27,to_date('2022-03-19','YYYY-MM-DD'));
Insert into SCOTT.TBL_BOARD (NUM,NAME,PWD,EMAIL,SUBJECT,CONTENT,IPADDR,HITCOUNT,CREATED) values (495,'임현지495','java006$','test495@test.com','취미에 대해 작성한 게시물 495','영화감상과 관련한 내용물 작성','211.238.142.169',32,to_date('2022-03-20','YYYY-MM-DD'));
Insert into SCOTT.TBL_BOARD (NUM,NAME,PWD,EMAIL,SUBJECT,CONTENT,IPADDR,HITCOUNT,CREATED) values (496,'김현지496','java002$','apple496@test.com','날씨에 대해 작성한 게시물 496','맑은 날씨와 관련한 내용물 작성','211.238.142.151',27,to_date('2022-03-21','YYYY-MM-DD'));
Insert into SCOTT.TBL_BOARD (NUM,NAME,PWD,EMAIL,SUBJECT,CONTENT,IPADDR,HITCOUNT,CREATED) values (497,'최현지497','deep008$','morning497@test.com','운동에 대해 작성한 게시물 497','축구와 관련한 내용물 작성','211.238.142.159',11,to_date('2022-03-22','YYYY-MM-DD'));
Insert into SCOTT.TBL_BOARD (NUM,NAME,PWD,EMAIL,SUBJECT,CONTENT,IPADDR,HITCOUNT,CREATED) values (498,'정현지498','net007$','apple498@test.com','음식에 대해 작성한 게시물 498','떡볶이와 관련한 내용물 작성','211.238.142.163',27,to_date('2022-03-23','YYYY-MM-DD'));
Insert into SCOTT.TBL_BOARD (NUM,NAME,PWD,EMAIL,SUBJECT,CONTENT,IPADDR,HITCOUNT,CREATED) values (499,'김현지499','java002$','morning499@test.com','날씨에 대해 작성한 게시물 499','맑은 날씨와 관련한 내용물 작성','211.238.142.151',11,to_date('2022-03-24','YYYY-MM-DD'));
Insert into SCOTT.TBL_BOARD (NUM,NAME,PWD,EMAIL,SUBJECT,CONTENT,IPADDR,HITCOUNT,CREATED) values (500,'임현지500','java006$','apple500@test.com','취미에 대해 작성한 게시물 500','영화감상과 관련한 내용물 작성','211.238.142.169',27,to_date('2022-03-25','YYYY-MM-DD'));
Insert into SCOTT.TBL_BOARD (NUM,NAME,PWD,EMAIL,SUBJECT,CONTENT,IPADDR,HITCOUNT,CREATED) values (501,'정현지501','net007$','test501@test.com','음식에 대해 작성한 게시물 501','떡볶이와 관련한 내용물 작성','211.238.142.163',32,to_date('2022-03-26','YYYY-MM-DD'));
Insert into SCOTT.TBL_BOARD (NUM,NAME,PWD,EMAIL,SUBJECT,CONTENT,IPADDR,HITCOUNT,CREATED) values (502,'김현지502','java002$','apple502@test.com','날씨에 대해 작성한 게시물 502','맑은 날씨와 관련한 내용물 작성','211.238.142.151',27,to_date('2022-03-27','YYYY-MM-DD'));
Insert into SCOTT.TBL_BOARD (NUM,NAME,PWD,EMAIL,SUBJECT,CONTENT,IPADDR,HITCOUNT,CREATED) values (503,'김현지503','java002$','morning503@test.com','날씨에 대해 작성한 게시물 503','맑은 날씨와 관련한 내용물 작성','211.238.142.151',11,to_date('2022-03-28','YYYY-MM-DD'));
Insert into SCOTT.TBL_BOARD (NUM,NAME,PWD,EMAIL,SUBJECT,CONTENT,IPADDR,HITCOUNT,CREATED) values (504,'정현지504','net007$','apple504@test.com','음식에 대해 작성한 게시물 504','떡볶이와 관련한 내용물 작성','211.238.142.163',27,to_date('2022-03-29','YYYY-MM-DD'));
Insert into SCOTT.TBL_BOARD (NUM,NAME,PWD,EMAIL,SUBJECT,CONTENT,IPADDR,HITCOUNT,CREATED) values (505,'임현지505','java006$','morning505@test.com','취미에 대해 작성한 게시물 505','영화감상과 관련한 내용물 작성','211.238.142.169',11,to_date('2022-03-30','YYYY-MM-DD'));
Insert into SCOTT.TBL_BOARD (NUM,NAME,PWD,EMAIL,SUBJECT,CONTENT,IPADDR,HITCOUNT,CREATED) values (506,'김현지506','java002$','apple506@test.com','날씨에 대해 작성한 게시물 506','맑은 날씨와 관련한 내용물 작성','211.238.142.151',27,to_date('2022-03-31','YYYY-MM-DD'));
Insert into SCOTT.TBL_BOARD (NUM,NAME,PWD,EMAIL,SUBJECT,CONTENT,IPADDR,HITCOUNT,CREATED) values (507,'정현지507','net007$','test507@test.com','음식에 대해 작성한 게시물 507','떡볶이와 관련한 내용물 작성','211.238.142.163',32,to_date('2022-04-01','YYYY-MM-DD'));
Insert into SCOTT.TBL_BOARD (NUM,NAME,PWD,EMAIL,SUBJECT,CONTENT,IPADDR,HITCOUNT,CREATED) values (508,'김현지508','java002$','apple508@test.com','날씨에 대해 작성한 게시물 508','맑은 날씨와 관련한 내용물 작성','211.238.142.151',27,to_date('2022-04-02','YYYY-MM-DD'));
Insert into SCOTT.TBL_BOARD (NUM,NAME,PWD,EMAIL,SUBJECT,CONTENT,IPADDR,HITCOUNT,CREATED) values (509,'김현지509','java002$','morning509@test.com','날씨에 대해 작성한 게시물 509','맑은 날씨와 관련한 내용물 작성','211.238.142.151',11,to_date('2022-04-03','YYYY-MM-DD'));
Insert into SCOTT.TBL_BOARD (NUM,NAME,PWD,EMAIL,SUBJECT,CONTENT,IPADDR,HITCOUNT,CREATED) values (510,'임현지510','java006$','apple510@test.com','취미에 대해 작성한 게시물 510','영화감상과 관련한 내용물 작성','211.238.142.169',27,to_date('2022-04-04','YYYY-MM-DD'));
Insert into SCOTT.TBL_BOARD (NUM,NAME,PWD,EMAIL,SUBJECT,CONTENT,IPADDR,HITCOUNT,CREATED) values (511,'최현지511','deep008$','morning511@test.com','운동에 대해 작성한 게시물 511','축구와 관련한 내용물 작성','211.238.142.159',11,to_date('2022-04-05','YYYY-MM-DD'));
Insert into SCOTT.TBL_BOARD (NUM,NAME,PWD,EMAIL,SUBJECT,CONTENT,IPADDR,HITCOUNT,CREATED) values (512,'김현지512','java002$','apple512@test.com','날씨에 대해 작성한 게시물 512','맑은 날씨와 관련한 내용물 작성','211.238.142.151',27,to_date('2022-04-06','YYYY-MM-DD'));
Insert into SCOTT.TBL_BOARD (NUM,NAME,PWD,EMAIL,SUBJECT,CONTENT,IPADDR,HITCOUNT,CREATED) values (513,'정현지513','net007$','test513@test.com','음식에 대해 작성한 게시물 513','떡볶이와 관련한 내용물 작성','211.238.142.163',32,to_date('2022-04-07','YYYY-MM-DD'));
Insert into SCOTT.TBL_BOARD (NUM,NAME,PWD,EMAIL,SUBJECT,CONTENT,IPADDR,HITCOUNT,CREATED) values (514,'김현지514','java002$','apple514@test.com','날씨에 대해 작성한 게시물 514','맑은 날씨와 관련한 내용물 작성','211.238.142.151',27,to_date('2022-04-08','YYYY-MM-DD'));
Insert into SCOTT.TBL_BOARD (NUM,NAME,PWD,EMAIL,SUBJECT,CONTENT,IPADDR,HITCOUNT,CREATED) values (515,'임현지515','java006$','morning515@test.com','취미에 대해 작성한 게시물 515','영화감상과 관련한 내용물 작성','211.238.142.169',11,to_date('2022-04-09','YYYY-MM-DD'));
Insert into SCOTT.TBL_BOARD (NUM,NAME,PWD,EMAIL,SUBJECT,CONTENT,IPADDR,HITCOUNT,CREATED) values (516,'정현지516','net007$','apple516@test.com','음식에 대해 작성한 게시물 516','떡볶이와 관련한 내용물 작성','211.238.142.163',27,to_date('2022-04-10','YYYY-MM-DD'));
Insert into SCOTT.TBL_BOARD (NUM,NAME,PWD,EMAIL,SUBJECT,CONTENT,IPADDR,HITCOUNT,CREATED) values (517,'김현지517','java002$','morning517@test.com','날씨에 대해 작성한 게시물 517','맑은 날씨와 관련한 내용물 작성','211.238.142.151',11,to_date('2022-04-11','YYYY-MM-DD'));
Insert into SCOTT.TBL_BOARD (NUM,NAME,PWD,EMAIL,SUBJECT,CONTENT,IPADDR,HITCOUNT,CREATED) values (518,'최현지518','deep008$','apple518@test.com','운동에 대해 작성한 게시물 518','축구와 관련한 내용물 작성','211.238.142.159',27,to_date('2022-04-12','YYYY-MM-DD'));
Insert into SCOTT.TBL_BOARD (NUM,NAME,PWD,EMAIL,SUBJECT,CONTENT,IPADDR,HITCOUNT,CREATED) values (519,'정현지519','net007$','test519@test.com','음식에 대해 작성한 게시물 519','떡볶이와 관련한 내용물 작성','211.238.142.163',32,to_date('2022-04-13','YYYY-MM-DD'));
Insert into SCOTT.TBL_BOARD (NUM,NAME,PWD,EMAIL,SUBJECT,CONTENT,IPADDR,HITCOUNT,CREATED) values (520,'임현지520','java006$','apple520@test.com','취미에 대해 작성한 게시물 520','영화감상과 관련한 내용물 작성','211.238.142.169',27,to_date('2022-04-14','YYYY-MM-DD'));
Insert into SCOTT.TBL_BOARD (NUM,NAME,PWD,EMAIL,SUBJECT,CONTENT,IPADDR,HITCOUNT,CREATED) values (521,'김현지521','java002$','morning521@test.com','날씨에 대해 작성한 게시물 521','맑은 날씨와 관련한 내용물 작성','211.238.142.151',11,to_date('2022-04-15','YYYY-MM-DD'));
Insert into SCOTT.TBL_BOARD (NUM,NAME,PWD,EMAIL,SUBJECT,CONTENT,IPADDR,HITCOUNT,CREATED) values (522,'정현지522','net007$','apple522@test.com','음식에 대해 작성한 게시물 522','떡볶이와 관련한 내용물 작성','211.238.142.163',27,to_date('2022-04-16','YYYY-MM-DD'));
Insert into SCOTT.TBL_BOARD (NUM,NAME,PWD,EMAIL,SUBJECT,CONTENT,IPADDR,HITCOUNT,CREATED) values (523,'김현지523','java002$','morning523@test.com','날씨에 대해 작성한 게시물 523','맑은 날씨와 관련한 내용물 작성','211.238.142.151',11,to_date('2022-04-17','YYYY-MM-DD'));
Insert into SCOTT.TBL_BOARD (NUM,NAME,PWD,EMAIL,SUBJECT,CONTENT,IPADDR,HITCOUNT,CREATED) values (524,'김현지524','java002$','apple524@test.com','날씨에 대해 작성한 게시물 524','맑은 날씨와 관련한 내용물 작성','211.238.142.151',27,to_date('2022-04-18','YYYY-MM-DD'));
Insert into SCOTT.TBL_BOARD (NUM,NAME,PWD,EMAIL,SUBJECT,CONTENT,IPADDR,HITCOUNT,CREATED) values (525,'임현지525','java006$','test525@test.com','취미에 대해 작성한 게시물 525','영화감상과 관련한 내용물 작성','211.238.142.169',32,to_date('2022-04-19','YYYY-MM-DD'));
Insert into SCOTT.TBL_BOARD (NUM,NAME,PWD,EMAIL,SUBJECT,CONTENT,IPADDR,HITCOUNT,CREATED) values (526,'김현지526','java002$','apple526@test.com','날씨에 대해 작성한 게시물 526','맑은 날씨와 관련한 내용물 작성','211.238.142.151',27,to_date('2022-04-20','YYYY-MM-DD'));
Insert into SCOTT.TBL_BOARD (NUM,NAME,PWD,EMAIL,SUBJECT,CONTENT,IPADDR,HITCOUNT,CREATED) values (527,'김현지527','java002$','morning527@test.com','날씨에 대해 작성한 게시물 527','맑은 날씨와 관련한 내용물 작성','211.238.142.151',11,to_date('2022-04-21','YYYY-MM-DD'));
Insert into SCOTT.TBL_BOARD (NUM,NAME,PWD,EMAIL,SUBJECT,CONTENT,IPADDR,HITCOUNT,CREATED) values (528,'정현지528','net007$','apple528@test.com','음식에 대해 작성한 게시물 528','떡볶이와 관련한 내용물 작성','211.238.142.163',27,to_date('2022-04-22','YYYY-MM-DD'));
Insert into SCOTT.TBL_BOARD (NUM,NAME,PWD,EMAIL,SUBJECT,CONTENT,IPADDR,HITCOUNT,CREATED) values (529,'김현지529','java002$','morning529@test.com','날씨에 대해 작성한 게시물 529','맑은 날씨와 관련한 내용물 작성','211.238.142.151',11,to_date('2022-04-23','YYYY-MM-DD'));
Insert into SCOTT.TBL_BOARD (NUM,NAME,PWD,EMAIL,SUBJECT,CONTENT,IPADDR,HITCOUNT,CREATED) values (530,'임현지530','java006$','apple530@test.com','취미에 대해 작성한 게시물 530','영화감상과 관련한 내용물 작성','211.238.142.169',27,to_date('2022-04-24','YYYY-MM-DD'));
Insert into SCOTT.TBL_BOARD (NUM,NAME,PWD,EMAIL,SUBJECT,CONTENT,IPADDR,HITCOUNT,CREATED) values (531,'정현지531','net007$','test531@test.com','음식에 대해 작성한 게시물 531','떡볶이와 관련한 내용물 작성','211.238.142.163',32,to_date('2022-04-25','YYYY-MM-DD'));
Insert into SCOTT.TBL_BOARD (NUM,NAME,PWD,EMAIL,SUBJECT,CONTENT,IPADDR,HITCOUNT,CREATED) values (532,'최현지532','deep008$','apple532@test.com','운동에 대해 작성한 게시물 532','축구와 관련한 내용물 작성','211.238.142.159',27,to_date('2022-04-26','YYYY-MM-DD'));
Insert into SCOTT.TBL_BOARD (NUM,NAME,PWD,EMAIL,SUBJECT,CONTENT,IPADDR,HITCOUNT,CREATED) values (533,'김현지533','java002$','morning533@test.com','날씨에 대해 작성한 게시물 533','맑은 날씨와 관련한 내용물 작성','211.238.142.151',11,to_date('2022-04-27','YYYY-MM-DD'));
Insert into SCOTT.TBL_BOARD (NUM,NAME,PWD,EMAIL,SUBJECT,CONTENT,IPADDR,HITCOUNT,CREATED) values (534,'정현지534','net007$','apple534@test.com','음식에 대해 작성한 게시물 534','떡볶이와 관련한 내용물 작성','211.238.142.163',27,to_date('2022-04-28','YYYY-MM-DD'));
Insert into SCOTT.TBL_BOARD (NUM,NAME,PWD,EMAIL,SUBJECT,CONTENT,IPADDR,HITCOUNT,CREATED) values (535,'임현지535','java006$','morning535@test.com','취미에 대해 작성한 게시물 535','영화감상과 관련한 내용물 작성','211.238.142.169',11,to_date('2022-04-29','YYYY-MM-DD'));
Insert into SCOTT.TBL_BOARD (NUM,NAME,PWD,EMAIL,SUBJECT,CONTENT,IPADDR,HITCOUNT,CREATED) values (536,'김현지536','java002$','apple536@test.com','날씨에 대해 작성한 게시물 536','맑은 날씨와 관련한 내용물 작성','211.238.142.151',27,to_date('2022-04-30','YYYY-MM-DD'));
Insert into SCOTT.TBL_BOARD (NUM,NAME,PWD,EMAIL,SUBJECT,CONTENT,IPADDR,HITCOUNT,CREATED) values (537,'정현지537','net007$','test537@test.com','음식에 대해 작성한 게시물 537','떡볶이와 관련한 내용물 작성','211.238.142.163',32,to_date('2022-05-01','YYYY-MM-DD'));
Insert into SCOTT.TBL_BOARD (NUM,NAME,PWD,EMAIL,SUBJECT,CONTENT,IPADDR,HITCOUNT,CREATED) values (538,'김현지538','java002$','apple538@test.com','날씨에 대해 작성한 게시물 538','맑은 날씨와 관련한 내용물 작성','211.238.142.151',27,to_date('2022-05-02','YYYY-MM-DD'));
Insert into SCOTT.TBL_BOARD (NUM,NAME,PWD,EMAIL,SUBJECT,CONTENT,IPADDR,HITCOUNT,CREATED) values (539,'최현지539','deep008$','morning539@test.com','운동에 대해 작성한 게시물 539','축구와 관련한 내용물 작성','211.238.142.159',11,to_date('2022-05-03','YYYY-MM-DD'));
Insert into SCOTT.TBL_BOARD (NUM,NAME,PWD,EMAIL,SUBJECT,CONTENT,IPADDR,HITCOUNT,CREATED) values (540,'임현지540','java006$','apple540@test.com','취미에 대해 작성한 게시물 540','영화감상과 관련한 내용물 작성','211.238.142.169',27,to_date('2022-05-04','YYYY-MM-DD'));
Insert into SCOTT.TBL_BOARD (NUM,NAME,PWD,EMAIL,SUBJECT,CONTENT,IPADDR,HITCOUNT,CREATED) values (541,'김현지541','java002$','morning541@test.com','날씨에 대해 작성한 게시물 541','맑은 날씨와 관련한 내용물 작성','211.238.142.151',11,to_date('2022-05-05','YYYY-MM-DD'));
Insert into SCOTT.TBL_BOARD (NUM,NAME,PWD,EMAIL,SUBJECT,CONTENT,IPADDR,HITCOUNT,CREATED) values (542,'김현지542','java002$','apple542@test.com','날씨에 대해 작성한 게시물 542','맑은 날씨와 관련한 내용물 작성','211.238.142.151',27,to_date('2022-05-06','YYYY-MM-DD'));
Insert into SCOTT.TBL_BOARD (NUM,NAME,PWD,EMAIL,SUBJECT,CONTENT,IPADDR,HITCOUNT,CREATED) values (543,'정현지543','net007$','test543@test.com','음식에 대해 작성한 게시물 543','떡볶이와 관련한 내용물 작성','211.238.142.163',32,to_date('2022-05-07','YYYY-MM-DD'));
Insert into SCOTT.TBL_BOARD (NUM,NAME,PWD,EMAIL,SUBJECT,CONTENT,IPADDR,HITCOUNT,CREATED) values (544,'김현지544','java002$','apple544@test.com','날씨에 대해 작성한 게시물 544','맑은 날씨와 관련한 내용물 작성','211.238.142.151',27,to_date('2022-05-08','YYYY-MM-DD'));
Insert into SCOTT.TBL_BOARD (NUM,NAME,PWD,EMAIL,SUBJECT,CONTENT,IPADDR,HITCOUNT,CREATED) values (545,'임현지545','java006$','morning545@test.com','취미에 대해 작성한 게시물 545','영화감상과 관련한 내용물 작성','211.238.142.169',11,to_date('2022-05-09','YYYY-MM-DD'));
Insert into SCOTT.TBL_BOARD (NUM,NAME,PWD,EMAIL,SUBJECT,CONTENT,IPADDR,HITCOUNT,CREATED) values (546,'정현지546','net007$','apple546@test.com','음식에 대해 작성한 게시물 546','떡볶이와 관련한 내용물 작성','211.238.142.163',27,to_date('2022-05-10','YYYY-MM-DD'));
Insert into SCOTT.TBL_BOARD (NUM,NAME,PWD,EMAIL,SUBJECT,CONTENT,IPADDR,HITCOUNT,CREATED) values (547,'김현지547','java002$','morning547@test.com','날씨에 대해 작성한 게시물 547','맑은 날씨와 관련한 내용물 작성','211.238.142.151',11,to_date('2022-05-11','YYYY-MM-DD'));
Insert into SCOTT.TBL_BOARD (NUM,NAME,PWD,EMAIL,SUBJECT,CONTENT,IPADDR,HITCOUNT,CREATED) values (548,'김현지548','java002$','apple548@test.com','날씨에 대해 작성한 게시물 548','맑은 날씨와 관련한 내용물 작성','211.238.142.151',27,to_date('2022-05-12','YYYY-MM-DD'));
Insert into SCOTT.TBL_BOARD (NUM,NAME,PWD,EMAIL,SUBJECT,CONTENT,IPADDR,HITCOUNT,CREATED) values (549,'정현지549','net007$','test549@test.com','음식에 대해 작성한 게시물 549','떡볶이와 관련한 내용물 작성','211.238.142.163',32,to_date('2022-05-13','YYYY-MM-DD'));
Insert into SCOTT.TBL_BOARD (NUM,NAME,PWD,EMAIL,SUBJECT,CONTENT,IPADDR,HITCOUNT,CREATED) values (550,'임현지550','java006$','apple550@test.com','취미에 대해 작성한 게시물 550','영화감상과 관련한 내용물 작성','211.238.142.169',27,to_date('2022-05-14','YYYY-MM-DD'));
Insert into SCOTT.TBL_BOARD (NUM,NAME,PWD,EMAIL,SUBJECT,CONTENT,IPADDR,HITCOUNT,CREATED) values (551,'김현지551','java002$','morning551@test.com','날씨에 대해 작성한 게시물 551','맑은 날씨와 관련한 내용물 작성','211.238.142.151',11,to_date('2022-05-15','YYYY-MM-DD'));
Insert into SCOTT.TBL_BOARD (NUM,NAME,PWD,EMAIL,SUBJECT,CONTENT,IPADDR,HITCOUNT,CREATED) values (552,'정현지552','net007$','apple552@test.com','음식에 대해 작성한 게시물 552','떡볶이와 관련한 내용물 작성','211.238.142.163',27,to_date('2022-05-16','YYYY-MM-DD'));
Insert into SCOTT.TBL_BOARD (NUM,NAME,PWD,EMAIL,SUBJECT,CONTENT,IPADDR,HITCOUNT,CREATED) values (553,'최현지553','deep008$','morning553@test.com','운동에 대해 작성한 게시물 553','축구와 관련한 내용물 작성','211.238.142.159',11,to_date('2022-05-17','YYYY-MM-DD'));
Insert into SCOTT.TBL_BOARD (NUM,NAME,PWD,EMAIL,SUBJECT,CONTENT,IPADDR,HITCOUNT,CREATED) values (554,'김현지554','java002$','apple554@test.com','날씨에 대해 작성한 게시물 554','맑은 날씨와 관련한 내용물 작성','211.238.142.151',27,to_date('2022-05-18','YYYY-MM-DD'));
Insert into SCOTT.TBL_BOARD (NUM,NAME,PWD,EMAIL,SUBJECT,CONTENT,IPADDR,HITCOUNT,CREATED) values (555,'임현지555','java006$','test555@test.com','취미에 대해 작성한 게시물 555','영화감상과 관련한 내용물 작성','211.238.142.169',32,to_date('2022-05-19','YYYY-MM-DD'));
Insert into SCOTT.TBL_BOARD (NUM,NAME,PWD,EMAIL,SUBJECT,CONTENT,IPADDR,HITCOUNT,CREATED) values (556,'김현지556','java002$','apple556@test.com','날씨에 대해 작성한 게시물 556','맑은 날씨와 관련한 내용물 작성','211.238.142.151',27,to_date('2022-05-20','YYYY-MM-DD'));
Insert into SCOTT.TBL_BOARD (NUM,NAME,PWD,EMAIL,SUBJECT,CONTENT,IPADDR,HITCOUNT,CREATED) values (557,'김현지557','java002$','morning557@test.com','날씨에 대해 작성한 게시물 557','맑은 날씨와 관련한 내용물 작성','211.238.142.151',11,to_date('2022-05-21','YYYY-MM-DD'));
Insert into SCOTT.TBL_BOARD (NUM,NAME,PWD,EMAIL,SUBJECT,CONTENT,IPADDR,HITCOUNT,CREATED) values (558,'정현지558','net007$','apple558@test.com','음식에 대해 작성한 게시물 558','떡볶이와 관련한 내용물 작성','211.238.142.163',27,to_date('2022-05-22','YYYY-MM-DD'));
Insert into SCOTT.TBL_BOARD (NUM,NAME,PWD,EMAIL,SUBJECT,CONTENT,IPADDR,HITCOUNT,CREATED) values (559,'김현지559','java002$','morning559@test.com','날씨에 대해 작성한 게시물 559','맑은 날씨와 관련한 내용물 작성','211.238.142.151',11,to_date('2022-05-23','YYYY-MM-DD'));
Insert into SCOTT.TBL_BOARD (NUM,NAME,PWD,EMAIL,SUBJECT,CONTENT,IPADDR,HITCOUNT,CREATED) values (560,'임현지560','java006$','apple560@test.com','취미에 대해 작성한 게시물 560','영화감상과 관련한 내용물 작성','211.238.142.169',27,to_date('2022-05-24','YYYY-MM-DD'));
Insert into SCOTT.TBL_BOARD (NUM,NAME,PWD,EMAIL,SUBJECT,CONTENT,IPADDR,HITCOUNT,CREATED) values (561,'정현지561','net007$','test561@test.com','음식에 대해 작성한 게시물 561','떡볶이와 관련한 내용물 작성','211.238.142.163',32,to_date('2022-05-25','YYYY-MM-DD'));
Insert into SCOTT.TBL_BOARD (NUM,NAME,PWD,EMAIL,SUBJECT,CONTENT,IPADDR,HITCOUNT,CREATED) values (562,'김현지562','java002$','apple562@test.com','날씨에 대해 작성한 게시물 562','맑은 날씨와 관련한 내용물 작성','211.238.142.151',27,to_date('2022-05-26','YYYY-MM-DD'));
Insert into SCOTT.TBL_BOARD (NUM,NAME,PWD,EMAIL,SUBJECT,CONTENT,IPADDR,HITCOUNT,CREATED) values (563,'김현지563','java002$','morning563@test.com','날씨에 대해 작성한 게시물 563','맑은 날씨와 관련한 내용물 작성','211.238.142.151',11,to_date('2022-05-27','YYYY-MM-DD'));
Insert into SCOTT.TBL_BOARD (NUM,NAME,PWD,EMAIL,SUBJECT,CONTENT,IPADDR,HITCOUNT,CREATED) values (564,'정현지564','net007$','apple564@test.com','음식에 대해 작성한 게시물 564','떡볶이와 관련한 내용물 작성','211.238.142.163',27,to_date('2022-05-28','YYYY-MM-DD'));
Insert into SCOTT.TBL_BOARD (NUM,NAME,PWD,EMAIL,SUBJECT,CONTENT,IPADDR,HITCOUNT,CREATED) values (565,'임현지565','java006$','morning565@test.com','취미에 대해 작성한 게시물 565','영화감상과 관련한 내용물 작성','211.238.142.169',11,to_date('2022-05-29','YYYY-MM-DD'));
Insert into SCOTT.TBL_BOARD (NUM,NAME,PWD,EMAIL,SUBJECT,CONTENT,IPADDR,HITCOUNT,CREATED) values (566,'김현지566','java002$','apple566@test.com','날씨에 대해 작성한 게시물 566','맑은 날씨와 관련한 내용물 작성','211.238.142.151',27,to_date('2022-05-30','YYYY-MM-DD'));
Insert into SCOTT.TBL_BOARD (NUM,NAME,PWD,EMAIL,SUBJECT,CONTENT,IPADDR,HITCOUNT,CREATED) values (567,'정현지567','net007$','test567@test.com','음식에 대해 작성한 게시물 567','떡볶이와 관련한 내용물 작성','211.238.142.163',32,to_date('2022-05-31','YYYY-MM-DD'));
Insert into SCOTT.TBL_BOARD (NUM,NAME,PWD,EMAIL,SUBJECT,CONTENT,IPADDR,HITCOUNT,CREATED) values (568,'김현지568','java002$','apple568@test.com','날씨에 대해 작성한 게시물 568','맑은 날씨와 관련한 내용물 작성','211.238.142.151',27,to_date('2022-06-01','YYYY-MM-DD'));
Insert into SCOTT.TBL_BOARD (NUM,NAME,PWD,EMAIL,SUBJECT,CONTENT,IPADDR,HITCOUNT,CREATED) values (569,'김현지569','java002$','morning569@test.com','날씨에 대해 작성한 게시물 569','맑은 날씨와 관련한 내용물 작성','211.238.142.151',11,to_date('2022-06-02','YYYY-MM-DD'));
Insert into SCOTT.TBL_BOARD (NUM,NAME,PWD,EMAIL,SUBJECT,CONTENT,IPADDR,HITCOUNT,CREATED) values (570,'임현지570','java006$','apple570@test.com','취미에 대해 작성한 게시물 570','영화감상과 관련한 내용물 작성','211.238.142.169',27,to_date('2022-06-03','YYYY-MM-DD'));
Insert into SCOTT.TBL_BOARD (NUM,NAME,PWD,EMAIL,SUBJECT,CONTENT,IPADDR,HITCOUNT,CREATED) values (571,'김현지571','java002$','morning571@test.com','날씨에 대해 작성한 게시물 571','맑은 날씨와 관련한 내용물 작성','211.238.142.151',11,to_date('2022-06-04','YYYY-MM-DD'));
Insert into SCOTT.TBL_BOARD (NUM,NAME,PWD,EMAIL,SUBJECT,CONTENT,IPADDR,HITCOUNT,CREATED) values (572,'김현지572','java002$','apple572@test.com','날씨에 대해 작성한 게시물 572','맑은 날씨와 관련한 내용물 작성','211.238.142.151',27,to_date('2022-06-05','YYYY-MM-DD'));
Insert into SCOTT.TBL_BOARD (NUM,NAME,PWD,EMAIL,SUBJECT,CONTENT,IPADDR,HITCOUNT,CREATED) values (573,'정현지573','net007$','test573@test.com','음식에 대해 작성한 게시물 573','떡볶이와 관련한 내용물 작성','211.238.142.163',32,to_date('2022-06-06','YYYY-MM-DD'));
Insert into SCOTT.TBL_BOARD (NUM,NAME,PWD,EMAIL,SUBJECT,CONTENT,IPADDR,HITCOUNT,CREATED) values (574,'최현지574','deep008$','apple574@test.com','운동에 대해 작성한 게시물 574','축구와 관련한 내용물 작성','211.238.142.159',27,to_date('2022-06-07','YYYY-MM-DD'));
Insert into SCOTT.TBL_BOARD (NUM,NAME,PWD,EMAIL,SUBJECT,CONTENT,IPADDR,HITCOUNT,CREATED) values (575,'임현지575','java006$','morning575@test.com','취미에 대해 작성한 게시물 575','영화감상과 관련한 내용물 작성','211.238.142.169',11,to_date('2022-06-08','YYYY-MM-DD'));
Insert into SCOTT.TBL_BOARD (NUM,NAME,PWD,EMAIL,SUBJECT,CONTENT,IPADDR,HITCOUNT,CREATED) values (576,'정현지576','net007$','apple576@test.com','음식에 대해 작성한 게시물 576','떡볶이와 관련한 내용물 작성','211.238.142.163',27,to_date('2022-06-09','YYYY-MM-DD'));
Insert into SCOTT.TBL_BOARD (NUM,NAME,PWD,EMAIL,SUBJECT,CONTENT,IPADDR,HITCOUNT,CREATED) values (577,'김현지577','java002$','morning577@test.com','날씨에 대해 작성한 게시물 577','맑은 날씨와 관련한 내용물 작성','211.238.142.151',11,to_date('2022-06-10','YYYY-MM-DD'));
Insert into SCOTT.TBL_BOARD (NUM,NAME,PWD,EMAIL,SUBJECT,CONTENT,IPADDR,HITCOUNT,CREATED) values (578,'김현지578','java002$','apple578@test.com','날씨에 대해 작성한 게시물 578','맑은 날씨와 관련한 내용물 작성','211.238.142.151',27,to_date('2022-06-11','YYYY-MM-DD'));
Insert into SCOTT.TBL_BOARD (NUM,NAME,PWD,EMAIL,SUBJECT,CONTENT,IPADDR,HITCOUNT,CREATED) values (579,'정현지579','net007$','test579@test.com','음식에 대해 작성한 게시물 579','떡볶이와 관련한 내용물 작성','211.238.142.163',32,to_date('2022-06-12','YYYY-MM-DD'));
Insert into SCOTT.TBL_BOARD (NUM,NAME,PWD,EMAIL,SUBJECT,CONTENT,IPADDR,HITCOUNT,CREATED) values (580,'임현지580','java006$','apple580@test.com','취미에 대해 작성한 게시물 580','영화감상과 관련한 내용물 작성','211.238.142.169',27,to_date('2022-06-13','YYYY-MM-DD'));
Insert into SCOTT.TBL_BOARD (NUM,NAME,PWD,EMAIL,SUBJECT,CONTENT,IPADDR,HITCOUNT,CREATED) values (581,'최현지581','deep008$','morning581@test.com','운동에 대해 작성한 게시물 581','축구와 관련한 내용물 작성','211.238.142.159',11,to_date('2022-06-14','YYYY-MM-DD'));
Insert into SCOTT.TBL_BOARD (NUM,NAME,PWD,EMAIL,SUBJECT,CONTENT,IPADDR,HITCOUNT,CREATED) values (582,'정현지582','net007$','apple582@test.com','음식에 대해 작성한 게시물 582','떡볶이와 관련한 내용물 작성','211.238.142.163',27,to_date('2022-06-15','YYYY-MM-DD'));
Insert into SCOTT.TBL_BOARD (NUM,NAME,PWD,EMAIL,SUBJECT,CONTENT,IPADDR,HITCOUNT,CREATED) values (583,'김현지583','java002$','morning583@test.com','날씨에 대해 작성한 게시물 583','맑은 날씨와 관련한 내용물 작성','211.238.142.151',11,to_date('2022-06-16','YYYY-MM-DD'));
Insert into SCOTT.TBL_BOARD (NUM,NAME,PWD,EMAIL,SUBJECT,CONTENT,IPADDR,HITCOUNT,CREATED) values (584,'김현지584','java002$','apple584@test.com','날씨에 대해 작성한 게시물 584','맑은 날씨와 관련한 내용물 작성','211.238.142.151',27,to_date('2022-06-17','YYYY-MM-DD'));
Insert into SCOTT.TBL_BOARD (NUM,NAME,PWD,EMAIL,SUBJECT,CONTENT,IPADDR,HITCOUNT,CREATED) values (585,'임현지585','java006$','test585@test.com','취미에 대해 작성한 게시물 585','영화감상과 관련한 내용물 작성','211.238.142.169',32,to_date('2022-06-18','YYYY-MM-DD'));
Insert into SCOTT.TBL_BOARD (NUM,NAME,PWD,EMAIL,SUBJECT,CONTENT,IPADDR,HITCOUNT,CREATED) values (586,'김현지586','java002$','apple586@test.com','날씨에 대해 작성한 게시물 586','맑은 날씨와 관련한 내용물 작성','211.238.142.151',27,to_date('2022-06-19','YYYY-MM-DD'));
Insert into SCOTT.TBL_BOARD (NUM,NAME,PWD,EMAIL,SUBJECT,CONTENT,IPADDR,HITCOUNT,CREATED) values (587,'김현지587','java002$','morning587@test.com','날씨에 대해 작성한 게시물 587','맑은 날씨와 관련한 내용물 작성','211.238.142.151',11,to_date('2022-06-20','YYYY-MM-DD'));
Insert into SCOTT.TBL_BOARD (NUM,NAME,PWD,EMAIL,SUBJECT,CONTENT,IPADDR,HITCOUNT,CREATED) values (588,'정현지588','net007$','apple588@test.com','음식에 대해 작성한 게시물 588','떡볶이와 관련한 내용물 작성','211.238.142.163',27,to_date('2022-06-21','YYYY-MM-DD'));
Insert into SCOTT.TBL_BOARD (NUM,NAME,PWD,EMAIL,SUBJECT,CONTENT,IPADDR,HITCOUNT,CREATED) values (229,'김현지229','java002$','morning229@test.com','날씨에 대해 작성한 게시물 229','맑은 날씨와 관련한 내용물 작성','211.238.142.151',11,to_date('2021-06-27','YYYY-MM-DD'));
Insert into SCOTT.TBL_BOARD (NUM,NAME,PWD,EMAIL,SUBJECT,CONTENT,IPADDR,HITCOUNT,CREATED) values (230,'임현지230','java006$','apple230@test.com','취미에 대해 작성한 게시물 230','영화감상과 관련한 내용물 작성','211.238.142.169',27,to_date('2021-06-28','YYYY-MM-DD'));
Insert into SCOTT.TBL_BOARD (NUM,NAME,PWD,EMAIL,SUBJECT,CONTENT,IPADDR,HITCOUNT,CREATED) values (231,'정현지231','net007$','test231@test.com','음식에 대해 작성한 게시물 231','떡볶이와 관련한 내용물 작성','211.238.142.163',32,to_date('2021-06-29','YYYY-MM-DD'));
Insert into SCOTT.TBL_BOARD (NUM,NAME,PWD,EMAIL,SUBJECT,CONTENT,IPADDR,HITCOUNT,CREATED) values (232,'김현지232','java002$','apple232@test.com','날씨에 대해 작성한 게시물 232','맑은 날씨와 관련한 내용물 작성','211.238.142.151',27,to_date('2021-06-30','YYYY-MM-DD'));
Insert into SCOTT.TBL_BOARD (NUM,NAME,PWD,EMAIL,SUBJECT,CONTENT,IPADDR,HITCOUNT,CREATED) values (233,'김현지233','java002$','morning233@test.com','날씨에 대해 작성한 게시물 233','맑은 날씨와 관련한 내용물 작성','211.238.142.151',11,to_date('2021-07-01','YYYY-MM-DD'));
Insert into SCOTT.TBL_BOARD (NUM,NAME,PWD,EMAIL,SUBJECT,CONTENT,IPADDR,HITCOUNT,CREATED) values (234,'정현지234','net007$','apple234@test.com','음식에 대해 작성한 게시물 234','떡볶이와 관련한 내용물 작성','211.238.142.163',27,to_date('2021-07-02','YYYY-MM-DD'));
Insert into SCOTT.TBL_BOARD (NUM,NAME,PWD,EMAIL,SUBJECT,CONTENT,IPADDR,HITCOUNT,CREATED) values (235,'임현지235','java006$','morning235@test.com','취미에 대해 작성한 게시물 235','영화감상과 관련한 내용물 작성','211.238.142.169',11,to_date('2021-07-03','YYYY-MM-DD'));
Insert into SCOTT.TBL_BOARD (NUM,NAME,PWD,EMAIL,SUBJECT,CONTENT,IPADDR,HITCOUNT,CREATED) values (236,'김현지236','java002$','apple236@test.com','날씨에 대해 작성한 게시물 236','맑은 날씨와 관련한 내용물 작성','211.238.142.151',27,to_date('2021-07-04','YYYY-MM-DD'));
Insert into SCOTT.TBL_BOARD (NUM,NAME,PWD,EMAIL,SUBJECT,CONTENT,IPADDR,HITCOUNT,CREATED) values (237,'정현지237','net007$','test237@test.com','음식에 대해 작성한 게시물 237','떡볶이와 관련한 내용물 작성','211.238.142.163',32,to_date('2021-07-05','YYYY-MM-DD'));
Insert into SCOTT.TBL_BOARD (NUM,NAME,PWD,EMAIL,SUBJECT,CONTENT,IPADDR,HITCOUNT,CREATED) values (238,'최현지238','deep008$','apple238@test.com','운동에 대해 작성한 게시물 238','축구와 관련한 내용물 작성','211.238.142.159',27,to_date('2021-07-06','YYYY-MM-DD'));
Insert into SCOTT.TBL_BOARD (NUM,NAME,PWD,EMAIL,SUBJECT,CONTENT,IPADDR,HITCOUNT,CREATED) values (239,'김현지239','java002$','morning239@test.com','날씨에 대해 작성한 게시물 239','맑은 날씨와 관련한 내용물 작성','211.238.142.151',11,to_date('2021-07-07','YYYY-MM-DD'));
Insert into SCOTT.TBL_BOARD (NUM,NAME,PWD,EMAIL,SUBJECT,CONTENT,IPADDR,HITCOUNT,CREATED) values (240,'임현지240','java006$','apple240@test.com','취미에 대해 작성한 게시물 240','영화감상과 관련한 내용물 작성','211.238.142.169',27,to_date('2021-07-08','YYYY-MM-DD'));
Insert into SCOTT.TBL_BOARD (NUM,NAME,PWD,EMAIL,SUBJECT,CONTENT,IPADDR,HITCOUNT,CREATED) values (241,'김현지241','java002$','morning241@test.com','날씨에 대해 작성한 게시물 241','맑은 날씨와 관련한 내용물 작성','211.238.142.151',11,to_date('2021-07-09','YYYY-MM-DD'));
Insert into SCOTT.TBL_BOARD (NUM,NAME,PWD,EMAIL,SUBJECT,CONTENT,IPADDR,HITCOUNT,CREATED) values (242,'김현지242','java002$','apple242@test.com','날씨에 대해 작성한 게시물 242','맑은 날씨와 관련한 내용물 작성','211.238.142.151',27,to_date('2021-07-10','YYYY-MM-DD'));
Insert into SCOTT.TBL_BOARD (NUM,NAME,PWD,EMAIL,SUBJECT,CONTENT,IPADDR,HITCOUNT,CREATED) values (243,'정현지243','net007$','test243@test.com','음식에 대해 작성한 게시물 243','떡볶이와 관련한 내용물 작성','211.238.142.163',32,to_date('2021-07-11','YYYY-MM-DD'));
Insert into SCOTT.TBL_BOARD (NUM,NAME,PWD,EMAIL,SUBJECT,CONTENT,IPADDR,HITCOUNT,CREATED) values (244,'김현지244','java002$','apple244@test.com','날씨에 대해 작성한 게시물 244','맑은 날씨와 관련한 내용물 작성','211.238.142.151',27,to_date('2021-07-12','YYYY-MM-DD'));
Insert into SCOTT.TBL_BOARD (NUM,NAME,PWD,EMAIL,SUBJECT,CONTENT,IPADDR,HITCOUNT,CREATED) values (245,'임현지245','java006$','morning245@test.com','취미에 대해 작성한 게시물 245','영화감상과 관련한 내용물 작성','211.238.142.169',11,to_date('2021-07-13','YYYY-MM-DD'));
Insert into SCOTT.TBL_BOARD (NUM,NAME,PWD,EMAIL,SUBJECT,CONTENT,IPADDR,HITCOUNT,CREATED) values (246,'정현지246','net007$','apple246@test.com','음식에 대해 작성한 게시물 246','떡볶이와 관련한 내용물 작성','211.238.142.163',27,to_date('2021-07-14','YYYY-MM-DD'));
Insert into SCOTT.TBL_BOARD (NUM,NAME,PWD,EMAIL,SUBJECT,CONTENT,IPADDR,HITCOUNT,CREATED) values (247,'김현지247','java002$','morning247@test.com','날씨에 대해 작성한 게시물 247','맑은 날씨와 관련한 내용물 작성','211.238.142.151',11,to_date('2021-07-15','YYYY-MM-DD'));
Insert into SCOTT.TBL_BOARD (NUM,NAME,PWD,EMAIL,SUBJECT,CONTENT,IPADDR,HITCOUNT,CREATED) values (248,'김현지248','java002$','apple248@test.com','날씨에 대해 작성한 게시물 248','맑은 날씨와 관련한 내용물 작성','211.238.142.151',27,to_date('2021-07-16','YYYY-MM-DD'));
Insert into SCOTT.TBL_BOARD (NUM,NAME,PWD,EMAIL,SUBJECT,CONTENT,IPADDR,HITCOUNT,CREATED) values (249,'정현지249','net007$','test249@test.com','음식에 대해 작성한 게시물 249','떡볶이와 관련한 내용물 작성','211.238.142.163',32,to_date('2021-07-17','YYYY-MM-DD'));
Insert into SCOTT.TBL_BOARD (NUM,NAME,PWD,EMAIL,SUBJECT,CONTENT,IPADDR,HITCOUNT,CREATED) values (250,'임현지250','java006$','apple250@test.com','취미에 대해 작성한 게시물 250','영화감상과 관련한 내용물 작성','211.238.142.169',27,to_date('2021-07-18','YYYY-MM-DD'));
Insert into SCOTT.TBL_BOARD (NUM,NAME,PWD,EMAIL,SUBJECT,CONTENT,IPADDR,HITCOUNT,CREATED) values (251,'김현지251','java002$','morning251@test.com','날씨에 대해 작성한 게시물 251','맑은 날씨와 관련한 내용물 작성','211.238.142.151',11,to_date('2021-07-19','YYYY-MM-DD'));
Insert into SCOTT.TBL_BOARD (NUM,NAME,PWD,EMAIL,SUBJECT,CONTENT,IPADDR,HITCOUNT,CREATED) values (252,'정현지252','net007$','apple252@test.com','음식에 대해 작성한 게시물 252','떡볶이와 관련한 내용물 작성','211.238.142.163',27,to_date('2021-07-20','YYYY-MM-DD'));
Insert into SCOTT.TBL_BOARD (NUM,NAME,PWD,EMAIL,SUBJECT,CONTENT,IPADDR,HITCOUNT,CREATED) values (253,'김현지253','java002$','morning253@test.com','날씨에 대해 작성한 게시물 253','맑은 날씨와 관련한 내용물 작성','211.238.142.151',11,to_date('2021-07-21','YYYY-MM-DD'));
Insert into SCOTT.TBL_BOARD (NUM,NAME,PWD,EMAIL,SUBJECT,CONTENT,IPADDR,HITCOUNT,CREATED) values (254,'김현지254','java002$','apple254@test.com','날씨에 대해 작성한 게시물 254','맑은 날씨와 관련한 내용물 작성','211.238.142.151',27,to_date('2021-07-22','YYYY-MM-DD'));
Insert into SCOTT.TBL_BOARD (NUM,NAME,PWD,EMAIL,SUBJECT,CONTENT,IPADDR,HITCOUNT,CREATED) values (255,'임현지255','java006$','test255@test.com','취미에 대해 작성한 게시물 255','영화감상과 관련한 내용물 작성','211.238.142.169',32,to_date('2021-07-23','YYYY-MM-DD'));
Insert into SCOTT.TBL_BOARD (NUM,NAME,PWD,EMAIL,SUBJECT,CONTENT,IPADDR,HITCOUNT,CREATED) values (256,'김현지256','java002$','apple256@test.com','날씨에 대해 작성한 게시물 256','맑은 날씨와 관련한 내용물 작성','211.238.142.151',27,to_date('2021-07-24','YYYY-MM-DD'));
Insert into SCOTT.TBL_BOARD (NUM,NAME,PWD,EMAIL,SUBJECT,CONTENT,IPADDR,HITCOUNT,CREATED) values (257,'김현지257','java002$','morning257@test.com','날씨에 대해 작성한 게시물 257','맑은 날씨와 관련한 내용물 작성','211.238.142.151',11,to_date('2021-07-25','YYYY-MM-DD'));
Insert into SCOTT.TBL_BOARD (NUM,NAME,PWD,EMAIL,SUBJECT,CONTENT,IPADDR,HITCOUNT,CREATED) values (258,'정현지258','net007$','apple258@test.com','음식에 대해 작성한 게시물 258','떡볶이와 관련한 내용물 작성','211.238.142.163',27,to_date('2021-07-26','YYYY-MM-DD'));
Insert into SCOTT.TBL_BOARD (NUM,NAME,PWD,EMAIL,SUBJECT,CONTENT,IPADDR,HITCOUNT,CREATED) values (259,'최현지259','deep008$','morning259@test.com','운동에 대해 작성한 게시물 259','축구와 관련한 내용물 작성','211.238.142.159',11,to_date('2021-07-27','YYYY-MM-DD'));
Insert into SCOTT.TBL_BOARD (NUM,NAME,PWD,EMAIL,SUBJECT,CONTENT,IPADDR,HITCOUNT,CREATED) values (260,'임현지260','java006$','apple260@test.com','취미에 대해 작성한 게시물 260','영화감상과 관련한 내용물 작성','211.238.142.169',27,to_date('2021-07-28','YYYY-MM-DD'));
Insert into SCOTT.TBL_BOARD (NUM,NAME,PWD,EMAIL,SUBJECT,CONTENT,IPADDR,HITCOUNT,CREATED) values (261,'정현지261','net007$','test261@test.com','음식에 대해 작성한 게시물 261','떡볶이와 관련한 내용물 작성','211.238.142.163',32,to_date('2021-07-29','YYYY-MM-DD'));
Insert into SCOTT.TBL_BOARD (NUM,NAME,PWD,EMAIL,SUBJECT,CONTENT,IPADDR,HITCOUNT,CREATED) values (262,'김현지262','java002$','apple262@test.com','날씨에 대해 작성한 게시물 262','맑은 날씨와 관련한 내용물 작성','211.238.142.151',27,to_date('2021-07-30','YYYY-MM-DD'));
Insert into SCOTT.TBL_BOARD (NUM,NAME,PWD,EMAIL,SUBJECT,CONTENT,IPADDR,HITCOUNT,CREATED) values (263,'김현지263','java002$','morning263@test.com','날씨에 대해 작성한 게시물 263','맑은 날씨와 관련한 내용물 작성','211.238.142.151',11,to_date('2021-07-31','YYYY-MM-DD'));
Insert into SCOTT.TBL_BOARD (NUM,NAME,PWD,EMAIL,SUBJECT,CONTENT,IPADDR,HITCOUNT,CREATED) values (264,'정현지264','net007$','apple264@test.com','음식에 대해 작성한 게시물 264','떡볶이와 관련한 내용물 작성','211.238.142.163',27,to_date('2021-08-01','YYYY-MM-DD'));
Insert into SCOTT.TBL_BOARD (NUM,NAME,PWD,EMAIL,SUBJECT,CONTENT,IPADDR,HITCOUNT,CREATED) values (265,'임현지265','java006$','morning265@test.com','취미에 대해 작성한 게시물 265','영화감상과 관련한 내용물 작성','211.238.142.169',11,to_date('2021-08-02','YYYY-MM-DD'));
Insert into SCOTT.TBL_BOARD (NUM,NAME,PWD,EMAIL,SUBJECT,CONTENT,IPADDR,HITCOUNT,CREATED) values (266,'최현지266','deep008$','apple266@test.com','운동에 대해 작성한 게시물 266','축구와 관련한 내용물 작성','211.238.142.159',27,to_date('2021-08-03','YYYY-MM-DD'));
Insert into SCOTT.TBL_BOARD (NUM,NAME,PWD,EMAIL,SUBJECT,CONTENT,IPADDR,HITCOUNT,CREATED) values (267,'정현지267','net007$','test267@test.com','음식에 대해 작성한 게시물 267','떡볶이와 관련한 내용물 작성','211.238.142.163',32,to_date('2021-08-04','YYYY-MM-DD'));
Insert into SCOTT.TBL_BOARD (NUM,NAME,PWD,EMAIL,SUBJECT,CONTENT,IPADDR,HITCOUNT,CREATED) values (268,'김현지268','java002$','apple268@test.com','날씨에 대해 작성한 게시물 268','맑은 날씨와 관련한 내용물 작성','211.238.142.151',27,to_date('2021-08-05','YYYY-MM-DD'));
Insert into SCOTT.TBL_BOARD (NUM,NAME,PWD,EMAIL,SUBJECT,CONTENT,IPADDR,HITCOUNT,CREATED) values (269,'김현지269','java002$','morning269@test.com','날씨에 대해 작성한 게시물 269','맑은 날씨와 관련한 내용물 작성','211.238.142.151',11,to_date('2021-08-06','YYYY-MM-DD'));
Insert into SCOTT.TBL_BOARD (NUM,NAME,PWD,EMAIL,SUBJECT,CONTENT,IPADDR,HITCOUNT,CREATED) values (270,'임현지270','java006$','apple270@test.com','취미에 대해 작성한 게시물 270','영화감상과 관련한 내용물 작성','211.238.142.169',27,to_date('2021-08-07','YYYY-MM-DD'));
Insert into SCOTT.TBL_BOARD (NUM,NAME,PWD,EMAIL,SUBJECT,CONTENT,IPADDR,HITCOUNT,CREATED) values (271,'김현지271','java002$','morning271@test.com','날씨에 대해 작성한 게시물 271','맑은 날씨와 관련한 내용물 작성','211.238.142.151',11,to_date('2021-08-08','YYYY-MM-DD'));
Insert into SCOTT.TBL_BOARD (NUM,NAME,PWD,EMAIL,SUBJECT,CONTENT,IPADDR,HITCOUNT,CREATED) values (272,'김현지272','java002$','apple272@test.com','날씨에 대해 작성한 게시물 272','맑은 날씨와 관련한 내용물 작성','211.238.142.151',27,to_date('2021-08-09','YYYY-MM-DD'));
Insert into SCOTT.TBL_BOARD (NUM,NAME,PWD,EMAIL,SUBJECT,CONTENT,IPADDR,HITCOUNT,CREATED) values (273,'정현지273','net007$','test273@test.com','음식에 대해 작성한 게시물 273','떡볶이와 관련한 내용물 작성','211.238.142.163',32,to_date('2021-08-10','YYYY-MM-DD'));
Insert into SCOTT.TBL_BOARD (NUM,NAME,PWD,EMAIL,SUBJECT,CONTENT,IPADDR,HITCOUNT,CREATED) values (274,'김현지274','java002$','apple274@test.com','날씨에 대해 작성한 게시물 274','맑은 날씨와 관련한 내용물 작성','211.238.142.151',27,to_date('2021-08-11','YYYY-MM-DD'));
Insert into SCOTT.TBL_BOARD (NUM,NAME,PWD,EMAIL,SUBJECT,CONTENT,IPADDR,HITCOUNT,CREATED) values (275,'임현지275','java006$','morning275@test.com','취미에 대해 작성한 게시물 275','영화감상과 관련한 내용물 작성','211.238.142.169',11,to_date('2021-08-12','YYYY-MM-DD'));
Insert into SCOTT.TBL_BOARD (NUM,NAME,PWD,EMAIL,SUBJECT,CONTENT,IPADDR,HITCOUNT,CREATED) values (276,'정현지276','net007$','apple276@test.com','음식에 대해 작성한 게시물 276','떡볶이와 관련한 내용물 작성','211.238.142.163',27,to_date('2021-08-13','YYYY-MM-DD'));
Insert into SCOTT.TBL_BOARD (NUM,NAME,PWD,EMAIL,SUBJECT,CONTENT,IPADDR,HITCOUNT,CREATED) values (277,'김현지277','java002$','morning277@test.com','날씨에 대해 작성한 게시물 277','맑은 날씨와 관련한 내용물 작성','211.238.142.151',11,to_date('2021-08-14','YYYY-MM-DD'));
Insert into SCOTT.TBL_BOARD (NUM,NAME,PWD,EMAIL,SUBJECT,CONTENT,IPADDR,HITCOUNT,CREATED) values (278,'김현지278','java002$','apple278@test.com','날씨에 대해 작성한 게시물 278','맑은 날씨와 관련한 내용물 작성','211.238.142.151',27,to_date('2021-08-15','YYYY-MM-DD'));
Insert into SCOTT.TBL_BOARD (NUM,NAME,PWD,EMAIL,SUBJECT,CONTENT,IPADDR,HITCOUNT,CREATED) values (279,'정현지279','net007$','test279@test.com','음식에 대해 작성한 게시물 279','떡볶이와 관련한 내용물 작성','211.238.142.163',32,to_date('2021-08-16','YYYY-MM-DD'));
Insert into SCOTT.TBL_BOARD (NUM,NAME,PWD,EMAIL,SUBJECT,CONTENT,IPADDR,HITCOUNT,CREATED) values (280,'임현지280','java006$','apple280@test.com','취미에 대해 작성한 게시물 280','영화감상과 관련한 내용물 작성','211.238.142.169',27,to_date('2021-08-17','YYYY-MM-DD'));
Insert into SCOTT.TBL_BOARD (NUM,NAME,PWD,EMAIL,SUBJECT,CONTENT,IPADDR,HITCOUNT,CREATED) values (281,'김현지281','java002$','morning281@test.com','날씨에 대해 작성한 게시물 281','맑은 날씨와 관련한 내용물 작성','211.238.142.151',11,to_date('2021-08-18','YYYY-MM-DD'));
Insert into SCOTT.TBL_BOARD (NUM,NAME,PWD,EMAIL,SUBJECT,CONTENT,IPADDR,HITCOUNT,CREATED) values (282,'정현지282','net007$','apple282@test.com','음식에 대해 작성한 게시물 282','떡볶이와 관련한 내용물 작성','211.238.142.163',27,to_date('2021-08-19','YYYY-MM-DD'));
Insert into SCOTT.TBL_BOARD (NUM,NAME,PWD,EMAIL,SUBJECT,CONTENT,IPADDR,HITCOUNT,CREATED) values (283,'김현지283','java002$','morning283@test.com','날씨에 대해 작성한 게시물 283','맑은 날씨와 관련한 내용물 작성','211.238.142.151',11,to_date('2021-08-20','YYYY-MM-DD'));
Insert into SCOTT.TBL_BOARD (NUM,NAME,PWD,EMAIL,SUBJECT,CONTENT,IPADDR,HITCOUNT,CREATED) values (284,'김현지284','java002$','apple284@test.com','날씨에 대해 작성한 게시물 284','맑은 날씨와 관련한 내용물 작성','211.238.142.151',27,to_date('2021-08-21','YYYY-MM-DD'));
Insert into SCOTT.TBL_BOARD (NUM,NAME,PWD,EMAIL,SUBJECT,CONTENT,IPADDR,HITCOUNT,CREATED) values (285,'임현지285','java006$','test285@test.com','취미에 대해 작성한 게시물 285','영화감상과 관련한 내용물 작성','211.238.142.169',32,to_date('2021-08-22','YYYY-MM-DD'));
Insert into SCOTT.TBL_BOARD (NUM,NAME,PWD,EMAIL,SUBJECT,CONTENT,IPADDR,HITCOUNT,CREATED) values (286,'김현지286','java002$','apple286@test.com','날씨에 대해 작성한 게시물 286','맑은 날씨와 관련한 내용물 작성','211.238.142.151',27,to_date('2021-08-23','YYYY-MM-DD'));
Insert into SCOTT.TBL_BOARD (NUM,NAME,PWD,EMAIL,SUBJECT,CONTENT,IPADDR,HITCOUNT,CREATED) values (287,'최현지287','deep008$','morning287@test.com','운동에 대해 작성한 게시물 287','축구와 관련한 내용물 작성','211.238.142.159',11,to_date('2021-08-24','YYYY-MM-DD'));
Insert into SCOTT.TBL_BOARD (NUM,NAME,PWD,EMAIL,SUBJECT,CONTENT,IPADDR,HITCOUNT,CREATED) values (288,'정현지288','net007$','apple288@test.com','음식에 대해 작성한 게시물 288','떡볶이와 관련한 내용물 작성','211.238.142.163',27,to_date('2021-08-25','YYYY-MM-DD'));
Insert into SCOTT.TBL_BOARD (NUM,NAME,PWD,EMAIL,SUBJECT,CONTENT,IPADDR,HITCOUNT,CREATED) values (289,'김현지289','java002$','morning289@test.com','날씨에 대해 작성한 게시물 289','맑은 날씨와 관련한 내용물 작성','211.238.142.151',11,to_date('2021-08-26','YYYY-MM-DD'));
Insert into SCOTT.TBL_BOARD (NUM,NAME,PWD,EMAIL,SUBJECT,CONTENT,IPADDR,HITCOUNT,CREATED) values (290,'임현지290','java006$','apple290@test.com','취미에 대해 작성한 게시물 290','영화감상과 관련한 내용물 작성','211.238.142.169',27,to_date('2021-08-27','YYYY-MM-DD'));
Insert into SCOTT.TBL_BOARD (NUM,NAME,PWD,EMAIL,SUBJECT,CONTENT,IPADDR,HITCOUNT,CREATED) values (291,'정현지291','net007$','test291@test.com','음식에 대해 작성한 게시물 291','떡볶이와 관련한 내용물 작성','211.238.142.163',32,to_date('2021-08-28','YYYY-MM-DD'));
Insert into SCOTT.TBL_BOARD (NUM,NAME,PWD,EMAIL,SUBJECT,CONTENT,IPADDR,HITCOUNT,CREATED) values (292,'김현지292','java002$','apple292@test.com','날씨에 대해 작성한 게시물 292','맑은 날씨와 관련한 내용물 작성','211.238.142.151',27,to_date('2021-08-29','YYYY-MM-DD'));
Insert into SCOTT.TBL_BOARD (NUM,NAME,PWD,EMAIL,SUBJECT,CONTENT,IPADDR,HITCOUNT,CREATED) values (293,'김현지293','java002$','morning293@test.com','날씨에 대해 작성한 게시물 293','맑은 날씨와 관련한 내용물 작성','211.238.142.151',11,to_date('2021-08-30','YYYY-MM-DD'));
Insert into SCOTT.TBL_BOARD (NUM,NAME,PWD,EMAIL,SUBJECT,CONTENT,IPADDR,HITCOUNT,CREATED) values (294,'정현지294','net007$','apple294@test.com','음식에 대해 작성한 게시물 294','떡볶이와 관련한 내용물 작성','211.238.142.163',27,to_date('2021-08-31','YYYY-MM-DD'));
Insert into SCOTT.TBL_BOARD (NUM,NAME,PWD,EMAIL,SUBJECT,CONTENT,IPADDR,HITCOUNT,CREATED) values (295,'임현지295','java006$','morning295@test.com','취미에 대해 작성한 게시물 295','영화감상과 관련한 내용물 작성','211.238.142.169',11,to_date('2021-09-01','YYYY-MM-DD'));
Insert into SCOTT.TBL_BOARD (NUM,NAME,PWD,EMAIL,SUBJECT,CONTENT,IPADDR,HITCOUNT,CREATED) values (296,'김현지296','java002$','apple296@test.com','날씨에 대해 작성한 게시물 296','맑은 날씨와 관련한 내용물 작성','211.238.142.151',27,to_date('2021-09-02','YYYY-MM-DD'));
Insert into SCOTT.TBL_BOARD (NUM,NAME,PWD,EMAIL,SUBJECT,CONTENT,IPADDR,HITCOUNT,CREATED) values (297,'정현지297','net007$','test297@test.com','음식에 대해 작성한 게시물 297','떡볶이와 관련한 내용물 작성','211.238.142.163',32,to_date('2021-09-03','YYYY-MM-DD'));
Insert into SCOTT.TBL_BOARD (NUM,NAME,PWD,EMAIL,SUBJECT,CONTENT,IPADDR,HITCOUNT,CREATED) values (298,'김현지298','java002$','apple298@test.com','날씨에 대해 작성한 게시물 298','맑은 날씨와 관련한 내용물 작성','211.238.142.151',27,to_date('2021-09-04','YYYY-MM-DD'));
Insert into SCOTT.TBL_BOARD (NUM,NAME,PWD,EMAIL,SUBJECT,CONTENT,IPADDR,HITCOUNT,CREATED) values (299,'김현지299','java002$','morning299@test.com','날씨에 대해 작성한 게시물 299','맑은 날씨와 관련한 내용물 작성','211.238.142.151',11,to_date('2021-09-05','YYYY-MM-DD'));
Insert into SCOTT.TBL_BOARD (NUM,NAME,PWD,EMAIL,SUBJECT,CONTENT,IPADDR,HITCOUNT,CREATED) values (300,'임현지300','java006$','apple300@test.com','취미에 대해 작성한 게시물 300','영화감상과 관련한 내용물 작성','211.238.142.169',27,to_date('2021-09-06','YYYY-MM-DD'));
Insert into SCOTT.TBL_BOARD (NUM,NAME,PWD,EMAIL,SUBJECT,CONTENT,IPADDR,HITCOUNT,CREATED) values (301,'최현지301','deep008$','morning301@test.com','운동에 대해 작성한 게시물 301','축구와 관련한 내용물 작성','211.238.142.159',11,to_date('2021-09-07','YYYY-MM-DD'));
Insert into SCOTT.TBL_BOARD (NUM,NAME,PWD,EMAIL,SUBJECT,CONTENT,IPADDR,HITCOUNT,CREATED) values (302,'김현지302','java002$','apple302@test.com','날씨에 대해 작성한 게시물 302','맑은 날씨와 관련한 내용물 작성','211.238.142.151',27,to_date('2021-09-08','YYYY-MM-DD'));
Insert into SCOTT.TBL_BOARD (NUM,NAME,PWD,EMAIL,SUBJECT,CONTENT,IPADDR,HITCOUNT,CREATED) values (303,'정현지303','net007$','test303@test.com','음식에 대해 작성한 게시물 303','떡볶이와 관련한 내용물 작성','211.238.142.163',32,to_date('2021-09-09','YYYY-MM-DD'));
Insert into SCOTT.TBL_BOARD (NUM,NAME,PWD,EMAIL,SUBJECT,CONTENT,IPADDR,HITCOUNT,CREATED) values (304,'김현지304','java002$','apple304@test.com','날씨에 대해 작성한 게시물 304','맑은 날씨와 관련한 내용물 작성','211.238.142.151',27,to_date('2021-09-10','YYYY-MM-DD'));
Insert into SCOTT.TBL_BOARD (NUM,NAME,PWD,EMAIL,SUBJECT,CONTENT,IPADDR,HITCOUNT,CREATED) values (305,'임현지305','java006$','morning305@test.com','취미에 대해 작성한 게시물 305','영화감상과 관련한 내용물 작성','211.238.142.169',11,to_date('2021-09-11','YYYY-MM-DD'));
Insert into SCOTT.TBL_BOARD (NUM,NAME,PWD,EMAIL,SUBJECT,CONTENT,IPADDR,HITCOUNT,CREATED) values (306,'정현지306','net007$','apple306@test.com','음식에 대해 작성한 게시물 306','떡볶이와 관련한 내용물 작성','211.238.142.163',27,to_date('2021-09-12','YYYY-MM-DD'));
Insert into SCOTT.TBL_BOARD (NUM,NAME,PWD,EMAIL,SUBJECT,CONTENT,IPADDR,HITCOUNT,CREATED) values (307,'김현지307','java002$','morning307@test.com','날씨에 대해 작성한 게시물 307','맑은 날씨와 관련한 내용물 작성','211.238.142.151',11,to_date('2021-09-13','YYYY-MM-DD'));
Insert into SCOTT.TBL_BOARD (NUM,NAME,PWD,EMAIL,SUBJECT,CONTENT,IPADDR,HITCOUNT,CREATED) values (308,'최현지308','deep008$','apple308@test.com','운동에 대해 작성한 게시물 308','축구와 관련한 내용물 작성','211.238.142.159',27,to_date('2021-09-14','YYYY-MM-DD'));
Insert into SCOTT.TBL_BOARD (NUM,NAME,PWD,EMAIL,SUBJECT,CONTENT,IPADDR,HITCOUNT,CREATED) values (309,'정현지309','net007$','test309@test.com','음식에 대해 작성한 게시물 309','떡볶이와 관련한 내용물 작성','211.238.142.163',32,to_date('2021-09-15','YYYY-MM-DD'));
Insert into SCOTT.TBL_BOARD (NUM,NAME,PWD,EMAIL,SUBJECT,CONTENT,IPADDR,HITCOUNT,CREATED) values (310,'임현지310','java006$','apple310@test.com','취미에 대해 작성한 게시물 310','영화감상과 관련한 내용물 작성','211.238.142.169',27,to_date('2021-09-16','YYYY-MM-DD'));
Insert into SCOTT.TBL_BOARD (NUM,NAME,PWD,EMAIL,SUBJECT,CONTENT,IPADDR,HITCOUNT,CREATED) values (311,'김현지311','java002$','morning311@test.com','날씨에 대해 작성한 게시물 311','맑은 날씨와 관련한 내용물 작성','211.238.142.151',11,to_date('2021-09-17','YYYY-MM-DD'));
Insert into SCOTT.TBL_BOARD (NUM,NAME,PWD,EMAIL,SUBJECT,CONTENT,IPADDR,HITCOUNT,CREATED) values (312,'정현지312','net007$','apple312@test.com','음식에 대해 작성한 게시물 312','떡볶이와 관련한 내용물 작성','211.238.142.163',27,to_date('2021-09-18','YYYY-MM-DD'));
Insert into SCOTT.TBL_BOARD (NUM,NAME,PWD,EMAIL,SUBJECT,CONTENT,IPADDR,HITCOUNT,CREATED) values (313,'김현지313','java002$','morning313@test.com','날씨에 대해 작성한 게시물 313','맑은 날씨와 관련한 내용물 작성','211.238.142.151',11,to_date('2021-09-19','YYYY-MM-DD'));
Insert into SCOTT.TBL_BOARD (NUM,NAME,PWD,EMAIL,SUBJECT,CONTENT,IPADDR,HITCOUNT,CREATED) values (314,'김현지314','java002$','apple314@test.com','날씨에 대해 작성한 게시물 314','맑은 날씨와 관련한 내용물 작성','211.238.142.151',27,to_date('2021-09-20','YYYY-MM-DD'));
Insert into SCOTT.TBL_BOARD (NUM,NAME,PWD,EMAIL,SUBJECT,CONTENT,IPADDR,HITCOUNT,CREATED) values (315,'임현지315','java006$','test315@test.com','취미에 대해 작성한 게시물 315','영화감상과 관련한 내용물 작성','211.238.142.169',32,to_date('2021-09-21','YYYY-MM-DD'));
Insert into SCOTT.TBL_BOARD (NUM,NAME,PWD,EMAIL,SUBJECT,CONTENT,IPADDR,HITCOUNT,CREATED) values (316,'김현지316','java002$','apple316@test.com','날씨에 대해 작성한 게시물 316','맑은 날씨와 관련한 내용물 작성','211.238.142.151',27,to_date('2021-09-22','YYYY-MM-DD'));
Insert into SCOTT.TBL_BOARD (NUM,NAME,PWD,EMAIL,SUBJECT,CONTENT,IPADDR,HITCOUNT,CREATED) values (317,'김현지317','java002$','morning317@test.com','날씨에 대해 작성한 게시물 317','맑은 날씨와 관련한 내용물 작성','211.238.142.151',11,to_date('2021-09-23','YYYY-MM-DD'));
Insert into SCOTT.TBL_BOARD (NUM,NAME,PWD,EMAIL,SUBJECT,CONTENT,IPADDR,HITCOUNT,CREATED) values (318,'정현지318','net007$','apple318@test.com','음식에 대해 작성한 게시물 318','떡볶이와 관련한 내용물 작성','211.238.142.163',27,to_date('2021-09-24','YYYY-MM-DD'));
Insert into SCOTT.TBL_BOARD (NUM,NAME,PWD,EMAIL,SUBJECT,CONTENT,IPADDR,HITCOUNT,CREATED) values (319,'김현지319','java002$','morning319@test.com','날씨에 대해 작성한 게시물 319','맑은 날씨와 관련한 내용물 작성','211.238.142.151',11,to_date('2021-09-25','YYYY-MM-DD'));
Insert into SCOTT.TBL_BOARD (NUM,NAME,PWD,EMAIL,SUBJECT,CONTENT,IPADDR,HITCOUNT,CREATED) values (320,'임현지320','java006$','apple320@test.com','취미에 대해 작성한 게시물 320','영화감상과 관련한 내용물 작성','211.238.142.169',27,to_date('2021-09-26','YYYY-MM-DD'));
Insert into SCOTT.TBL_BOARD (NUM,NAME,PWD,EMAIL,SUBJECT,CONTENT,IPADDR,HITCOUNT,CREATED) values (321,'정현지321','net007$','test321@test.com','음식에 대해 작성한 게시물 321','떡볶이와 관련한 내용물 작성','211.238.142.163',32,to_date('2021-09-27','YYYY-MM-DD'));
Insert into SCOTT.TBL_BOARD (NUM,NAME,PWD,EMAIL,SUBJECT,CONTENT,IPADDR,HITCOUNT,CREATED) values (322,'최현지322','deep008$','apple322@test.com','운동에 대해 작성한 게시물 322','축구와 관련한 내용물 작성','211.238.142.159',27,to_date('2021-09-28','YYYY-MM-DD'));
Insert into SCOTT.TBL_BOARD (NUM,NAME,PWD,EMAIL,SUBJECT,CONTENT,IPADDR,HITCOUNT,CREATED) values (323,'김현지323','java002$','morning323@test.com','날씨에 대해 작성한 게시물 323','맑은 날씨와 관련한 내용물 작성','211.238.142.151',11,to_date('2021-09-29','YYYY-MM-DD'));
Insert into SCOTT.TBL_BOARD (NUM,NAME,PWD,EMAIL,SUBJECT,CONTENT,IPADDR,HITCOUNT,CREATED) values (324,'정현지324','net007$','apple324@test.com','음식에 대해 작성한 게시물 324','떡볶이와 관련한 내용물 작성','211.238.142.163',27,to_date('2021-09-30','YYYY-MM-DD'));
Insert into SCOTT.TBL_BOARD (NUM,NAME,PWD,EMAIL,SUBJECT,CONTENT,IPADDR,HITCOUNT,CREATED) values (325,'임현지325','java006$','morning325@test.com','취미에 대해 작성한 게시물 325','영화감상과 관련한 내용물 작성','211.238.142.169',11,to_date('2021-10-01','YYYY-MM-DD'));
Insert into SCOTT.TBL_BOARD (NUM,NAME,PWD,EMAIL,SUBJECT,CONTENT,IPADDR,HITCOUNT,CREATED) values (326,'김현지326','java002$','apple326@test.com','날씨에 대해 작성한 게시물 326','맑은 날씨와 관련한 내용물 작성','211.238.142.151',27,to_date('2021-10-02','YYYY-MM-DD'));
Insert into SCOTT.TBL_BOARD (NUM,NAME,PWD,EMAIL,SUBJECT,CONTENT,IPADDR,HITCOUNT,CREATED) values (327,'정현지327','net007$','test327@test.com','음식에 대해 작성한 게시물 327','떡볶이와 관련한 내용물 작성','211.238.142.163',32,to_date('2021-10-03','YYYY-MM-DD'));
Insert into SCOTT.TBL_BOARD (NUM,NAME,PWD,EMAIL,SUBJECT,CONTENT,IPADDR,HITCOUNT,CREATED) values (328,'김현지328','java002$','apple328@test.com','날씨에 대해 작성한 게시물 328','맑은 날씨와 관련한 내용물 작성','211.238.142.151',27,to_date('2021-10-04','YYYY-MM-DD'));
Insert into SCOTT.TBL_BOARD (NUM,NAME,PWD,EMAIL,SUBJECT,CONTENT,IPADDR,HITCOUNT,CREATED) values (329,'최현지329','deep008$','morning329@test.com','운동에 대해 작성한 게시물 329','축구와 관련한 내용물 작성','211.238.142.159',11,to_date('2021-10-05','YYYY-MM-DD'));
Insert into SCOTT.TBL_BOARD (NUM,NAME,PWD,EMAIL,SUBJECT,CONTENT,IPADDR,HITCOUNT,CREATED) values (330,'임현지330','java006$','apple330@test.com','취미에 대해 작성한 게시물 330','영화감상과 관련한 내용물 작성','211.238.142.169',27,to_date('2021-10-06','YYYY-MM-DD'));
Insert into SCOTT.TBL_BOARD (NUM,NAME,PWD,EMAIL,SUBJECT,CONTENT,IPADDR,HITCOUNT,CREATED) values (331,'김현지331','java002$','morning331@test.com','날씨에 대해 작성한 게시물 331','맑은 날씨와 관련한 내용물 작성','211.238.142.151',11,to_date('2021-10-07','YYYY-MM-DD'));
Insert into SCOTT.TBL_BOARD (NUM,NAME,PWD,EMAIL,SUBJECT,CONTENT,IPADDR,HITCOUNT,CREATED) values (332,'김현지332','java002$','apple332@test.com','날씨에 대해 작성한 게시물 332','맑은 날씨와 관련한 내용물 작성','211.238.142.151',27,to_date('2021-10-08','YYYY-MM-DD'));
Insert into SCOTT.TBL_BOARD (NUM,NAME,PWD,EMAIL,SUBJECT,CONTENT,IPADDR,HITCOUNT,CREATED) values (333,'정현지333','net007$','test333@test.com','음식에 대해 작성한 게시물 333','떡볶이와 관련한 내용물 작성','211.238.142.163',32,to_date('2021-10-09','YYYY-MM-DD'));
Insert into SCOTT.TBL_BOARD (NUM,NAME,PWD,EMAIL,SUBJECT,CONTENT,IPADDR,HITCOUNT,CREATED) values (334,'김현지334','java002$','apple334@test.com','날씨에 대해 작성한 게시물 334','맑은 날씨와 관련한 내용물 작성','211.238.142.151',27,to_date('2021-10-10','YYYY-MM-DD'));
Insert into SCOTT.TBL_BOARD (NUM,NAME,PWD,EMAIL,SUBJECT,CONTENT,IPADDR,HITCOUNT,CREATED) values (335,'임현지335','java006$','morning335@test.com','취미에 대해 작성한 게시물 335','영화감상과 관련한 내용물 작성','211.238.142.169',11,to_date('2021-10-11','YYYY-MM-DD'));
Insert into SCOTT.TBL_BOARD (NUM,NAME,PWD,EMAIL,SUBJECT,CONTENT,IPADDR,HITCOUNT,CREATED) values (336,'정현지336','net007$','apple336@test.com','음식에 대해 작성한 게시물 336','떡볶이와 관련한 내용물 작성','211.238.142.163',27,to_date('2021-10-12','YYYY-MM-DD'));
Insert into SCOTT.TBL_BOARD (NUM,NAME,PWD,EMAIL,SUBJECT,CONTENT,IPADDR,HITCOUNT,CREATED) values (337,'김현지337','java002$','morning337@test.com','날씨에 대해 작성한 게시물 337','맑은 날씨와 관련한 내용물 작성','211.238.142.151',11,to_date('2021-10-13','YYYY-MM-DD'));
Insert into SCOTT.TBL_BOARD (NUM,NAME,PWD,EMAIL,SUBJECT,CONTENT,IPADDR,HITCOUNT,CREATED) values (338,'김현지338','java002$','apple338@test.com','날씨에 대해 작성한 게시물 338','맑은 날씨와 관련한 내용물 작성','211.238.142.151',27,to_date('2021-10-14','YYYY-MM-DD'));
Insert into SCOTT.TBL_BOARD (NUM,NAME,PWD,EMAIL,SUBJECT,CONTENT,IPADDR,HITCOUNT,CREATED) values (339,'정현지339','net007$','test339@test.com','음식에 대해 작성한 게시물 339','떡볶이와 관련한 내용물 작성','211.238.142.163',32,to_date('2021-10-15','YYYY-MM-DD'));
Insert into SCOTT.TBL_BOARD (NUM,NAME,PWD,EMAIL,SUBJECT,CONTENT,IPADDR,HITCOUNT,CREATED) values (340,'임현지340','java006$','apple340@test.com','취미에 대해 작성한 게시물 340','영화감상과 관련한 내용물 작성','211.238.142.169',27,to_date('2021-10-16','YYYY-MM-DD'));
Insert into SCOTT.TBL_BOARD (NUM,NAME,PWD,EMAIL,SUBJECT,CONTENT,IPADDR,HITCOUNT,CREATED) values (341,'김현지341','java002$','morning341@test.com','날씨에 대해 작성한 게시물 341','맑은 날씨와 관련한 내용물 작성','211.238.142.151',11,to_date('2021-10-17','YYYY-MM-DD'));
Insert into SCOTT.TBL_BOARD (NUM,NAME,PWD,EMAIL,SUBJECT,CONTENT,IPADDR,HITCOUNT,CREATED) values (342,'정현지342','net007$','apple342@test.com','음식에 대해 작성한 게시물 342','떡볶이와 관련한 내용물 작성','211.238.142.163',27,to_date('2021-10-18','YYYY-MM-DD'));
Insert into SCOTT.TBL_BOARD (NUM,NAME,PWD,EMAIL,SUBJECT,CONTENT,IPADDR,HITCOUNT,CREATED) values (343,'최현지343','deep008$','morning343@test.com','운동에 대해 작성한 게시물 343','축구와 관련한 내용물 작성','211.238.142.159',11,to_date('2021-10-19','YYYY-MM-DD'));
Insert into SCOTT.TBL_BOARD (NUM,NAME,PWD,EMAIL,SUBJECT,CONTENT,IPADDR,HITCOUNT,CREATED) values (344,'김현지344','java002$','apple344@test.com','날씨에 대해 작성한 게시물 344','맑은 날씨와 관련한 내용물 작성','211.238.142.151',27,to_date('2021-10-20','YYYY-MM-DD'));
Insert into SCOTT.TBL_BOARD (NUM,NAME,PWD,EMAIL,SUBJECT,CONTENT,IPADDR,HITCOUNT,CREATED) values (345,'임현지345','java006$','test345@test.com','취미에 대해 작성한 게시물 345','영화감상과 관련한 내용물 작성','211.238.142.169',32,to_date('2021-10-21','YYYY-MM-DD'));
Insert into SCOTT.TBL_BOARD (NUM,NAME,PWD,EMAIL,SUBJECT,CONTENT,IPADDR,HITCOUNT,CREATED) values (346,'김현지346','java002$','apple346@test.com','날씨에 대해 작성한 게시물 346','맑은 날씨와 관련한 내용물 작성','211.238.142.151',27,to_date('2021-10-22','YYYY-MM-DD'));
Insert into SCOTT.TBL_BOARD (NUM,NAME,PWD,EMAIL,SUBJECT,CONTENT,IPADDR,HITCOUNT,CREATED) values (347,'김현지347','java002$','morning347@test.com','날씨에 대해 작성한 게시물 347','맑은 날씨와 관련한 내용물 작성','211.238.142.151',11,to_date('2021-10-23','YYYY-MM-DD'));
Insert into SCOTT.TBL_BOARD (NUM,NAME,PWD,EMAIL,SUBJECT,CONTENT,IPADDR,HITCOUNT,CREATED) values (348,'정현지348','net007$','apple348@test.com','음식에 대해 작성한 게시물 348','떡볶이와 관련한 내용물 작성','211.238.142.163',27,to_date('2021-10-24','YYYY-MM-DD'));
Insert into SCOTT.TBL_BOARD (NUM,NAME,PWD,EMAIL,SUBJECT,CONTENT,IPADDR,HITCOUNT,CREATED) values (349,'김현지349','java002$','morning349@test.com','날씨에 대해 작성한 게시물 349','맑은 날씨와 관련한 내용물 작성','211.238.142.151',11,to_date('2021-10-25','YYYY-MM-DD'));
Insert into SCOTT.TBL_BOARD (NUM,NAME,PWD,EMAIL,SUBJECT,CONTENT,IPADDR,HITCOUNT,CREATED) values (350,'임현지350','java006$','apple350@test.com','취미에 대해 작성한 게시물 350','영화감상과 관련한 내용물 작성','211.238.142.169',27,to_date('2021-10-26','YYYY-MM-DD'));
Insert into SCOTT.TBL_BOARD (NUM,NAME,PWD,EMAIL,SUBJECT,CONTENT,IPADDR,HITCOUNT,CREATED) values (351,'정현지351','net007$','test351@test.com','음식에 대해 작성한 게시물 351','떡볶이와 관련한 내용물 작성','211.238.142.163',32,to_date('2021-10-27','YYYY-MM-DD'));
Insert into SCOTT.TBL_BOARD (NUM,NAME,PWD,EMAIL,SUBJECT,CONTENT,IPADDR,HITCOUNT,CREATED) values (352,'김현지352','java002$','apple352@test.com','날씨에 대해 작성한 게시물 352','맑은 날씨와 관련한 내용물 작성','211.238.142.151',27,to_date('2021-10-28','YYYY-MM-DD'));
Insert into SCOTT.TBL_BOARD (NUM,NAME,PWD,EMAIL,SUBJECT,CONTENT,IPADDR,HITCOUNT,CREATED) values (353,'김현지353','java002$','morning353@test.com','날씨에 대해 작성한 게시물 353','맑은 날씨와 관련한 내용물 작성','211.238.142.151',11,to_date('2021-10-29','YYYY-MM-DD'));
Insert into SCOTT.TBL_BOARD (NUM,NAME,PWD,EMAIL,SUBJECT,CONTENT,IPADDR,HITCOUNT,CREATED) values (354,'정현지354','net007$','apple354@test.com','음식에 대해 작성한 게시물 354','떡볶이와 관련한 내용물 작성','211.238.142.163',27,to_date('2021-10-30','YYYY-MM-DD'));
Insert into SCOTT.TBL_BOARD (NUM,NAME,PWD,EMAIL,SUBJECT,CONTENT,IPADDR,HITCOUNT,CREATED) values (355,'임현지355','java006$','morning355@test.com','취미에 대해 작성한 게시물 355','영화감상과 관련한 내용물 작성','211.238.142.169',11,to_date('2021-10-31','YYYY-MM-DD'));
Insert into SCOTT.TBL_BOARD (NUM,NAME,PWD,EMAIL,SUBJECT,CONTENT,IPADDR,HITCOUNT,CREATED) values (356,'김현지356','java002$','apple356@test.com','날씨에 대해 작성한 게시물 356','맑은 날씨와 관련한 내용물 작성','211.238.142.151',27,to_date('2021-11-01','YYYY-MM-DD'));
Insert into SCOTT.TBL_BOARD (NUM,NAME,PWD,EMAIL,SUBJECT,CONTENT,IPADDR,HITCOUNT,CREATED) values (357,'정현지357','net007$','test357@test.com','음식에 대해 작성한 게시물 357','떡볶이와 관련한 내용물 작성','211.238.142.163',32,to_date('2021-11-02','YYYY-MM-DD'));
Insert into SCOTT.TBL_BOARD (NUM,NAME,PWD,EMAIL,SUBJECT,CONTENT,IPADDR,HITCOUNT,CREATED) values (358,'김현지358','java002$','apple358@test.com','날씨에 대해 작성한 게시물 358','맑은 날씨와 관련한 내용물 작성','211.238.142.151',27,to_date('2021-11-03','YYYY-MM-DD'));
Insert into SCOTT.TBL_BOARD (NUM,NAME,PWD,EMAIL,SUBJECT,CONTENT,IPADDR,HITCOUNT,CREATED) values (359,'김현지359','java002$','morning359@test.com','날씨에 대해 작성한 게시물 359','맑은 날씨와 관련한 내용물 작성','211.238.142.151',11,to_date('2021-11-04','YYYY-MM-DD'));
Insert into SCOTT.TBL_BOARD (NUM,NAME,PWD,EMAIL,SUBJECT,CONTENT,IPADDR,HITCOUNT,CREATED) values (360,'임현지360','java006$','apple360@test.com','취미에 대해 작성한 게시물 360','영화감상과 관련한 내용물 작성','211.238.142.169',27,to_date('2021-11-05','YYYY-MM-DD'));
Insert into SCOTT.TBL_BOARD (NUM,NAME,PWD,EMAIL,SUBJECT,CONTENT,IPADDR,HITCOUNT,CREATED) values (361,'김현지361','java002$','morning361@test.com','날씨에 대해 작성한 게시물 361','맑은 날씨와 관련한 내용물 작성','211.238.142.151',11,to_date('2021-11-06','YYYY-MM-DD'));
Insert into SCOTT.TBL_BOARD (NUM,NAME,PWD,EMAIL,SUBJECT,CONTENT,IPADDR,HITCOUNT,CREATED) values (362,'김현지362','java002$','apple362@test.com','날씨에 대해 작성한 게시물 362','맑은 날씨와 관련한 내용물 작성','211.238.142.151',27,to_date('2021-11-07','YYYY-MM-DD'));
Insert into SCOTT.TBL_BOARD (NUM,NAME,PWD,EMAIL,SUBJECT,CONTENT,IPADDR,HITCOUNT,CREATED) values (363,'정현지363','net007$','test363@test.com','음식에 대해 작성한 게시물 363','떡볶이와 관련한 내용물 작성','211.238.142.163',32,to_date('2021-11-08','YYYY-MM-DD'));
Insert into SCOTT.TBL_BOARD (NUM,NAME,PWD,EMAIL,SUBJECT,CONTENT,IPADDR,HITCOUNT,CREATED) values (364,'최현지364','deep008$','apple364@test.com','운동에 대해 작성한 게시물 364','축구와 관련한 내용물 작성','211.238.142.159',27,to_date('2021-11-09','YYYY-MM-DD'));
Insert into SCOTT.TBL_BOARD (NUM,NAME,PWD,EMAIL,SUBJECT,CONTENT,IPADDR,HITCOUNT,CREATED) values (365,'임현지365','java006$','morning365@test.com','취미에 대해 작성한 게시물 365','영화감상과 관련한 내용물 작성','211.238.142.169',11,to_date('2021-11-10','YYYY-MM-DD'));
Insert into SCOTT.TBL_BOARD (NUM,NAME,PWD,EMAIL,SUBJECT,CONTENT,IPADDR,HITCOUNT,CREATED) values (366,'정현지366','net007$','apple366@test.com','음식에 대해 작성한 게시물 366','떡볶이와 관련한 내용물 작성','211.238.142.163',27,to_date('2021-11-11','YYYY-MM-DD'));
Insert into SCOTT.TBL_BOARD (NUM,NAME,PWD,EMAIL,SUBJECT,CONTENT,IPADDR,HITCOUNT,CREATED) values (367,'김현지367','java002$','morning367@test.com','날씨에 대해 작성한 게시물 367','맑은 날씨와 관련한 내용물 작성','211.238.142.151',11,to_date('2021-11-12','YYYY-MM-DD'));
Insert into SCOTT.TBL_BOARD (NUM,NAME,PWD,EMAIL,SUBJECT,CONTENT,IPADDR,HITCOUNT,CREATED) values (368,'김현지368','java002$','apple368@test.com','날씨에 대해 작성한 게시물 368','맑은 날씨와 관련한 내용물 작성','211.238.142.151',27,to_date('2021-11-13','YYYY-MM-DD'));
Insert into SCOTT.TBL_BOARD (NUM,NAME,PWD,EMAIL,SUBJECT,CONTENT,IPADDR,HITCOUNT,CREATED) values (369,'정현지369','net007$','test369@test.com','음식에 대해 작성한 게시물 369','떡볶이와 관련한 내용물 작성','211.238.142.163',32,to_date('2021-11-14','YYYY-MM-DD'));
Insert into SCOTT.TBL_BOARD (NUM,NAME,PWD,EMAIL,SUBJECT,CONTENT,IPADDR,HITCOUNT,CREATED) values (370,'임현지370','java006$','apple370@test.com','취미에 대해 작성한 게시물 370','영화감상과 관련한 내용물 작성','211.238.142.169',27,to_date('2021-11-15','YYYY-MM-DD'));
Insert into SCOTT.TBL_BOARD (NUM,NAME,PWD,EMAIL,SUBJECT,CONTENT,IPADDR,HITCOUNT,CREATED) values (371,'최현지371','deep008$','morning371@test.com','운동에 대해 작성한 게시물 371','축구와 관련한 내용물 작성','211.238.142.159',11,to_date('2021-11-16','YYYY-MM-DD'));
Insert into SCOTT.TBL_BOARD (NUM,NAME,PWD,EMAIL,SUBJECT,CONTENT,IPADDR,HITCOUNT,CREATED) values (372,'정현지372','net007$','apple372@test.com','음식에 대해 작성한 게시물 372','떡볶이와 관련한 내용물 작성','211.238.142.163',27,to_date('2021-11-17','YYYY-MM-DD'));
Insert into SCOTT.TBL_BOARD (NUM,NAME,PWD,EMAIL,SUBJECT,CONTENT,IPADDR,HITCOUNT,CREATED) values (373,'김현지373','java002$','morning373@test.com','날씨에 대해 작성한 게시물 373','맑은 날씨와 관련한 내용물 작성','211.238.142.151',11,to_date('2021-11-18','YYYY-MM-DD'));
Insert into SCOTT.TBL_BOARD (NUM,NAME,PWD,EMAIL,SUBJECT,CONTENT,IPADDR,HITCOUNT,CREATED) values (374,'김현지374','java002$','apple374@test.com','날씨에 대해 작성한 게시물 374','맑은 날씨와 관련한 내용물 작성','211.238.142.151',27,to_date('2021-11-19','YYYY-MM-DD'));
Insert into SCOTT.TBL_BOARD (NUM,NAME,PWD,EMAIL,SUBJECT,CONTENT,IPADDR,HITCOUNT,CREATED) values (375,'임현지375','java006$','test375@test.com','취미에 대해 작성한 게시물 375','영화감상과 관련한 내용물 작성','211.238.142.169',32,to_date('2021-11-20','YYYY-MM-DD'));
Insert into SCOTT.TBL_BOARD (NUM,NAME,PWD,EMAIL,SUBJECT,CONTENT,IPADDR,HITCOUNT,CREATED) values (376,'김현지376','java002$','apple376@test.com','날씨에 대해 작성한 게시물 376','맑은 날씨와 관련한 내용물 작성','211.238.142.151',27,to_date('2021-11-21','YYYY-MM-DD'));
Insert into SCOTT.TBL_BOARD (NUM,NAME,PWD,EMAIL,SUBJECT,CONTENT,IPADDR,HITCOUNT,CREATED) values (377,'김현지377','java002$','morning377@test.com','날씨에 대해 작성한 게시물 377','맑은 날씨와 관련한 내용물 작성','211.238.142.151',11,to_date('2021-11-22','YYYY-MM-DD'));
Insert into SCOTT.TBL_BOARD (NUM,NAME,PWD,EMAIL,SUBJECT,CONTENT,IPADDR,HITCOUNT,CREATED) values (378,'정현지378','net007$','apple378@test.com','음식에 대해 작성한 게시물 378','떡볶이와 관련한 내용물 작성','211.238.142.163',27,to_date('2021-11-23','YYYY-MM-DD'));
Insert into SCOTT.TBL_BOARD (NUM,NAME,PWD,EMAIL,SUBJECT,CONTENT,IPADDR,HITCOUNT,CREATED) values (379,'김현지379','java002$','morning379@test.com','날씨에 대해 작성한 게시물 379','맑은 날씨와 관련한 내용물 작성','211.238.142.151',11,to_date('2021-11-24','YYYY-MM-DD'));
Insert into SCOTT.TBL_BOARD (NUM,NAME,PWD,EMAIL,SUBJECT,CONTENT,IPADDR,HITCOUNT,CREATED) values (380,'임현지380','java006$','apple380@test.com','취미에 대해 작성한 게시물 380','영화감상과 관련한 내용물 작성','211.238.142.169',27,to_date('2021-11-25','YYYY-MM-DD'));
Insert into SCOTT.TBL_BOARD (NUM,NAME,PWD,EMAIL,SUBJECT,CONTENT,IPADDR,HITCOUNT,CREATED) values (381,'정현지381','net007$','test381@test.com','음식에 대해 작성한 게시물 381','떡볶이와 관련한 내용물 작성','211.238.142.163',32,to_date('2021-11-26','YYYY-MM-DD'));
Insert into SCOTT.TBL_BOARD (NUM,NAME,PWD,EMAIL,SUBJECT,CONTENT,IPADDR,HITCOUNT,CREATED) values (382,'김현지382','java002$','apple382@test.com','날씨에 대해 작성한 게시물 382','맑은 날씨와 관련한 내용물 작성','211.238.142.151',27,to_date('2021-11-27','YYYY-MM-DD'));
Insert into SCOTT.TBL_BOARD (NUM,NAME,PWD,EMAIL,SUBJECT,CONTENT,IPADDR,HITCOUNT,CREATED) values (383,'김현지383','java002$','morning383@test.com','날씨에 대해 작성한 게시물 383','맑은 날씨와 관련한 내용물 작성','211.238.142.151',11,to_date('2021-11-28','YYYY-MM-DD'));
Insert into SCOTT.TBL_BOARD (NUM,NAME,PWD,EMAIL,SUBJECT,CONTENT,IPADDR,HITCOUNT,CREATED) values (384,'정현지384','net007$','apple384@test.com','음식에 대해 작성한 게시물 384','떡볶이와 관련한 내용물 작성','211.238.142.163',27,to_date('2021-11-29','YYYY-MM-DD'));
Insert into SCOTT.TBL_BOARD (NUM,NAME,PWD,EMAIL,SUBJECT,CONTENT,IPADDR,HITCOUNT,CREATED) values (385,'임현지385','java006$','morning385@test.com','취미에 대해 작성한 게시물 385','영화감상과 관련한 내용물 작성','211.238.142.169',11,to_date('2021-11-30','YYYY-MM-DD'));
Insert into SCOTT.TBL_BOARD (NUM,NAME,PWD,EMAIL,SUBJECT,CONTENT,IPADDR,HITCOUNT,CREATED) values (386,'김현지386','java002$','apple386@test.com','날씨에 대해 작성한 게시물 386','맑은 날씨와 관련한 내용물 작성','211.238.142.151',27,to_date('2021-12-01','YYYY-MM-DD'));
Insert into SCOTT.TBL_BOARD (NUM,NAME,PWD,EMAIL,SUBJECT,CONTENT,IPADDR,HITCOUNT,CREATED) values (387,'정현지387','net007$','test387@test.com','음식에 대해 작성한 게시물 387','떡볶이와 관련한 내용물 작성','211.238.142.163',32,to_date('2021-12-02','YYYY-MM-DD'));
Insert into SCOTT.TBL_BOARD (NUM,NAME,PWD,EMAIL,SUBJECT,CONTENT,IPADDR,HITCOUNT,CREATED) values (388,'김현지388','java002$','apple388@test.com','날씨에 대해 작성한 게시물 388','맑은 날씨와 관련한 내용물 작성','211.238.142.151',27,to_date('2021-12-03','YYYY-MM-DD'));
Insert into SCOTT.TBL_BOARD (NUM,NAME,PWD,EMAIL,SUBJECT,CONTENT,IPADDR,HITCOUNT,CREATED) values (389,'김현지389','java002$','morning389@test.com','날씨에 대해 작성한 게시물 389','맑은 날씨와 관련한 내용물 작성','211.238.142.151',11,to_date('2021-12-04','YYYY-MM-DD'));
Insert into SCOTT.TBL_BOARD (NUM,NAME,PWD,EMAIL,SUBJECT,CONTENT,IPADDR,HITCOUNT,CREATED) values (390,'임현지390','java006$','apple390@test.com','취미에 대해 작성한 게시물 390','영화감상과 관련한 내용물 작성','211.238.142.169',27,to_date('2021-12-05','YYYY-MM-DD'));
Insert into SCOTT.TBL_BOARD (NUM,NAME,PWD,EMAIL,SUBJECT,CONTENT,IPADDR,HITCOUNT,CREATED) values (391,'김현지391','java002$','morning391@test.com','날씨에 대해 작성한 게시물 391','맑은 날씨와 관련한 내용물 작성','211.238.142.151',11,to_date('2021-12-06','YYYY-MM-DD'));
Insert into SCOTT.TBL_BOARD (NUM,NAME,PWD,EMAIL,SUBJECT,CONTENT,IPADDR,HITCOUNT,CREATED) values (392,'최현지392','deep008$','apple392@test.com','운동에 대해 작성한 게시물 392','축구와 관련한 내용물 작성','211.238.142.159',27,to_date('2021-12-07','YYYY-MM-DD'));
Insert into SCOTT.TBL_BOARD (NUM,NAME,PWD,EMAIL,SUBJECT,CONTENT,IPADDR,HITCOUNT,CREATED) values (393,'정현지393','net007$','test393@test.com','음식에 대해 작성한 게시물 393','떡볶이와 관련한 내용물 작성','211.238.142.163',32,to_date('2021-12-08','YYYY-MM-DD'));
Insert into SCOTT.TBL_BOARD (NUM,NAME,PWD,EMAIL,SUBJECT,CONTENT,IPADDR,HITCOUNT,CREATED) values (394,'김현지394','java002$','apple394@test.com','날씨에 대해 작성한 게시물 394','맑은 날씨와 관련한 내용물 작성','211.238.142.151',27,to_date('2021-12-09','YYYY-MM-DD'));
Insert into SCOTT.TBL_BOARD (NUM,NAME,PWD,EMAIL,SUBJECT,CONTENT,IPADDR,HITCOUNT,CREATED) values (395,'임현지395','java006$','morning395@test.com','취미에 대해 작성한 게시물 395','영화감상과 관련한 내용물 작성','211.238.142.169',11,to_date('2021-12-10','YYYY-MM-DD'));
Insert into SCOTT.TBL_BOARD (NUM,NAME,PWD,EMAIL,SUBJECT,CONTENT,IPADDR,HITCOUNT,CREATED) values (396,'정현지396','net007$','apple396@test.com','음식에 대해 작성한 게시물 396','떡볶이와 관련한 내용물 작성','211.238.142.163',27,to_date('2021-12-11','YYYY-MM-DD'));
Insert into SCOTT.TBL_BOARD (NUM,NAME,PWD,EMAIL,SUBJECT,CONTENT,IPADDR,HITCOUNT,CREATED) values (397,'김현지397','java002$','morning397@test.com','날씨에 대해 작성한 게시물 397','맑은 날씨와 관련한 내용물 작성','211.238.142.151',11,to_date('2021-12-12','YYYY-MM-DD'));
Insert into SCOTT.TBL_BOARD (NUM,NAME,PWD,EMAIL,SUBJECT,CONTENT,IPADDR,HITCOUNT,CREATED) values (398,'김현지398','java002$','apple398@test.com','날씨에 대해 작성한 게시물 398','맑은 날씨와 관련한 내용물 작성','211.238.142.151',27,to_date('2021-12-13','YYYY-MM-DD'));
Insert into SCOTT.TBL_BOARD (NUM,NAME,PWD,EMAIL,SUBJECT,CONTENT,IPADDR,HITCOUNT,CREATED) values (399,'정현지399','net007$','test399@test.com','음식에 대해 작성한 게시물 399','떡볶이와 관련한 내용물 작성','211.238.142.163',32,to_date('2021-12-14','YYYY-MM-DD'));
Insert into SCOTT.TBL_BOARD (NUM,NAME,PWD,EMAIL,SUBJECT,CONTENT,IPADDR,HITCOUNT,CREATED) values (400,'임현지400','java006$','apple400@test.com','취미에 대해 작성한 게시물 400','영화감상과 관련한 내용물 작성','211.238.142.169',27,to_date('2021-12-15','YYYY-MM-DD'));
Insert into SCOTT.TBL_BOARD (NUM,NAME,PWD,EMAIL,SUBJECT,CONTENT,IPADDR,HITCOUNT,CREATED) values (401,'김현지401','java002$','morning401@test.com','날씨에 대해 작성한 게시물 401','맑은 날씨와 관련한 내용물 작성','211.238.142.151',11,to_date('2021-12-16','YYYY-MM-DD'));
Insert into SCOTT.TBL_BOARD (NUM,NAME,PWD,EMAIL,SUBJECT,CONTENT,IPADDR,HITCOUNT,CREATED) values (402,'정현지402','net007$','apple402@test.com','음식에 대해 작성한 게시물 402','떡볶이와 관련한 내용물 작성','211.238.142.163',27,to_date('2021-12-17','YYYY-MM-DD'));
Insert into SCOTT.TBL_BOARD (NUM,NAME,PWD,EMAIL,SUBJECT,CONTENT,IPADDR,HITCOUNT,CREATED) values (403,'김현지403','java002$','morning403@test.com','날씨에 대해 작성한 게시물 403','맑은 날씨와 관련한 내용물 작성','211.238.142.151',11,to_date('2021-12-18','YYYY-MM-DD'));
Insert into SCOTT.TBL_BOARD (NUM,NAME,PWD,EMAIL,SUBJECT,CONTENT,IPADDR,HITCOUNT,CREATED) values (404,'김현지404','java002$','apple404@test.com','날씨에 대해 작성한 게시물 404','맑은 날씨와 관련한 내용물 작성','211.238.142.151',27,to_date('2021-12-19','YYYY-MM-DD'));
Insert into SCOTT.TBL_BOARD (NUM,NAME,PWD,EMAIL,SUBJECT,CONTENT,IPADDR,HITCOUNT,CREATED) values (405,'임현지405','java006$','test405@test.com','취미에 대해 작성한 게시물 405','영화감상과 관련한 내용물 작성','211.238.142.169',32,to_date('2021-12-20','YYYY-MM-DD'));
Insert into SCOTT.TBL_BOARD (NUM,NAME,PWD,EMAIL,SUBJECT,CONTENT,IPADDR,HITCOUNT,CREATED) values (406,'최현지406','deep008$','apple406@test.com','운동에 대해 작성한 게시물 406','축구와 관련한 내용물 작성','211.238.142.159',27,to_date('2021-12-21','YYYY-MM-DD'));
Insert into SCOTT.TBL_BOARD (NUM,NAME,PWD,EMAIL,SUBJECT,CONTENT,IPADDR,HITCOUNT,CREATED) values (407,'김현지407','java002$','morning407@test.com','날씨에 대해 작성한 게시물 407','맑은 날씨와 관련한 내용물 작성','211.238.142.151',11,to_date('2021-12-22','YYYY-MM-DD'));
Insert into SCOTT.TBL_BOARD (NUM,NAME,PWD,EMAIL,SUBJECT,CONTENT,IPADDR,HITCOUNT,CREATED) values (408,'정현지408','net007$','apple408@test.com','음식에 대해 작성한 게시물 408','떡볶이와 관련한 내용물 작성','211.238.142.163',27,to_date('2021-12-23','YYYY-MM-DD'));
Insert into SCOTT.TBL_BOARD (NUM,NAME,PWD,EMAIL,SUBJECT,CONTENT,IPADDR,HITCOUNT,CREATED) values (589,'김현지589','java002$','morning589@test.com','날씨에 대해 작성한 게시물 589','맑은 날씨와 관련한 내용물 작성','211.238.142.151',11,to_date('2022-06-22','YYYY-MM-DD'));
Insert into SCOTT.TBL_BOARD (NUM,NAME,PWD,EMAIL,SUBJECT,CONTENT,IPADDR,HITCOUNT,CREATED) values (590,'임현지590','java006$','apple590@test.com','취미에 대해 작성한 게시물 590','영화감상과 관련한 내용물 작성','211.238.142.169',27,to_date('2022-06-23','YYYY-MM-DD'));
Insert into SCOTT.TBL_BOARD (NUM,NAME,PWD,EMAIL,SUBJECT,CONTENT,IPADDR,HITCOUNT,CREATED) values (591,'정현지591','net007$','test591@test.com','음식에 대해 작성한 게시물 591','떡볶이와 관련한 내용물 작성','211.238.142.163',32,to_date('2022-06-24','YYYY-MM-DD'));
Insert into SCOTT.TBL_BOARD (NUM,NAME,PWD,EMAIL,SUBJECT,CONTENT,IPADDR,HITCOUNT,CREATED) values (592,'김현지592','java002$','apple592@test.com','날씨에 대해 작성한 게시물 592','맑은 날씨와 관련한 내용물 작성','211.238.142.151',27,to_date('2022-06-25','YYYY-MM-DD'));
Insert into SCOTT.TBL_BOARD (NUM,NAME,PWD,EMAIL,SUBJECT,CONTENT,IPADDR,HITCOUNT,CREATED) values (593,'김현지593','java002$','morning593@test.com','날씨에 대해 작성한 게시물 593','맑은 날씨와 관련한 내용물 작성','211.238.142.151',11,to_date('2022-06-26','YYYY-MM-DD'));
Insert into SCOTT.TBL_BOARD (NUM,NAME,PWD,EMAIL,SUBJECT,CONTENT,IPADDR,HITCOUNT,CREATED) values (594,'정현지594','net007$','apple594@test.com','음식에 대해 작성한 게시물 594','떡볶이와 관련한 내용물 작성','211.238.142.163',27,to_date('2022-06-27','YYYY-MM-DD'));
Insert into SCOTT.TBL_BOARD (NUM,NAME,PWD,EMAIL,SUBJECT,CONTENT,IPADDR,HITCOUNT,CREATED) values (595,'임현지595','java006$','morning595@test.com','취미에 대해 작성한 게시물 595','영화감상과 관련한 내용물 작성','211.238.142.169',11,to_date('2022-06-28','YYYY-MM-DD'));
Insert into SCOTT.TBL_BOARD (NUM,NAME,PWD,EMAIL,SUBJECT,CONTENT,IPADDR,HITCOUNT,CREATED) values (596,'김현지596','java002$','apple596@test.com','날씨에 대해 작성한 게시물 596','맑은 날씨와 관련한 내용물 작성','211.238.142.151',27,to_date('2022-06-29','YYYY-MM-DD'));
Insert into SCOTT.TBL_BOARD (NUM,NAME,PWD,EMAIL,SUBJECT,CONTENT,IPADDR,HITCOUNT,CREATED) values (597,'정현지597','net007$','test597@test.com','음식에 대해 작성한 게시물 597','떡볶이와 관련한 내용물 작성','211.238.142.163',32,to_date('2022-06-30','YYYY-MM-DD'));
Insert into SCOTT.TBL_BOARD (NUM,NAME,PWD,EMAIL,SUBJECT,CONTENT,IPADDR,HITCOUNT,CREATED) values (598,'김현지598','java002$','apple598@test.com','날씨에 대해 작성한 게시물 598','맑은 날씨와 관련한 내용물 작성','211.238.142.151',27,to_date('2022-07-01','YYYY-MM-DD'));
Insert into SCOTT.TBL_BOARD (NUM,NAME,PWD,EMAIL,SUBJECT,CONTENT,IPADDR,HITCOUNT,CREATED) values (599,'김현지599','java002$','morning599@test.com','날씨에 대해 작성한 게시물 599','맑은 날씨와 관련한 내용물 작성','211.238.142.151',11,to_date('2022-07-02','YYYY-MM-DD'));
Insert into SCOTT.TBL_BOARD (NUM,NAME,PWD,EMAIL,SUBJECT,CONTENT,IPADDR,HITCOUNT,CREATED) values (600,'임현지600','java006$','apple600@test.com','취미에 대해 작성한 게시물 600','영화감상과 관련한 내용물 작성','211.238.142.169',27,to_date('2022-07-03','YYYY-MM-DD'));
Insert into SCOTT.TBL_BOARD (NUM,NAME,PWD,EMAIL,SUBJECT,CONTENT,IPADDR,HITCOUNT,CREATED) values (601,'김현지601','java002$','morning601@test.com','날씨에 대해 작성한 게시물 601','맑은 날씨와 관련한 내용물 작성','211.238.142.151',11,to_date('2022-07-04','YYYY-MM-DD'));
Insert into SCOTT.TBL_BOARD (NUM,NAME,PWD,EMAIL,SUBJECT,CONTENT,IPADDR,HITCOUNT,CREATED) values (602,'최현지602','deep008$','apple602@test.com','운동에 대해 작성한 게시물 602','축구와 관련한 내용물 작성','211.238.142.159',27,to_date('2022-07-05','YYYY-MM-DD'));
Insert into SCOTT.TBL_BOARD (NUM,NAME,PWD,EMAIL,SUBJECT,CONTENT,IPADDR,HITCOUNT,CREATED) values (603,'정현지603','net007$','test603@test.com','음식에 대해 작성한 게시물 603','떡볶이와 관련한 내용물 작성','211.238.142.163',32,to_date('2022-07-06','YYYY-MM-DD'));
Insert into SCOTT.TBL_BOARD (NUM,NAME,PWD,EMAIL,SUBJECT,CONTENT,IPADDR,HITCOUNT,CREATED) values (604,'김현지604','java002$','apple604@test.com','날씨에 대해 작성한 게시물 604','맑은 날씨와 관련한 내용물 작성','211.238.142.151',27,to_date('2022-07-07','YYYY-MM-DD'));
Insert into SCOTT.TBL_BOARD (NUM,NAME,PWD,EMAIL,SUBJECT,CONTENT,IPADDR,HITCOUNT,CREATED) values (605,'임현지605','java006$','morning605@test.com','취미에 대해 작성한 게시물 605','영화감상과 관련한 내용물 작성','211.238.142.169',11,to_date('2022-07-08','YYYY-MM-DD'));
Insert into SCOTT.TBL_BOARD (NUM,NAME,PWD,EMAIL,SUBJECT,CONTENT,IPADDR,HITCOUNT,CREATED) values (606,'정현지606','net007$','apple606@test.com','음식에 대해 작성한 게시물 606','떡볶이와 관련한 내용물 작성','211.238.142.163',27,to_date('2022-07-09','YYYY-MM-DD'));
Insert into SCOTT.TBL_BOARD (NUM,NAME,PWD,EMAIL,SUBJECT,CONTENT,IPADDR,HITCOUNT,CREATED) values (607,'김현지607','java002$','morning607@test.com','날씨에 대해 작성한 게시물 607','맑은 날씨와 관련한 내용물 작성','211.238.142.151',11,to_date('2022-07-10','YYYY-MM-DD'));
Insert into SCOTT.TBL_BOARD (NUM,NAME,PWD,EMAIL,SUBJECT,CONTENT,IPADDR,HITCOUNT,CREATED) values (608,'김현지608','java002$','apple608@test.com','날씨에 대해 작성한 게시물 608','맑은 날씨와 관련한 내용물 작성','211.238.142.151',27,to_date('2022-07-11','YYYY-MM-DD'));
Insert into SCOTT.TBL_BOARD (NUM,NAME,PWD,EMAIL,SUBJECT,CONTENT,IPADDR,HITCOUNT,CREATED) values (609,'정현지609','net007$','test609@test.com','음식에 대해 작성한 게시물 609','떡볶이와 관련한 내용물 작성','211.238.142.163',32,to_date('2022-07-12','YYYY-MM-DD'));
Insert into SCOTT.TBL_BOARD (NUM,NAME,PWD,EMAIL,SUBJECT,CONTENT,IPADDR,HITCOUNT,CREATED) values (610,'임현지610','java006$','apple610@test.com','취미에 대해 작성한 게시물 610','영화감상과 관련한 내용물 작성','211.238.142.169',27,to_date('2022-07-13','YYYY-MM-DD'));
Insert into SCOTT.TBL_BOARD (NUM,NAME,PWD,EMAIL,SUBJECT,CONTENT,IPADDR,HITCOUNT,CREATED) values (611,'김현지611','java002$','morning611@test.com','날씨에 대해 작성한 게시물 611','맑은 날씨와 관련한 내용물 작성','211.238.142.151',11,to_date('2022-07-14','YYYY-MM-DD'));
Insert into SCOTT.TBL_BOARD (NUM,NAME,PWD,EMAIL,SUBJECT,CONTENT,IPADDR,HITCOUNT,CREATED) values (612,'정현지612','net007$','apple612@test.com','음식에 대해 작성한 게시물 612','떡볶이와 관련한 내용물 작성','211.238.142.163',27,to_date('2022-07-15','YYYY-MM-DD'));
Insert into SCOTT.TBL_BOARD (NUM,NAME,PWD,EMAIL,SUBJECT,CONTENT,IPADDR,HITCOUNT,CREATED) values (613,'김현지613','java002$','morning613@test.com','날씨에 대해 작성한 게시물 613','맑은 날씨와 관련한 내용물 작성','211.238.142.151',11,to_date('2022-07-16','YYYY-MM-DD'));
Insert into SCOTT.TBL_BOARD (NUM,NAME,PWD,EMAIL,SUBJECT,CONTENT,IPADDR,HITCOUNT,CREATED) values (614,'김현지614','java002$','apple614@test.com','날씨에 대해 작성한 게시물 614','맑은 날씨와 관련한 내용물 작성','211.238.142.151',27,to_date('2022-07-17','YYYY-MM-DD'));
Insert into SCOTT.TBL_BOARD (NUM,NAME,PWD,EMAIL,SUBJECT,CONTENT,IPADDR,HITCOUNT,CREATED) values (615,'임현지615','java006$','test615@test.com','취미에 대해 작성한 게시물 615','영화감상과 관련한 내용물 작성','211.238.142.169',32,to_date('2022-07-18','YYYY-MM-DD'));
Insert into SCOTT.TBL_BOARD (NUM,NAME,PWD,EMAIL,SUBJECT,CONTENT,IPADDR,HITCOUNT,CREATED) values (616,'최현지616','deep008$','apple616@test.com','운동에 대해 작성한 게시물 616','축구와 관련한 내용물 작성','211.238.142.159',27,to_date('2022-07-19','YYYY-MM-DD'));
Insert into SCOTT.TBL_BOARD (NUM,NAME,PWD,EMAIL,SUBJECT,CONTENT,IPADDR,HITCOUNT,CREATED) values (617,'김현지617','java002$','morning617@test.com','날씨에 대해 작성한 게시물 617','맑은 날씨와 관련한 내용물 작성','211.238.142.151',11,to_date('2022-07-20','YYYY-MM-DD'));
Insert into SCOTT.TBL_BOARD (NUM,NAME,PWD,EMAIL,SUBJECT,CONTENT,IPADDR,HITCOUNT,CREATED) values (618,'정현지618','net007$','apple618@test.com','음식에 대해 작성한 게시물 618','떡볶이와 관련한 내용물 작성','211.238.142.163',27,to_date('2022-07-21','YYYY-MM-DD'));
Insert into SCOTT.TBL_BOARD (NUM,NAME,PWD,EMAIL,SUBJECT,CONTENT,IPADDR,HITCOUNT,CREATED) values (619,'김현지619','java002$','morning619@test.com','날씨에 대해 작성한 게시물 619','맑은 날씨와 관련한 내용물 작성','211.238.142.151',11,to_date('2022-07-22','YYYY-MM-DD'));
Insert into SCOTT.TBL_BOARD (NUM,NAME,PWD,EMAIL,SUBJECT,CONTENT,IPADDR,HITCOUNT,CREATED) values (620,'임현지620','java006$','apple620@test.com','취미에 대해 작성한 게시물 620','영화감상과 관련한 내용물 작성','211.238.142.169',27,to_date('2022-07-23','YYYY-MM-DD'));
Insert into SCOTT.TBL_BOARD (NUM,NAME,PWD,EMAIL,SUBJECT,CONTENT,IPADDR,HITCOUNT,CREATED) values (621,'정현지621','net007$','test621@test.com','음식에 대해 작성한 게시물 621','떡볶이와 관련한 내용물 작성','211.238.142.163',32,to_date('2022-07-24','YYYY-MM-DD'));
Insert into SCOTT.TBL_BOARD (NUM,NAME,PWD,EMAIL,SUBJECT,CONTENT,IPADDR,HITCOUNT,CREATED) values (622,'김현지622','java002$','apple622@test.com','날씨에 대해 작성한 게시물 622','맑은 날씨와 관련한 내용물 작성','211.238.142.151',27,to_date('2022-07-25','YYYY-MM-DD'));
Insert into SCOTT.TBL_BOARD (NUM,NAME,PWD,EMAIL,SUBJECT,CONTENT,IPADDR,HITCOUNT,CREATED) values (623,'최현지623','deep008$','morning623@test.com','운동에 대해 작성한 게시물 623','축구와 관련한 내용물 작성','211.238.142.159',11,to_date('2022-07-26','YYYY-MM-DD'));
Insert into SCOTT.TBL_BOARD (NUM,NAME,PWD,EMAIL,SUBJECT,CONTENT,IPADDR,HITCOUNT,CREATED) values (624,'정현지624','net007$','apple624@test.com','음식에 대해 작성한 게시물 624','떡볶이와 관련한 내용물 작성','211.238.142.163',27,to_date('2022-07-27','YYYY-MM-DD'));
Insert into SCOTT.TBL_BOARD (NUM,NAME,PWD,EMAIL,SUBJECT,CONTENT,IPADDR,HITCOUNT,CREATED) values (625,'임현지625','java006$','morning625@test.com','취미에 대해 작성한 게시물 625','영화감상과 관련한 내용물 작성','211.238.142.169',11,to_date('2022-07-28','YYYY-MM-DD'));
Insert into SCOTT.TBL_BOARD (NUM,NAME,PWD,EMAIL,SUBJECT,CONTENT,IPADDR,HITCOUNT,CREATED) values (626,'김현지626','java002$','apple626@test.com','날씨에 대해 작성한 게시물 626','맑은 날씨와 관련한 내용물 작성','211.238.142.151',27,to_date('2022-07-29','YYYY-MM-DD'));
Insert into SCOTT.TBL_BOARD (NUM,NAME,PWD,EMAIL,SUBJECT,CONTENT,IPADDR,HITCOUNT,CREATED) values (627,'정현지627','net007$','test627@test.com','음식에 대해 작성한 게시물 627','떡볶이와 관련한 내용물 작성','211.238.142.163',32,to_date('2022-07-30','YYYY-MM-DD'));
Insert into SCOTT.TBL_BOARD (NUM,NAME,PWD,EMAIL,SUBJECT,CONTENT,IPADDR,HITCOUNT,CREATED) values (628,'김현지628','java002$','apple628@test.com','날씨에 대해 작성한 게시물 628','맑은 날씨와 관련한 내용물 작성','211.238.142.151',27,to_date('2022-07-31','YYYY-MM-DD'));
Insert into SCOTT.TBL_BOARD (NUM,NAME,PWD,EMAIL,SUBJECT,CONTENT,IPADDR,HITCOUNT,CREATED) values (629,'김현지629','java002$','morning629@test.com','날씨에 대해 작성한 게시물 629','맑은 날씨와 관련한 내용물 작성','211.238.142.151',11,to_date('2022-08-01','YYYY-MM-DD'));
Insert into SCOTT.TBL_BOARD (NUM,NAME,PWD,EMAIL,SUBJECT,CONTENT,IPADDR,HITCOUNT,CREATED) values (630,'임현지630','java006$','apple630@test.com','취미에 대해 작성한 게시물 630','영화감상과 관련한 내용물 작성','211.238.142.169',27,to_date('2022-08-02','YYYY-MM-DD'));
Insert into SCOTT.TBL_BOARD (NUM,NAME,PWD,EMAIL,SUBJECT,CONTENT,IPADDR,HITCOUNT,CREATED) values (631,'김현지631','java002$','morning631@test.com','날씨에 대해 작성한 게시물 631','맑은 날씨와 관련한 내용물 작성','211.238.142.151',11,to_date('2022-08-03','YYYY-MM-DD'));
Insert into SCOTT.TBL_BOARD (NUM,NAME,PWD,EMAIL,SUBJECT,CONTENT,IPADDR,HITCOUNT,CREATED) values (632,'김현지632','java002$','apple632@test.com','날씨에 대해 작성한 게시물 632','맑은 날씨와 관련한 내용물 작성','211.238.142.151',27,to_date('2022-08-04','YYYY-MM-DD'));
Insert into SCOTT.TBL_BOARD (NUM,NAME,PWD,EMAIL,SUBJECT,CONTENT,IPADDR,HITCOUNT,CREATED) values (633,'정현지633','net007$','test633@test.com','음식에 대해 작성한 게시물 633','떡볶이와 관련한 내용물 작성','211.238.142.163',32,to_date('2022-08-05','YYYY-MM-DD'));
Insert into SCOTT.TBL_BOARD (NUM,NAME,PWD,EMAIL,SUBJECT,CONTENT,IPADDR,HITCOUNT,CREATED) values (634,'김현지634','java002$','apple634@test.com','날씨에 대해 작성한 게시물 634','맑은 날씨와 관련한 내용물 작성','211.238.142.151',27,to_date('2022-08-06','YYYY-MM-DD'));
Insert into SCOTT.TBL_BOARD (NUM,NAME,PWD,EMAIL,SUBJECT,CONTENT,IPADDR,HITCOUNT,CREATED) values (635,'임현지635','java006$','morning635@test.com','취미에 대해 작성한 게시물 635','영화감상과 관련한 내용물 작성','211.238.142.169',11,to_date('2022-08-07','YYYY-MM-DD'));
Insert into SCOTT.TBL_BOARD (NUM,NAME,PWD,EMAIL,SUBJECT,CONTENT,IPADDR,HITCOUNT,CREATED) values (636,'정현지636','net007$','apple636@test.com','음식에 대해 작성한 게시물 636','떡볶이와 관련한 내용물 작성','211.238.142.163',27,to_date('2022-08-08','YYYY-MM-DD'));
Insert into SCOTT.TBL_BOARD (NUM,NAME,PWD,EMAIL,SUBJECT,CONTENT,IPADDR,HITCOUNT,CREATED) values (637,'최현지637','deep008$','morning637@test.com','운동에 대해 작성한 게시물 637','축구와 관련한 내용물 작성','211.238.142.159',11,to_date('2022-08-09','YYYY-MM-DD'));
Insert into SCOTT.TBL_BOARD (NUM,NAME,PWD,EMAIL,SUBJECT,CONTENT,IPADDR,HITCOUNT,CREATED) values (638,'김현지638','java002$','apple638@test.com','날씨에 대해 작성한 게시물 638','맑은 날씨와 관련한 내용물 작성','211.238.142.151',27,to_date('2022-08-10','YYYY-MM-DD'));
Insert into SCOTT.TBL_BOARD (NUM,NAME,PWD,EMAIL,SUBJECT,CONTENT,IPADDR,HITCOUNT,CREATED) values (639,'정현지639','net007$','test639@test.com','음식에 대해 작성한 게시물 639','떡볶이와 관련한 내용물 작성','211.238.142.163',32,to_date('2022-08-11','YYYY-MM-DD'));
Insert into SCOTT.TBL_BOARD (NUM,NAME,PWD,EMAIL,SUBJECT,CONTENT,IPADDR,HITCOUNT,CREATED) values (640,'임현지640','java006$','apple640@test.com','취미에 대해 작성한 게시물 640','영화감상과 관련한 내용물 작성','211.238.142.169',27,to_date('2022-08-12','YYYY-MM-DD'));
Insert into SCOTT.TBL_BOARD (NUM,NAME,PWD,EMAIL,SUBJECT,CONTENT,IPADDR,HITCOUNT,CREATED) values (641,'김현지641','java002$','morning641@test.com','날씨에 대해 작성한 게시물 641','맑은 날씨와 관련한 내용물 작성','211.238.142.151',11,to_date('2022-08-13','YYYY-MM-DD'));
Insert into SCOTT.TBL_BOARD (NUM,NAME,PWD,EMAIL,SUBJECT,CONTENT,IPADDR,HITCOUNT,CREATED) values (642,'정현지642','net007$','apple642@test.com','음식에 대해 작성한 게시물 642','떡볶이와 관련한 내용물 작성','211.238.142.163',27,to_date('2022-08-14','YYYY-MM-DD'));
Insert into SCOTT.TBL_BOARD (NUM,NAME,PWD,EMAIL,SUBJECT,CONTENT,IPADDR,HITCOUNT,CREATED) values (643,'김현지643','java002$','morning643@test.com','날씨에 대해 작성한 게시물 643','맑은 날씨와 관련한 내용물 작성','211.238.142.151',11,to_date('2022-08-15','YYYY-MM-DD'));
Insert into SCOTT.TBL_BOARD (NUM,NAME,PWD,EMAIL,SUBJECT,CONTENT,IPADDR,HITCOUNT,CREATED) values (644,'최현지644','deep008$','apple644@test.com','운동에 대해 작성한 게시물 644','축구와 관련한 내용물 작성','211.238.142.159',27,to_date('2022-08-16','YYYY-MM-DD'));
Insert into SCOTT.TBL_BOARD (NUM,NAME,PWD,EMAIL,SUBJECT,CONTENT,IPADDR,HITCOUNT,CREATED) values (645,'임현지645','java006$','test645@test.com','취미에 대해 작성한 게시물 645','영화감상과 관련한 내용물 작성','211.238.142.169',32,to_date('2022-08-17','YYYY-MM-DD'));
Insert into SCOTT.TBL_BOARD (NUM,NAME,PWD,EMAIL,SUBJECT,CONTENT,IPADDR,HITCOUNT,CREATED) values (646,'김현지646','java002$','apple646@test.com','날씨에 대해 작성한 게시물 646','맑은 날씨와 관련한 내용물 작성','211.238.142.151',27,to_date('2022-08-18','YYYY-MM-DD'));
Insert into SCOTT.TBL_BOARD (NUM,NAME,PWD,EMAIL,SUBJECT,CONTENT,IPADDR,HITCOUNT,CREATED) values (647,'김현지647','java002$','morning647@test.com','날씨에 대해 작성한 게시물 647','맑은 날씨와 관련한 내용물 작성','211.238.142.151',11,to_date('2022-08-19','YYYY-MM-DD'));
Insert into SCOTT.TBL_BOARD (NUM,NAME,PWD,EMAIL,SUBJECT,CONTENT,IPADDR,HITCOUNT,CREATED) values (648,'정현지648','net007$','apple648@test.com','음식에 대해 작성한 게시물 648','떡볶이와 관련한 내용물 작성','211.238.142.163',27,to_date('2022-08-20','YYYY-MM-DD'));
Insert into SCOTT.TBL_BOARD (NUM,NAME,PWD,EMAIL,SUBJECT,CONTENT,IPADDR,HITCOUNT,CREATED) values (649,'김현지649','java002$','morning649@test.com','날씨에 대해 작성한 게시물 649','맑은 날씨와 관련한 내용물 작성','211.238.142.151',11,to_date('2022-08-21','YYYY-MM-DD'));
Insert into SCOTT.TBL_BOARD (NUM,NAME,PWD,EMAIL,SUBJECT,CONTENT,IPADDR,HITCOUNT,CREATED) values (650,'임현지650','java006$','apple650@test.com','취미에 대해 작성한 게시물 650','영화감상과 관련한 내용물 작성','211.238.142.169',27,to_date('2022-08-22','YYYY-MM-DD'));
Insert into SCOTT.TBL_BOARD (NUM,NAME,PWD,EMAIL,SUBJECT,CONTENT,IPADDR,HITCOUNT,CREATED) values (651,'정현지651','net007$','test651@test.com','음식에 대해 작성한 게시물 651','떡볶이와 관련한 내용물 작성','211.238.142.163',32,to_date('2022-08-23','YYYY-MM-DD'));
Insert into SCOTT.TBL_BOARD (NUM,NAME,PWD,EMAIL,SUBJECT,CONTENT,IPADDR,HITCOUNT,CREATED) values (652,'김현지652','java002$','apple652@test.com','날씨에 대해 작성한 게시물 652','맑은 날씨와 관련한 내용물 작성','211.238.142.151',27,to_date('2022-08-24','YYYY-MM-DD'));
Insert into SCOTT.TBL_BOARD (NUM,NAME,PWD,EMAIL,SUBJECT,CONTENT,IPADDR,HITCOUNT,CREATED) values (653,'김현지653','java002$','morning653@test.com','날씨에 대해 작성한 게시물 653','맑은 날씨와 관련한 내용물 작성','211.238.142.151',11,to_date('2022-08-25','YYYY-MM-DD'));
Insert into SCOTT.TBL_BOARD (NUM,NAME,PWD,EMAIL,SUBJECT,CONTENT,IPADDR,HITCOUNT,CREATED) values (654,'정현지654','net007$','apple654@test.com','음식에 대해 작성한 게시물 654','떡볶이와 관련한 내용물 작성','211.238.142.163',27,to_date('2022-08-26','YYYY-MM-DD'));
Insert into SCOTT.TBL_BOARD (NUM,NAME,PWD,EMAIL,SUBJECT,CONTENT,IPADDR,HITCOUNT,CREATED) values (655,'임현지655','java006$','morning655@test.com','취미에 대해 작성한 게시물 655','영화감상과 관련한 내용물 작성','211.238.142.169',11,to_date('2022-08-27','YYYY-MM-DD'));
Insert into SCOTT.TBL_BOARD (NUM,NAME,PWD,EMAIL,SUBJECT,CONTENT,IPADDR,HITCOUNT,CREATED) values (656,'김현지656','java002$','apple656@test.com','날씨에 대해 작성한 게시물 656','맑은 날씨와 관련한 내용물 작성','211.238.142.151',27,to_date('2022-08-28','YYYY-MM-DD'));
Insert into SCOTT.TBL_BOARD (NUM,NAME,PWD,EMAIL,SUBJECT,CONTENT,IPADDR,HITCOUNT,CREATED) values (657,'정현지657','net007$','test657@test.com','음식에 대해 작성한 게시물 657','떡볶이와 관련한 내용물 작성','211.238.142.163',32,to_date('2022-08-29','YYYY-MM-DD'));
Insert into SCOTT.TBL_BOARD (NUM,NAME,PWD,EMAIL,SUBJECT,CONTENT,IPADDR,HITCOUNT,CREATED) values (658,'최현지658','deep008$','apple658@test.com','운동에 대해 작성한 게시물 658','축구와 관련한 내용물 작성','211.238.142.159',27,to_date('2022-08-30','YYYY-MM-DD'));
Insert into SCOTT.TBL_BOARD (NUM,NAME,PWD,EMAIL,SUBJECT,CONTENT,IPADDR,HITCOUNT,CREATED) values (659,'김현지659','java002$','morning659@test.com','날씨에 대해 작성한 게시물 659','맑은 날씨와 관련한 내용물 작성','211.238.142.151',11,to_date('2022-08-31','YYYY-MM-DD'));
Insert into SCOTT.TBL_BOARD (NUM,NAME,PWD,EMAIL,SUBJECT,CONTENT,IPADDR,HITCOUNT,CREATED) values (660,'임현지660','java006$','apple660@test.com','취미에 대해 작성한 게시물 660','영화감상과 관련한 내용물 작성','211.238.142.169',27,to_date('2022-09-01','YYYY-MM-DD'));
Insert into SCOTT.TBL_BOARD (NUM,NAME,PWD,EMAIL,SUBJECT,CONTENT,IPADDR,HITCOUNT,CREATED) values (661,'김현지661','java002$','morning661@test.com','날씨에 대해 작성한 게시물 661','맑은 날씨와 관련한 내용물 작성','211.238.142.151',11,to_date('2022-09-02','YYYY-MM-DD'));
Insert into SCOTT.TBL_BOARD (NUM,NAME,PWD,EMAIL,SUBJECT,CONTENT,IPADDR,HITCOUNT,CREATED) values (662,'김현지662','java002$','apple662@test.com','날씨에 대해 작성한 게시물 662','맑은 날씨와 관련한 내용물 작성','211.238.142.151',27,to_date('2022-09-03','YYYY-MM-DD'));
Insert into SCOTT.TBL_BOARD (NUM,NAME,PWD,EMAIL,SUBJECT,CONTENT,IPADDR,HITCOUNT,CREATED) values (663,'정현지663','net007$','test663@test.com','음식에 대해 작성한 게시물 663','떡볶이와 관련한 내용물 작성','211.238.142.163',32,to_date('2022-09-04','YYYY-MM-DD'));
Insert into SCOTT.TBL_BOARD (NUM,NAME,PWD,EMAIL,SUBJECT,CONTENT,IPADDR,HITCOUNT,CREATED) values (664,'김현지664','java002$','apple664@test.com','날씨에 대해 작성한 게시물 664','맑은 날씨와 관련한 내용물 작성','211.238.142.151',27,to_date('2022-09-05','YYYY-MM-DD'));
Insert into SCOTT.TBL_BOARD (NUM,NAME,PWD,EMAIL,SUBJECT,CONTENT,IPADDR,HITCOUNT,CREATED) values (665,'임현지665','java006$','morning665@test.com','취미에 대해 작성한 게시물 665','영화감상과 관련한 내용물 작성','211.238.142.169',11,to_date('2022-09-06','YYYY-MM-DD'));
Insert into SCOTT.TBL_BOARD (NUM,NAME,PWD,EMAIL,SUBJECT,CONTENT,IPADDR,HITCOUNT,CREATED) values (666,'정현지666','net007$','apple666@test.com','음식에 대해 작성한 게시물 666','떡볶이와 관련한 내용물 작성','211.238.142.163',27,to_date('2022-09-07','YYYY-MM-DD'));
Insert into SCOTT.TBL_BOARD (NUM,NAME,PWD,EMAIL,SUBJECT,CONTENT,IPADDR,HITCOUNT,CREATED) values (667,'김현지667','java002$','morning667@test.com','날씨에 대해 작성한 게시물 667','맑은 날씨와 관련한 내용물 작성','211.238.142.151',11,to_date('2022-09-08','YYYY-MM-DD'));
Insert into SCOTT.TBL_BOARD (NUM,NAME,PWD,EMAIL,SUBJECT,CONTENT,IPADDR,HITCOUNT,CREATED) values (668,'김현지668','java002$','apple668@test.com','날씨에 대해 작성한 게시물 668','맑은 날씨와 관련한 내용물 작성','211.238.142.151',27,to_date('2022-09-09','YYYY-MM-DD'));
Insert into SCOTT.TBL_BOARD (NUM,NAME,PWD,EMAIL,SUBJECT,CONTENT,IPADDR,HITCOUNT,CREATED) values (669,'정현지669','net007$','test669@test.com','음식에 대해 작성한 게시물 669','떡볶이와 관련한 내용물 작성','211.238.142.163',32,to_date('2022-09-10','YYYY-MM-DD'));
Insert into SCOTT.TBL_BOARD (NUM,NAME,PWD,EMAIL,SUBJECT,CONTENT,IPADDR,HITCOUNT,CREATED) values (670,'임현지670','java006$','apple670@test.com','취미에 대해 작성한 게시물 670','영화감상과 관련한 내용물 작성','211.238.142.169',27,to_date('2022-09-11','YYYY-MM-DD'));
Insert into SCOTT.TBL_BOARD (NUM,NAME,PWD,EMAIL,SUBJECT,CONTENT,IPADDR,HITCOUNT,CREATED) values (671,'김현지671','java002$','morning671@test.com','날씨에 대해 작성한 게시물 671','맑은 날씨와 관련한 내용물 작성','211.238.142.151',11,to_date('2022-09-12','YYYY-MM-DD'));
Insert into SCOTT.TBL_BOARD (NUM,NAME,PWD,EMAIL,SUBJECT,CONTENT,IPADDR,HITCOUNT,CREATED) values (672,'정현지672','net007$','apple672@test.com','음식에 대해 작성한 게시물 672','떡볶이와 관련한 내용물 작성','211.238.142.163',27,to_date('2022-09-13','YYYY-MM-DD'));
Insert into SCOTT.TBL_BOARD (NUM,NAME,PWD,EMAIL,SUBJECT,CONTENT,IPADDR,HITCOUNT,CREATED) values (673,'김현지673','java002$','morning673@test.com','날씨에 대해 작성한 게시물 673','맑은 날씨와 관련한 내용물 작성','211.238.142.151',11,to_date('2022-09-14','YYYY-MM-DD'));
REM INSERTING into SCOTT.TBL_BUSEO
SET DEFINE OFF;
Insert into SCOTT.TBL_BUSEO (BUSEO_ID,BUSEO_NAME) values (1,'개발부');
Insert into SCOTT.TBL_BUSEO (BUSEO_ID,BUSEO_NAME) values (2,'기획부');
Insert into SCOTT.TBL_BUSEO (BUSEO_ID,BUSEO_NAME) values (3,'영업부');
Insert into SCOTT.TBL_BUSEO (BUSEO_ID,BUSEO_NAME) values (4,'인사부');
Insert into SCOTT.TBL_BUSEO (BUSEO_ID,BUSEO_NAME) values (5,'자재부');
Insert into SCOTT.TBL_BUSEO (BUSEO_ID,BUSEO_NAME) values (6,'총무부');
Insert into SCOTT.TBL_BUSEO (BUSEO_ID,BUSEO_NAME) values (7,'홍보부');
REM INSERTING into SCOTT.TBL_CITY
SET DEFINE OFF;
Insert into SCOTT.TBL_CITY (CITY_ID,CITY_NAME) values (1,'강원');
Insert into SCOTT.TBL_CITY (CITY_ID,CITY_NAME) values (2,'경기');
Insert into SCOTT.TBL_CITY (CITY_ID,CITY_NAME) values (3,'경남');
Insert into SCOTT.TBL_CITY (CITY_ID,CITY_NAME) values (4,'경북');
Insert into SCOTT.TBL_CITY (CITY_ID,CITY_NAME) values (5,'부산');
Insert into SCOTT.TBL_CITY (CITY_ID,CITY_NAME) values (6,'서울');
Insert into SCOTT.TBL_CITY (CITY_ID,CITY_NAME) values (7,'인천');
Insert into SCOTT.TBL_CITY (CITY_ID,CITY_NAME) values (8,'전남');
Insert into SCOTT.TBL_CITY (CITY_ID,CITY_NAME) values (9,'전북');
Insert into SCOTT.TBL_CITY (CITY_ID,CITY_NAME) values (10,'제주');
Insert into SCOTT.TBL_CITY (CITY_ID,CITY_NAME) values (11,'충남');
Insert into SCOTT.TBL_CITY (CITY_ID,CITY_NAME) values (12,'충북');
REM INSERTING into SCOTT.TBL_DAWON
SET DEFINE OFF;
REM INSERTING into SCOTT.TBL_DEPT
SET DEFINE OFF;
Insert into SCOTT.TBL_DEPT (DEPTNO,DNAME,LOC) values (10,'ACCOUNTING','NEW YORK');
Insert into SCOTT.TBL_DEPT (DEPTNO,DNAME,LOC) values (20,'RESEARCH','DALLAS');
Insert into SCOTT.TBL_DEPT (DEPTNO,DNAME,LOC) values (30,'SALES','CHICAGO');
Insert into SCOTT.TBL_DEPT (DEPTNO,DNAME,LOC) values (40,'OPERATIONS','BOSTON');
Insert into SCOTT.TBL_DEPT (DEPTNO,DNAME,LOC) values (50,'개발부','서울');
REM INSERTING into SCOTT.TBL_EMP
SET DEFINE OFF;
Insert into SCOTT.TBL_EMP (EMP_ID,EMP_NAME,SSN,IBSADATE,CITY_ID,TEL,BUSEO_ID,JIKWI_ID,BASICPAY,SUDANG) values (1002,'이순신','801007-1544236',to_date('2000-11-29','YYYY-MM-DD'),2,'010-4758-6532',6,9,1320000,200000);
Insert into SCOTT.TBL_EMP (EMP_ID,EMP_NAME,SSN,IBSADATE,CITY_ID,TEL,BUSEO_ID,JIKWI_ID,BASICPAY,SUDANG) values (1003,'이순애','770922-2312547',to_date('1999-02-25','YYYY-MM-DD'),7,'010-4231-1236',1,5,2550000,160000);
Insert into SCOTT.TBL_EMP (EMP_ID,EMP_NAME,SSN,IBSADATE,CITY_ID,TEL,BUSEO_ID,JIKWI_ID,BASICPAY,SUDANG) values (1004,'김정훈','790304-1788896',to_date('2000-10-01','YYYY-MM-DD'),9,'019-5236-4221',3,8,1954200,170000);
Insert into SCOTT.TBL_EMP (EMP_ID,EMP_NAME,SSN,IBSADATE,CITY_ID,TEL,BUSEO_ID,JIKWI_ID,BASICPAY,SUDANG) values (1005,'한석봉','811112-1566789',to_date('2004-08-13','YYYY-MM-DD'),6,'018-5211-3542',6,9,1420000,160000);
Insert into SCOTT.TBL_EMP (EMP_ID,EMP_NAME,SSN,IBSADATE,CITY_ID,TEL,BUSEO_ID,JIKWI_ID,BASICPAY,SUDANG) values (1006,'이기자','780505-2978541',to_date('2002-02-11','YYYY-MM-DD'),7,'010-3214-5357',1,7,2265000,150000);
Insert into SCOTT.TBL_EMP (EMP_ID,EMP_NAME,SSN,IBSADATE,CITY_ID,TEL,BUSEO_ID,JIKWI_ID,BASICPAY,SUDANG) values (1007,'장인철','780506-1625148',to_date('1998-03-16','YYYY-MM-DD'),10,'011-2345-2525',1,8,1250000,150000);
Insert into SCOTT.TBL_EMP (EMP_ID,EMP_NAME,SSN,IBSADATE,CITY_ID,TEL,BUSEO_ID,JIKWI_ID,BASICPAY,SUDANG) values (1008,'김영년','821011-2362514',to_date('2002-04-30','YYYY-MM-DD'),6,'016-2222-4444',7,9,950000,145000);
Insert into SCOTT.TBL_EMP (EMP_ID,EMP_NAME,SSN,IBSADATE,CITY_ID,TEL,BUSEO_ID,JIKWI_ID,BASICPAY,SUDANG) values (1009,'나윤균','810810-1552147',to_date('2003-10-10','YYYY-MM-DD'),2,'019-1111-2222',4,9,840000,220400);
Insert into SCOTT.TBL_EMP (EMP_ID,EMP_NAME,SSN,IBSADATE,CITY_ID,TEL,BUSEO_ID,JIKWI_ID,BASICPAY,SUDANG) values (1010,'김종서','751010-1122233',to_date('1997-08-08','YYYY-MM-DD'),5,'011-3214-5555',3,5,2540000,130000);
Insert into SCOTT.TBL_EMP (EMP_ID,EMP_NAME,SSN,IBSADATE,CITY_ID,TEL,BUSEO_ID,JIKWI_ID,BASICPAY,SUDANG) values (1011,'유관순','801010-2987897',to_date('2000-07-07','YYYY-MM-DD'),6,'010-8888-4422',3,9,1020000,140000);
Insert into SCOTT.TBL_EMP (EMP_ID,EMP_NAME,SSN,IBSADATE,CITY_ID,TEL,BUSEO_ID,JIKWI_ID,BASICPAY,SUDANG) values (1012,'정한국','760909-1333333',to_date('1999-10-16','YYYY-MM-DD'),1,'018-2222-4242',7,9,880000,114000);
Insert into SCOTT.TBL_EMP (EMP_ID,EMP_NAME,SSN,IBSADATE,CITY_ID,TEL,BUSEO_ID,JIKWI_ID,BASICPAY,SUDANG) values (1013,'조미숙','790102-2777777',to_date('1998-06-07','YYYY-MM-DD'),2,'019-6666-4444',7,8,1601000,103000);
Insert into SCOTT.TBL_EMP (EMP_ID,EMP_NAME,SSN,IBSADATE,CITY_ID,TEL,BUSEO_ID,JIKWI_ID,BASICPAY,SUDANG) values (1014,'황진이','810707-2574812',to_date('2002-02-15','YYYY-MM-DD'),7,'010-3214-5467',1,9,1100000,130000);
Insert into SCOTT.TBL_EMP (EMP_ID,EMP_NAME,SSN,IBSADATE,CITY_ID,TEL,BUSEO_ID,JIKWI_ID,BASICPAY,SUDANG) values (1015,'이현숙','800606-2954687',to_date('1999-07-26','YYYY-MM-DD'),2,'016-2548-3365',6,9,1050000,104000);
Insert into SCOTT.TBL_EMP (EMP_ID,EMP_NAME,SSN,IBSADATE,CITY_ID,TEL,BUSEO_ID,JIKWI_ID,BASICPAY,SUDANG) values (1016,'이상헌','781010-1666678',to_date('2001-11-29','YYYY-MM-DD'),2,'010-4526-1234',1,7,2350000,150000);
Insert into SCOTT.TBL_EMP (EMP_ID,EMP_NAME,SSN,IBSADATE,CITY_ID,TEL,BUSEO_ID,JIKWI_ID,BASICPAY,SUDANG) values (1017,'엄용수','820507-1452365',to_date('2000-08-28','YYYY-MM-DD'),7,'010-3254-2542',1,9,950000,210000);
Insert into SCOTT.TBL_EMP (EMP_ID,EMP_NAME,SSN,IBSADATE,CITY_ID,TEL,BUSEO_ID,JIKWI_ID,BASICPAY,SUDANG) values (1018,'이성길','801028-1849534',to_date('2004-08-08','YYYY-MM-DD'),9,'018-1333-3333',1,9,880000,123000);
Insert into SCOTT.TBL_EMP (EMP_ID,EMP_NAME,SSN,IBSADATE,CITY_ID,TEL,BUSEO_ID,JIKWI_ID,BASICPAY,SUDANG) values (1019,'박문수','780710-1985632',to_date('1999-12-10','YYYY-MM-DD'),6,'017-4747-4848',4,7,2300000,165000);
Insert into SCOTT.TBL_EMP (EMP_ID,EMP_NAME,SSN,IBSADATE,CITY_ID,TEL,BUSEO_ID,JIKWI_ID,BASICPAY,SUDANG) values (1020,'유영희','800304-2741258',to_date('2003-10-10','YYYY-MM-DD'),8,'011-9595-8585',5,9,880000,140000);
Insert into SCOTT.TBL_EMP (EMP_ID,EMP_NAME,SSN,IBSADATE,CITY_ID,TEL,BUSEO_ID,JIKWI_ID,BASICPAY,SUDANG) values (1021,'홍길남','801010-1111111',to_date('2001-09-07','YYYY-MM-DD'),2,'011-9999-7575',1,9,875000,120000);
Insert into SCOTT.TBL_EMP (EMP_ID,EMP_NAME,SSN,IBSADATE,CITY_ID,TEL,BUSEO_ID,JIKWI_ID,BASICPAY,SUDANG) values (1022,'이영숙','800501-2312456',to_date('2003-02-25','YYYY-MM-DD'),8,'017-5214-5282',2,8,1960000,180000);
Insert into SCOTT.TBL_EMP (EMP_ID,EMP_NAME,SSN,IBSADATE,CITY_ID,TEL,BUSEO_ID,JIKWI_ID,BASICPAY,SUDANG) values (1023,'김인수','731211-1214576',to_date('1995-02-23','YYYY-MM-DD'),6,null,3,5,2500000,170000);
Insert into SCOTT.TBL_EMP (EMP_ID,EMP_NAME,SSN,IBSADATE,CITY_ID,TEL,BUSEO_ID,JIKWI_ID,BASICPAY,SUDANG) values (1024,'김말자','830225-2633334',to_date('1999-08-28','YYYY-MM-DD'),6,'011-5248-7789',2,8,1900000,170000);
Insert into SCOTT.TBL_EMP (EMP_ID,EMP_NAME,SSN,IBSADATE,CITY_ID,TEL,BUSEO_ID,JIKWI_ID,BASICPAY,SUDANG) values (1025,'우재옥','801103-1654442',to_date('2000-10-01','YYYY-MM-DD'),6,'010-4563-2587',3,9,1100000,160000);
Insert into SCOTT.TBL_EMP (EMP_ID,EMP_NAME,SSN,IBSADATE,CITY_ID,TEL,BUSEO_ID,JIKWI_ID,BASICPAY,SUDANG) values (1026,'김숙남','810907-2015457',to_date('2002-08-28','YYYY-MM-DD'),2,'010-2112-5225',3,9,1050000,150000);
Insert into SCOTT.TBL_EMP (EMP_ID,EMP_NAME,SSN,IBSADATE,CITY_ID,TEL,BUSEO_ID,JIKWI_ID,BASICPAY,SUDANG) values (1027,'김영길','801216-1898752',to_date('2000-10-18','YYYY-MM-DD'),6,'019-8523-1478',6,7,2340000,170000);
Insert into SCOTT.TBL_EMP (EMP_ID,EMP_NAME,SSN,IBSADATE,CITY_ID,TEL,BUSEO_ID,JIKWI_ID,BASICPAY,SUDANG) values (1028,'이남신','810101-1010101',to_date('2001-09-07','YYYY-MM-DD'),10,'016-1818-4848',4,9,892000,110000);
Insert into SCOTT.TBL_EMP (EMP_ID,EMP_NAME,SSN,IBSADATE,CITY_ID,TEL,BUSEO_ID,JIKWI_ID,BASICPAY,SUDANG) values (1029,'김말숙','800301-2020202',to_date('2000-09-08','YYYY-MM-DD'),6,'016-3535-3636',6,9,920000,124000);
Insert into SCOTT.TBL_EMP (EMP_ID,EMP_NAME,SSN,IBSADATE,CITY_ID,TEL,BUSEO_ID,JIKWI_ID,BASICPAY,SUDANG) values (1030,'정정해','790210-2101010',to_date('1999-10-17','YYYY-MM-DD'),5,'019-6564-6752',6,7,2304000,124000);
Insert into SCOTT.TBL_EMP (EMP_ID,EMP_NAME,SSN,IBSADATE,CITY_ID,TEL,BUSEO_ID,JIKWI_ID,BASICPAY,SUDANG) values (1031,'지재환','771115-1687988',to_date('2001-01-21','YYYY-MM-DD'),6,'019-5552-7511',2,5,2450000,160000);
Insert into SCOTT.TBL_EMP (EMP_ID,EMP_NAME,SSN,IBSADATE,CITY_ID,TEL,BUSEO_ID,JIKWI_ID,BASICPAY,SUDANG) values (1032,'심심해','810206-2222222',to_date('2000-05-05','YYYY-MM-DD'),9,'016-8888-7474',5,9,880000,108000);
Insert into SCOTT.TBL_EMP (EMP_ID,EMP_NAME,SSN,IBSADATE,CITY_ID,TEL,BUSEO_ID,JIKWI_ID,BASICPAY,SUDANG) values (1033,'김미나','780505-2999999',to_date('1998-06-07','YYYY-MM-DD'),6,'011-2444-4444',3,9,1020000,104000);
Insert into SCOTT.TBL_EMP (EMP_ID,EMP_NAME,SSN,IBSADATE,CITY_ID,TEL,BUSEO_ID,JIKWI_ID,BASICPAY,SUDANG) values (1034,'이정석','820505-1325468',to_date('2005-09-26','YYYY-MM-DD'),2,'011-3697-7412',2,9,1100000,160000);
Insert into SCOTT.TBL_EMP (EMP_ID,EMP_NAME,SSN,IBSADATE,CITY_ID,TEL,BUSEO_ID,JIKWI_ID,BASICPAY,SUDANG) values (1035,'정영희','831010-2153252',to_date('2002-05-16','YYYY-MM-DD'),7,null,1,9,1050000,140000);
Insert into SCOTT.TBL_EMP (EMP_ID,EMP_NAME,SSN,IBSADATE,CITY_ID,TEL,BUSEO_ID,JIKWI_ID,BASICPAY,SUDANG) values (1036,'이재영','701126-2852147',to_date('2003-08-10','YYYY-MM-DD'),6,'011-9999-9999',5,9,960400,190000);
Insert into SCOTT.TBL_EMP (EMP_ID,EMP_NAME,SSN,IBSADATE,CITY_ID,TEL,BUSEO_ID,JIKWI_ID,BASICPAY,SUDANG) values (1037,'최석규','770129-1456987',to_date('1998-10-15','YYYY-MM-DD'),7,'011-7777-7777',7,7,2350000,187000);
Insert into SCOTT.TBL_EMP (EMP_ID,EMP_NAME,SSN,IBSADATE,CITY_ID,TEL,BUSEO_ID,JIKWI_ID,BASICPAY,SUDANG) values (1038,'손인수','791009-2321456',to_date('1999-11-15','YYYY-MM-DD'),5,'010-6542-7412',3,8,2000000,150000);
Insert into SCOTT.TBL_EMP (EMP_ID,EMP_NAME,SSN,IBSADATE,CITY_ID,TEL,BUSEO_ID,JIKWI_ID,BASICPAY,SUDANG) values (1039,'고순정','800504-2000032',to_date('2003-12-28','YYYY-MM-DD'),2,'010-2587-7895',3,8,2010000,160000);
Insert into SCOTT.TBL_EMP (EMP_ID,EMP_NAME,SSN,IBSADATE,CITY_ID,TEL,BUSEO_ID,JIKWI_ID,BASICPAY,SUDANG) values (1040,'박세열','790509-1635214',to_date('2000-09-10','YYYY-MM-DD'),4,'016-4444-7777',4,8,2100000,130000);
Insert into SCOTT.TBL_EMP (EMP_ID,EMP_NAME,SSN,IBSADATE,CITY_ID,TEL,BUSEO_ID,JIKWI_ID,BASICPAY,SUDANG) values (1041,'문길수','721217-1951357',to_date('2001-12-10','YYYY-MM-DD'),11,'016-4444-5555',5,7,2300000,150000);
Insert into SCOTT.TBL_EMP (EMP_ID,EMP_NAME,SSN,IBSADATE,CITY_ID,TEL,BUSEO_ID,JIKWI_ID,BASICPAY,SUDANG) values (1042,'채정희','810709-2000054',to_date('2003-10-17','YYYY-MM-DD'),2,'011-5125-5511',1,9,1020000,200000);
Insert into SCOTT.TBL_EMP (EMP_ID,EMP_NAME,SSN,IBSADATE,CITY_ID,TEL,BUSEO_ID,JIKWI_ID,BASICPAY,SUDANG) values (1043,'양미옥','830504-2471523',to_date('2003-09-24','YYYY-MM-DD'),6,'016-8548-6547',3,9,1100000,210000);
Insert into SCOTT.TBL_EMP (EMP_ID,EMP_NAME,SSN,IBSADATE,CITY_ID,TEL,BUSEO_ID,JIKWI_ID,BASICPAY,SUDANG) values (1044,'지수환','820305-1475286',to_date('2004-01-21','YYYY-MM-DD'),6,'011-5555-7548',3,9,1060000,220000);
Insert into SCOTT.TBL_EMP (EMP_ID,EMP_NAME,SSN,IBSADATE,CITY_ID,TEL,BUSEO_ID,JIKWI_ID,BASICPAY,SUDANG) values (1045,'홍원신','690906-1985214',to_date('2003-03-16','YYYY-MM-DD'),9,'011-7777-7777',3,9,960000,152000);
Insert into SCOTT.TBL_EMP (EMP_ID,EMP_NAME,SSN,IBSADATE,CITY_ID,TEL,BUSEO_ID,JIKWI_ID,BASICPAY,SUDANG) values (1046,'허경운','760105-1458752',to_date('1999-05-04','YYYY-MM-DD'),3,'017-3333-3333',6,5,2650000,150000);
Insert into SCOTT.TBL_EMP (EMP_ID,EMP_NAME,SSN,IBSADATE,CITY_ID,TEL,BUSEO_ID,JIKWI_ID,BASICPAY,SUDANG) values (1047,'산마루','780505-1234567',to_date('2001-07-15','YYYY-MM-DD'),6,'018-0505-0505',3,8,2100000,112000);
Insert into SCOTT.TBL_EMP (EMP_ID,EMP_NAME,SSN,IBSADATE,CITY_ID,TEL,BUSEO_ID,JIKWI_ID,BASICPAY,SUDANG) values (1048,'이기상','790604-1415141',to_date('2001-06-07','YYYY-MM-DD'),8,null,1,8,2050000,106000);
Insert into SCOTT.TBL_EMP (EMP_ID,EMP_NAME,SSN,IBSADATE,CITY_ID,TEL,BUSEO_ID,JIKWI_ID,BASICPAY,SUDANG) values (1049,'이미성','830908-2456548',to_date('2000-04-07','YYYY-MM-DD'),7,'010-6654-8854',1,9,1300000,130000);
Insert into SCOTT.TBL_EMP (EMP_ID,EMP_NAME,SSN,IBSADATE,CITY_ID,TEL,BUSEO_ID,JIKWI_ID,BASICPAY,SUDANG) values (1050,'이미인','810403-2828287',to_date('2003-06-07','YYYY-MM-DD'),2,'011-8585-5252',7,8,1950000,103000);
Insert into SCOTT.TBL_EMP (EMP_ID,EMP_NAME,SSN,IBSADATE,CITY_ID,TEL,BUSEO_ID,JIKWI_ID,BASICPAY,SUDANG) values (1051,'권영미','790303-2155554',to_date('2000-06-04','YYYY-MM-DD'),6,'011-5555-7548',3,7,2260000,104000);
Insert into SCOTT.TBL_EMP (EMP_ID,EMP_NAME,SSN,IBSADATE,CITY_ID,TEL,BUSEO_ID,JIKWI_ID,BASICPAY,SUDANG) values (1052,'권옥경','820406-2000456',to_date('2000-10-10','YYYY-MM-DD'),2,'010-3644-5577',2,9,1020000,105000);
Insert into SCOTT.TBL_EMP (EMP_ID,EMP_NAME,SSN,IBSADATE,CITY_ID,TEL,BUSEO_ID,JIKWI_ID,BASICPAY,SUDANG) values (1053,'김싱식','800715-1313131',to_date('1999-12-12','YYYY-MM-DD'),9,'011-7585-7474',5,9,960000,108000);
Insert into SCOTT.TBL_EMP (EMP_ID,EMP_NAME,SSN,IBSADATE,CITY_ID,TEL,BUSEO_ID,JIKWI_ID,BASICPAY,SUDANG) values (1054,'정상호','810705-1212141',to_date('1999-10-16','YYYY-MM-DD'),1,'016-1919-4242',7,9,980000,114000);
Insert into SCOTT.TBL_EMP (EMP_ID,EMP_NAME,SSN,IBSADATE,CITY_ID,TEL,BUSEO_ID,JIKWI_ID,BASICPAY,SUDANG) values (1055,'정한나','820506-2425153',to_date('2004-06-07','YYYY-MM-DD'),6,'016-2424-4242',3,9,1000000,104000);
Insert into SCOTT.TBL_EMP (EMP_ID,EMP_NAME,SSN,IBSADATE,CITY_ID,TEL,BUSEO_ID,JIKWI_ID,BASICPAY,SUDANG) values (1056,'전용재','800605-1456987',to_date('2004-08-13','YYYY-MM-DD'),7,'010-7549-8654',3,8,1950000,200000);
Insert into SCOTT.TBL_EMP (EMP_ID,EMP_NAME,SSN,IBSADATE,CITY_ID,TEL,BUSEO_ID,JIKWI_ID,BASICPAY,SUDANG) values (1057,'이미경','780406-2003214',to_date('1998-02-11','YYYY-MM-DD'),2,'016-6542-7546',5,5,2520000,160000);
Insert into SCOTT.TBL_EMP (EMP_ID,EMP_NAME,SSN,IBSADATE,CITY_ID,TEL,BUSEO_ID,JIKWI_ID,BASICPAY,SUDANG) values (1058,'김신제','800709-1321456',to_date('2003-08-08','YYYY-MM-DD'),7,'010-2415-5444',2,8,1950000,180000);
Insert into SCOTT.TBL_EMP (EMP_ID,EMP_NAME,SSN,IBSADATE,CITY_ID,TEL,BUSEO_ID,JIKWI_ID,BASICPAY,SUDANG) values (1059,'임수봉','810809-2121244',to_date('2001-10-10','YYYY-MM-DD'),6,'011-4151-4154',1,9,890000,102000);
Insert into SCOTT.TBL_EMP (EMP_ID,EMP_NAME,SSN,IBSADATE,CITY_ID,TEL,BUSEO_ID,JIKWI_ID,BASICPAY,SUDANG) values (1060,'김신애','810809-2111111',to_date('2001-10-10','YYYY-MM-DD'),6,'011-4151-4444',1,9,900000,102000);
Insert into SCOTT.TBL_EMP (EMP_ID,EMP_NAME,SSN,IBSADATE,CITY_ID,TEL,BUSEO_ID,JIKWI_ID,BASICPAY,SUDANG) values (1061,'이호석','961112-1234567',to_date('2020-11-11','YYYY-MM-DD'),6,'010-9600-1715',1,8,5000000,2000000);
Insert into SCOTT.TBL_EMP (EMP_ID,EMP_NAME,SSN,IBSADATE,CITY_ID,TEL,BUSEO_ID,JIKWI_ID,BASICPAY,SUDANG) values (1062,'박현수','950513-2234567',to_date('2020-09-13','YYYY-MM-DD'),4,'010-2503-7837',1,7,50000000,2000000);
Insert into SCOTT.TBL_EMP (EMP_ID,EMP_NAME,SSN,IBSADATE,CITY_ID,TEL,BUSEO_ID,JIKWI_ID,BASICPAY,SUDANG) values (1063,'신시은','991031-2030211',to_date('1999-10-31','YYYY-MM-DD'),6,'010-6267-0734',1,1,9500000,5500000);
REM INSERTING into SCOTT.TBL_EVENTLOG
SET DEFINE OFF;
Insert into SCOTT.TBL_EVENTLOG (MEMO,ILJA) values ('INSERT 쿼리가 실행되었습니다.',to_date('2022-03-14','YYYY-MM-DD'));
Insert into SCOTT.TBL_EVENTLOG (MEMO,ILJA) values ('INSERT 쿼리가 실행되었습니다.',to_date('2022-03-14','YYYY-MM-DD'));
Insert into SCOTT.TBL_EVENTLOG (MEMO,ILJA) values ('INSERT 쿼리가 실행되었습니다.',to_date('2022-03-14','YYYY-MM-DD'));
Insert into SCOTT.TBL_EVENTLOG (MEMO,ILJA) values ('UPDATE 쿼리가 실행되었습니다.',to_date('2022-03-14','YYYY-MM-DD'));
Insert into SCOTT.TBL_EVENTLOG (MEMO,ILJA) values ('UPDATE 쿼리가 실행되었습니다.',to_date('2022-03-14','YYYY-MM-DD'));
Insert into SCOTT.TBL_EVENTLOG (MEMO,ILJA) values ('DELETE 쿼리가 실행되었습니다.',to_date('2022-03-14','YYYY-MM-DD'));
Insert into SCOTT.TBL_EVENTLOG (MEMO,ILJA) values ('DELETE 쿼리가 실행되었습니다.',to_date('2022-03-14','YYYY-MM-DD'));
Insert into SCOTT.TBL_EVENTLOG (MEMO,ILJA) values ('DELETE 쿼리가 실행되었습니다.',to_date('2022-03-14','YYYY-MM-DD'));
Insert into SCOTT.TBL_EVENTLOG (MEMO,ILJA) values ('INSERT 쿼리가 실행되었습니다.',to_date('2022-03-14','YYYY-MM-DD'));
Insert into SCOTT.TBL_EVENTLOG (MEMO,ILJA) values ('INSERT 쿼리가 실행되었습니다.',to_date('2022-03-14','YYYY-MM-DD'));
Insert into SCOTT.TBL_EVENTLOG (MEMO,ILJA) values ('INSERT 쿼리가 실행되었습니다.',to_date('2022-03-14','YYYY-MM-DD'));
Insert into SCOTT.TBL_EVENTLOG (MEMO,ILJA) values ('UPDATE 쿼리가 실행되었습니다.',to_date('2022-03-14','YYYY-MM-DD'));
Insert into SCOTT.TBL_EVENTLOG (MEMO,ILJA) values ('DELETE 쿼리가 실행되었습니다.',to_date('2022-03-14','YYYY-MM-DD'));
REM INSERTING into SCOTT.TBL_EXAMPLE1
SET DEFINE OFF;
REM INSERTING into SCOTT.TBL_EXAMPLE2
SET DEFINE OFF;
REM INSERTING into SCOTT.TBL_FILES
SET DEFINE OFF;
Insert into SCOTT.TBL_FILES (FILENO,FILENAME) values (1,'C:\AAA\BBB\CCC\SALES.DOC');
Insert into SCOTT.TBL_FILES (FILENO,FILENAME) values (2,'C:\AAA\PANMAE.XXLS');
Insert into SCOTT.TBL_FILES (FILENO,FILENAME) values (3,'D:\RESEARCH.PPT');
Insert into SCOTT.TBL_FILES (FILENO,FILENAME) values (4,'C:\DOCUMENTS\STUDY.HWP');
Insert into SCOTT.TBL_FILES (FILENO,FILENAME) values (5,'C:\DOCUMENTS\TEMP\SQL.TXT');
Insert into SCOTT.TBL_FILES (FILENO,FILENAME) values (6,'D:\SHARE\F\TEST.PNG');
Insert into SCOTT.TBL_FILES (FILENO,FILENAME) values (7,'E:\STUDY\ORACLE.SQL');
REM INSERTING into SCOTT.TBL_IDPW
SET DEFINE OFF;
Insert into SCOTT.TBL_IDPW (ID,PW) values ('happy','java006$');
Insert into SCOTT.TBL_IDPW (ID,PW) values ('rainbow','java006$');
REM INSERTING into SCOTT.TBL_INSA
SET DEFINE OFF;
Insert into SCOTT.TBL_INSA (NUM,NAME,SSN,IBSADATE,CITY,TEL,BUSEO,JIKWI,BASICPAY,SUDANG) values (1061,'양윤정','970131-2234567',to_date('2022-03-11','YYYY-MM-DD'),'서울','010-8624-4533','개발부','대리',2000000,2000000);
Insert into SCOTT.TBL_INSA (NUM,NAME,SSN,IBSADATE,CITY,TEL,BUSEO,JIKWI,BASICPAY,SUDANG) values (1001,'홍길동','771212-1022432',to_date('1998-10-11','YYYY-MM-DD'),'서울','011-2356-4528','기획부','부장',2610000,200000);
Insert into SCOTT.TBL_INSA (NUM,NAME,SSN,IBSADATE,CITY,TEL,BUSEO,JIKWI,BASICPAY,SUDANG) values (1002,'이순신','801007-1544236',to_date('2000-11-29','YYYY-MM-DD'),'경기','010-4758-6532','총무부','사원',1320000,200000);
Insert into SCOTT.TBL_INSA (NUM,NAME,SSN,IBSADATE,CITY,TEL,BUSEO,JIKWI,BASICPAY,SUDANG) values (1003,'이순애','770922-2312547',to_date('1999-02-25','YYYY-MM-DD'),'인천','010-4231-1236','개발부','부장',2550000,160000);
Insert into SCOTT.TBL_INSA (NUM,NAME,SSN,IBSADATE,CITY,TEL,BUSEO,JIKWI,BASICPAY,SUDANG) values (1004,'김정훈','790304-1788896',to_date('2000-10-01','YYYY-MM-DD'),'전북','019-5236-4221','영업부','대리',1954200,170000);
Insert into SCOTT.TBL_INSA (NUM,NAME,SSN,IBSADATE,CITY,TEL,BUSEO,JIKWI,BASICPAY,SUDANG) values (1005,'한석봉','811112-1566789',to_date('2004-08-13','YYYY-MM-DD'),'서울','018-5211-3542','총무부','사원',1420000,160000);
Insert into SCOTT.TBL_INSA (NUM,NAME,SSN,IBSADATE,CITY,TEL,BUSEO,JIKWI,BASICPAY,SUDANG) values (1006,'이기자','780505-2978541',to_date('2002-02-11','YYYY-MM-DD'),'인천','010-3214-5357','개발부','과장',2265000,150000);
Insert into SCOTT.TBL_INSA (NUM,NAME,SSN,IBSADATE,CITY,TEL,BUSEO,JIKWI,BASICPAY,SUDANG) values (1007,'장인철','780506-1625148',to_date('1998-03-16','YYYY-MM-DD'),'제주','011-2345-2525','개발부','대리',1250000,150000);
Insert into SCOTT.TBL_INSA (NUM,NAME,SSN,IBSADATE,CITY,TEL,BUSEO,JIKWI,BASICPAY,SUDANG) values (1008,'김영년','821011-2362514',to_date('2002-04-30','YYYY-MM-DD'),'서울','016-2222-4444','홍보부','사원',950000,145000);
Insert into SCOTT.TBL_INSA (NUM,NAME,SSN,IBSADATE,CITY,TEL,BUSEO,JIKWI,BASICPAY,SUDANG) values (1009,'나윤균','810810-1552147',to_date('2003-10-10','YYYY-MM-DD'),'경기','019-1111-2222','인사부','사원',840000,220400);
Insert into SCOTT.TBL_INSA (NUM,NAME,SSN,IBSADATE,CITY,TEL,BUSEO,JIKWI,BASICPAY,SUDANG) values (1010,'김종서','751010-1122233',to_date('1997-08-08','YYYY-MM-DD'),'부산','011-3214-5555','영업부','부장',2540000,130000);
Insert into SCOTT.TBL_INSA (NUM,NAME,SSN,IBSADATE,CITY,TEL,BUSEO,JIKWI,BASICPAY,SUDANG) values (1011,'유관순','801010-2987897',to_date('2000-07-07','YYYY-MM-DD'),'서울','010-8888-4422','영업부','사원',1020000,140000);
Insert into SCOTT.TBL_INSA (NUM,NAME,SSN,IBSADATE,CITY,TEL,BUSEO,JIKWI,BASICPAY,SUDANG) values (1012,'정한국','760909-1333333',to_date('1999-10-16','YYYY-MM-DD'),'강원','018-2222-4242','홍보부','사원',880000,114000);
Insert into SCOTT.TBL_INSA (NUM,NAME,SSN,IBSADATE,CITY,TEL,BUSEO,JIKWI,BASICPAY,SUDANG) values (1013,'조미숙','790102-2777777',to_date('1998-06-07','YYYY-MM-DD'),'경기','019-6666-4444','홍보부','대리',1601000,103000);
Insert into SCOTT.TBL_INSA (NUM,NAME,SSN,IBSADATE,CITY,TEL,BUSEO,JIKWI,BASICPAY,SUDANG) values (1014,'황진이','810707-2574812',to_date('2002-02-15','YYYY-MM-DD'),'인천','010-3214-5467','개발부','사원',1100000,130000);
Insert into SCOTT.TBL_INSA (NUM,NAME,SSN,IBSADATE,CITY,TEL,BUSEO,JIKWI,BASICPAY,SUDANG) values (1015,'이현숙','800606-2954687',to_date('1999-07-26','YYYY-MM-DD'),'경기','016-2548-3365','총무부','사원',1050000,104000);
Insert into SCOTT.TBL_INSA (NUM,NAME,SSN,IBSADATE,CITY,TEL,BUSEO,JIKWI,BASICPAY,SUDANG) values (1016,'이상헌','781010-1666678',to_date('2001-11-29','YYYY-MM-DD'),'경기','010-4526-1234','개발부','과장',2350000,150000);
Insert into SCOTT.TBL_INSA (NUM,NAME,SSN,IBSADATE,CITY,TEL,BUSEO,JIKWI,BASICPAY,SUDANG) values (1017,'엄용수','820507-1452365',to_date('2000-08-28','YYYY-MM-DD'),'인천','010-3254-2542','개발부','사원',950000,210000);
Insert into SCOTT.TBL_INSA (NUM,NAME,SSN,IBSADATE,CITY,TEL,BUSEO,JIKWI,BASICPAY,SUDANG) values (1018,'이성길','801028-1849534',to_date('2004-08-08','YYYY-MM-DD'),'전북','018-1333-3333','개발부','사원',880000,123000);
Insert into SCOTT.TBL_INSA (NUM,NAME,SSN,IBSADATE,CITY,TEL,BUSEO,JIKWI,BASICPAY,SUDANG) values (1019,'박문수','780710-1985632',to_date('1999-12-10','YYYY-MM-DD'),'서울','017-4747-4848','인사부','과장',2300000,165000);
Insert into SCOTT.TBL_INSA (NUM,NAME,SSN,IBSADATE,CITY,TEL,BUSEO,JIKWI,BASICPAY,SUDANG) values (1020,'유영희','800304-2741258',to_date('2003-10-10','YYYY-MM-DD'),'전남','011-9595-8585','자재부','사원',880000,140000);
Insert into SCOTT.TBL_INSA (NUM,NAME,SSN,IBSADATE,CITY,TEL,BUSEO,JIKWI,BASICPAY,SUDANG) values (1021,'홍길남','801010-1111111',to_date('2001-09-07','YYYY-MM-DD'),'경기','011-9999-7575','개발부','사원',875000,120000);
Insert into SCOTT.TBL_INSA (NUM,NAME,SSN,IBSADATE,CITY,TEL,BUSEO,JIKWI,BASICPAY,SUDANG) values (1022,'이영숙','800501-2312456',to_date('2003-02-25','YYYY-MM-DD'),'전남','017-5214-5282','기획부','대리',1960000,180000);
Insert into SCOTT.TBL_INSA (NUM,NAME,SSN,IBSADATE,CITY,TEL,BUSEO,JIKWI,BASICPAY,SUDANG) values (1023,'김인수','731211-1214576',to_date('1995-02-23','YYYY-MM-DD'),'서울',null,'영업부','부장',2500000,170000);
Insert into SCOTT.TBL_INSA (NUM,NAME,SSN,IBSADATE,CITY,TEL,BUSEO,JIKWI,BASICPAY,SUDANG) values (1024,'김말자','830225-2633334',to_date('1999-08-28','YYYY-MM-DD'),'서울','011-5248-7789','기획부','대리',1900000,170000);
Insert into SCOTT.TBL_INSA (NUM,NAME,SSN,IBSADATE,CITY,TEL,BUSEO,JIKWI,BASICPAY,SUDANG) values (1025,'우재옥','801103-1654442',to_date('2000-10-01','YYYY-MM-DD'),'서울','010-4563-2587','영업부','사원',1100000,160000);
Insert into SCOTT.TBL_INSA (NUM,NAME,SSN,IBSADATE,CITY,TEL,BUSEO,JIKWI,BASICPAY,SUDANG) values (1026,'김숙남','810907-2015457',to_date('2002-08-28','YYYY-MM-DD'),'경기','010-2112-5225','영업부','사원',1050000,150000);
Insert into SCOTT.TBL_INSA (NUM,NAME,SSN,IBSADATE,CITY,TEL,BUSEO,JIKWI,BASICPAY,SUDANG) values (1027,'김영길','801216-1898752',to_date('2000-10-18','YYYY-MM-DD'),'서울','019-8523-1478','총무부','과장',2340000,170000);
Insert into SCOTT.TBL_INSA (NUM,NAME,SSN,IBSADATE,CITY,TEL,BUSEO,JIKWI,BASICPAY,SUDANG) values (1028,'이남신','810101-1010101',to_date('2001-09-07','YYYY-MM-DD'),'제주','016-1818-4848','인사부','사원',892000,110000);
Insert into SCOTT.TBL_INSA (NUM,NAME,SSN,IBSADATE,CITY,TEL,BUSEO,JIKWI,BASICPAY,SUDANG) values (1029,'김말숙','800301-2020202',to_date('2000-09-08','YYYY-MM-DD'),'서울','016-3535-3636','총무부','사원',920000,124000);
Insert into SCOTT.TBL_INSA (NUM,NAME,SSN,IBSADATE,CITY,TEL,BUSEO,JIKWI,BASICPAY,SUDANG) values (1030,'정정해','790210-2101010',to_date('1999-10-17','YYYY-MM-DD'),'부산','019-6564-6752','총무부','과장',2304000,124000);
Insert into SCOTT.TBL_INSA (NUM,NAME,SSN,IBSADATE,CITY,TEL,BUSEO,JIKWI,BASICPAY,SUDANG) values (1031,'지재환','771115-1687988',to_date('2001-01-21','YYYY-MM-DD'),'서울','019-5552-7511','기획부','부장',2450000,160000);
Insert into SCOTT.TBL_INSA (NUM,NAME,SSN,IBSADATE,CITY,TEL,BUSEO,JIKWI,BASICPAY,SUDANG) values (1032,'심심해','810206-2222222',to_date('2000-05-05','YYYY-MM-DD'),'전북','016-8888-7474','자재부','사원',880000,108000);
Insert into SCOTT.TBL_INSA (NUM,NAME,SSN,IBSADATE,CITY,TEL,BUSEO,JIKWI,BASICPAY,SUDANG) values (1033,'김미나','780505-2999999',to_date('1998-06-07','YYYY-MM-DD'),'서울','011-2444-4444','영업부','사원',1020000,104000);
Insert into SCOTT.TBL_INSA (NUM,NAME,SSN,IBSADATE,CITY,TEL,BUSEO,JIKWI,BASICPAY,SUDANG) values (1034,'이정석','820505-1325468',to_date('2005-09-26','YYYY-MM-DD'),'경기','011-3697-7412','기획부','사원',1100000,160000);
Insert into SCOTT.TBL_INSA (NUM,NAME,SSN,IBSADATE,CITY,TEL,BUSEO,JIKWI,BASICPAY,SUDANG) values (1035,'정영희','831010-2153252',to_date('2002-05-16','YYYY-MM-DD'),'인천',null,'개발부','사원',1050000,140000);
Insert into SCOTT.TBL_INSA (NUM,NAME,SSN,IBSADATE,CITY,TEL,BUSEO,JIKWI,BASICPAY,SUDANG) values (1036,'이재영','701126-2852147',to_date('2003-08-10','YYYY-MM-DD'),'서울','011-9999-9999','자재부','사원',960400,190000);
Insert into SCOTT.TBL_INSA (NUM,NAME,SSN,IBSADATE,CITY,TEL,BUSEO,JIKWI,BASICPAY,SUDANG) values (1037,'최석규','770129-1456987',to_date('1998-10-15','YYYY-MM-DD'),'인천','011-7777-7777','홍보부','과장',2350000,187000);
Insert into SCOTT.TBL_INSA (NUM,NAME,SSN,IBSADATE,CITY,TEL,BUSEO,JIKWI,BASICPAY,SUDANG) values (1038,'손인수','791009-2321456',to_date('1999-11-15','YYYY-MM-DD'),'부산','010-6542-7412','영업부','대리',2000000,150000);
Insert into SCOTT.TBL_INSA (NUM,NAME,SSN,IBSADATE,CITY,TEL,BUSEO,JIKWI,BASICPAY,SUDANG) values (1039,'고순정','800504-2000032',to_date('2003-12-28','YYYY-MM-DD'),'경기','010-2587-7895','영업부','대리',2010000,160000);
Insert into SCOTT.TBL_INSA (NUM,NAME,SSN,IBSADATE,CITY,TEL,BUSEO,JIKWI,BASICPAY,SUDANG) values (1040,'박세열','790509-1635214',to_date('2000-09-10','YYYY-MM-DD'),'경북','016-4444-7777','인사부','대리',2100000,130000);
Insert into SCOTT.TBL_INSA (NUM,NAME,SSN,IBSADATE,CITY,TEL,BUSEO,JIKWI,BASICPAY,SUDANG) values (1041,'문길수','721217-1951357',to_date('2001-12-10','YYYY-MM-DD'),'충남','016-4444-5555','자재부','과장',2300000,150000);
Insert into SCOTT.TBL_INSA (NUM,NAME,SSN,IBSADATE,CITY,TEL,BUSEO,JIKWI,BASICPAY,SUDANG) values (1042,'채정희','810709-2000054',to_date('2003-10-17','YYYY-MM-DD'),'경기','011-5125-5511','개발부','사원',1020000,200000);
Insert into SCOTT.TBL_INSA (NUM,NAME,SSN,IBSADATE,CITY,TEL,BUSEO,JIKWI,BASICPAY,SUDANG) values (1043,'양미옥','830504-2471523',to_date('2003-09-24','YYYY-MM-DD'),'서울','016-8548-6547','영업부','사원',1100000,210000);
Insert into SCOTT.TBL_INSA (NUM,NAME,SSN,IBSADATE,CITY,TEL,BUSEO,JIKWI,BASICPAY,SUDANG) values (1044,'지수환','820305-1475286',to_date('2004-01-21','YYYY-MM-DD'),'서울','011-5555-7548','영업부','사원',1060000,220000);
Insert into SCOTT.TBL_INSA (NUM,NAME,SSN,IBSADATE,CITY,TEL,BUSEO,JIKWI,BASICPAY,SUDANG) values (1045,'홍원신','690906-1985214',to_date('2003-03-16','YYYY-MM-DD'),'전북','011-7777-7777','영업부','사원',960000,152000);
Insert into SCOTT.TBL_INSA (NUM,NAME,SSN,IBSADATE,CITY,TEL,BUSEO,JIKWI,BASICPAY,SUDANG) values (1046,'허경운','760105-1458752',to_date('1999-05-04','YYYY-MM-DD'),'경남','017-3333-3333','총무부','부장',2650000,150000);
Insert into SCOTT.TBL_INSA (NUM,NAME,SSN,IBSADATE,CITY,TEL,BUSEO,JIKWI,BASICPAY,SUDANG) values (1047,'산마루','780505-1234567',to_date('2001-07-15','YYYY-MM-DD'),'서울','018-0505-0505','영업부','대리',2100000,112000);
Insert into SCOTT.TBL_INSA (NUM,NAME,SSN,IBSADATE,CITY,TEL,BUSEO,JIKWI,BASICPAY,SUDANG) values (1048,'이기상','790604-1415141',to_date('2001-06-07','YYYY-MM-DD'),'전남',null,'개발부','대리',2050000,106000);
Insert into SCOTT.TBL_INSA (NUM,NAME,SSN,IBSADATE,CITY,TEL,BUSEO,JIKWI,BASICPAY,SUDANG) values (1049,'이미성','830908-2456548',to_date('2000-04-07','YYYY-MM-DD'),'인천','010-6654-8854','개발부','사원',1300000,130000);
Insert into SCOTT.TBL_INSA (NUM,NAME,SSN,IBSADATE,CITY,TEL,BUSEO,JIKWI,BASICPAY,SUDANG) values (1050,'이미인','810403-2828287',to_date('2003-06-07','YYYY-MM-DD'),'경기','011-8585-5252','홍보부','대리',1950000,103000);
Insert into SCOTT.TBL_INSA (NUM,NAME,SSN,IBSADATE,CITY,TEL,BUSEO,JIKWI,BASICPAY,SUDANG) values (1051,'권영미','790303-2155554',to_date('2000-06-04','YYYY-MM-DD'),'서울','011-5555-7548','영업부','과장',2260000,104000);
Insert into SCOTT.TBL_INSA (NUM,NAME,SSN,IBSADATE,CITY,TEL,BUSEO,JIKWI,BASICPAY,SUDANG) values (1052,'권옥경','820406-2000456',to_date('2000-10-10','YYYY-MM-DD'),'경기','010-3644-5577','기획부','사원',1020000,105000);
Insert into SCOTT.TBL_INSA (NUM,NAME,SSN,IBSADATE,CITY,TEL,BUSEO,JIKWI,BASICPAY,SUDANG) values (1053,'김싱식','800715-1313131',to_date('1999-12-12','YYYY-MM-DD'),'전북','011-7585-7474','자재부','사원',960000,108000);
Insert into SCOTT.TBL_INSA (NUM,NAME,SSN,IBSADATE,CITY,TEL,BUSEO,JIKWI,BASICPAY,SUDANG) values (1054,'정상호','810705-1212141',to_date('1999-10-16','YYYY-MM-DD'),'강원','016-1919-4242','홍보부','사원',980000,114000);
Insert into SCOTT.TBL_INSA (NUM,NAME,SSN,IBSADATE,CITY,TEL,BUSEO,JIKWI,BASICPAY,SUDANG) values (1055,'정한나','820506-2425153',to_date('2004-06-07','YYYY-MM-DD'),'서울','016-2424-4242','영업부','사원',1000000,104000);
Insert into SCOTT.TBL_INSA (NUM,NAME,SSN,IBSADATE,CITY,TEL,BUSEO,JIKWI,BASICPAY,SUDANG) values (1056,'전용재','800605-1456987',to_date('2004-08-13','YYYY-MM-DD'),'인천','010-7549-8654','영업부','대리',1950000,200000);
Insert into SCOTT.TBL_INSA (NUM,NAME,SSN,IBSADATE,CITY,TEL,BUSEO,JIKWI,BASICPAY,SUDANG) values (1057,'이미경','780406-2003214',to_date('1998-02-11','YYYY-MM-DD'),'경기','016-6542-7546','자재부','부장',2520000,160000);
Insert into SCOTT.TBL_INSA (NUM,NAME,SSN,IBSADATE,CITY,TEL,BUSEO,JIKWI,BASICPAY,SUDANG) values (1058,'김신제','800709-1321456',to_date('2003-08-08','YYYY-MM-DD'),'인천','010-2415-5444','기획부','대리',1950000,180000);
Insert into SCOTT.TBL_INSA (NUM,NAME,SSN,IBSADATE,CITY,TEL,BUSEO,JIKWI,BASICPAY,SUDANG) values (1059,'임수봉','810809-2121244',to_date('2001-10-10','YYYY-MM-DD'),'서울','011-4151-4154','개발부','사원',890000,102000);
Insert into SCOTT.TBL_INSA (NUM,NAME,SSN,IBSADATE,CITY,TEL,BUSEO,JIKWI,BASICPAY,SUDANG) values (1060,'김신애','810809-2111111',to_date('2001-10-10','YYYY-MM-DD'),'서울','011-4151-4444','개발부','사원',900000,102000);
REM INSERTING into SCOTT.TBL_INSABACKUP
SET DEFINE OFF;
Insert into SCOTT.TBL_INSABACKUP (NUM,NAME,SSN,IBSADATE,CITY,TEL,BUSEO,JIKWI,BASICPAY,SUDANG) values (1001,'홍길동','771212-1022432',to_date('1998-10-11','YYYY-MM-DD'),'서울','011-2356-4528','기획부','부장',2610000,220000);
Insert into SCOTT.TBL_INSABACKUP (NUM,NAME,SSN,IBSADATE,CITY,TEL,BUSEO,JIKWI,BASICPAY,SUDANG) values (1002,'이순신','801007-1544236',to_date('2000-11-29','YYYY-MM-DD'),'경기','010-4758-6532','총무부','사원',1320000,200000);
Insert into SCOTT.TBL_INSABACKUP (NUM,NAME,SSN,IBSADATE,CITY,TEL,BUSEO,JIKWI,BASICPAY,SUDANG) values (1003,'이순애','770922-2312547',to_date('1999-02-25','YYYY-MM-DD'),'인천','010-4231-1236','개발부','부장',2550000,176000);
Insert into SCOTT.TBL_INSABACKUP (NUM,NAME,SSN,IBSADATE,CITY,TEL,BUSEO,JIKWI,BASICPAY,SUDANG) values (1004,'김정훈','790304-1788896',to_date('2000-10-01','YYYY-MM-DD'),'전북','010-5236-4221','영업부','대리',1954200,170000);
Insert into SCOTT.TBL_INSABACKUP (NUM,NAME,SSN,IBSADATE,CITY,TEL,BUSEO,JIKWI,BASICPAY,SUDANG) values (1005,'한석봉','811112-1566789',to_date('2004-08-13','YYYY-MM-DD'),'서울','010-5211-3542','총무부','사원',1420000,160000);
Insert into SCOTT.TBL_INSABACKUP (NUM,NAME,SSN,IBSADATE,CITY,TEL,BUSEO,JIKWI,BASICPAY,SUDANG) values (1006,'이기자','780505-2978541',to_date('2002-02-11','YYYY-MM-DD'),'인천','010-3214-5357','개발부','과장',2265000,165000);
Insert into SCOTT.TBL_INSABACKUP (NUM,NAME,SSN,IBSADATE,CITY,TEL,BUSEO,JIKWI,BASICPAY,SUDANG) values (1007,'장인철','780506-1625148',to_date('1998-03-16','YYYY-MM-DD'),'제주','011-2345-2525','개발부','대리',1250000,150000);
Insert into SCOTT.TBL_INSABACKUP (NUM,NAME,SSN,IBSADATE,CITY,TEL,BUSEO,JIKWI,BASICPAY,SUDANG) values (1008,'김영년','821011-2362514',to_date('2002-04-30','YYYY-MM-DD'),'서울','010-2222-4444','홍보부','사원',950000,145000);
Insert into SCOTT.TBL_INSABACKUP (NUM,NAME,SSN,IBSADATE,CITY,TEL,BUSEO,JIKWI,BASICPAY,SUDANG) values (1009,'나윤균','810810-1552147',to_date('2003-10-10','YYYY-MM-DD'),'경기','010-1111-2222','인사부','사원',840000,220400);
Insert into SCOTT.TBL_INSABACKUP (NUM,NAME,SSN,IBSADATE,CITY,TEL,BUSEO,JIKWI,BASICPAY,SUDANG) values (1010,'김종서','751010-1122233',to_date('1997-08-08','YYYY-MM-DD'),'부산','011-3214-5555','영업부','부장',2540000,143000);
Insert into SCOTT.TBL_INSABACKUP (NUM,NAME,SSN,IBSADATE,CITY,TEL,BUSEO,JIKWI,BASICPAY,SUDANG) values (1011,'유관순','801010-2987897',to_date('2000-07-07','YYYY-MM-DD'),'서울','010-8888-4422','영업부','사원',1020000,140000);
Insert into SCOTT.TBL_INSABACKUP (NUM,NAME,SSN,IBSADATE,CITY,TEL,BUSEO,JIKWI,BASICPAY,SUDANG) values (1012,'정한국','760909-1333333',to_date('1999-10-16','YYYY-MM-DD'),'강원','010-2222-4242','홍보부','사원',880000,114000);
Insert into SCOTT.TBL_INSABACKUP (NUM,NAME,SSN,IBSADATE,CITY,TEL,BUSEO,JIKWI,BASICPAY,SUDANG) values (1013,'조미숙','790102-2777777',to_date('1998-06-07','YYYY-MM-DD'),'경기','010-6666-4444','홍보부','대리',1601000,103000);
Insert into SCOTT.TBL_INSABACKUP (NUM,NAME,SSN,IBSADATE,CITY,TEL,BUSEO,JIKWI,BASICPAY,SUDANG) values (1014,'황진이','810707-2574812',to_date('2002-02-15','YYYY-MM-DD'),'인천','010-3214-5467','개발부','사원',1100000,130000);
Insert into SCOTT.TBL_INSABACKUP (NUM,NAME,SSN,IBSADATE,CITY,TEL,BUSEO,JIKWI,BASICPAY,SUDANG) values (1015,'이현숙','800606-2954687',to_date('1999-07-26','YYYY-MM-DD'),'경기','010-2548-3365','총무부','사원',1050000,104000);
Insert into SCOTT.TBL_INSABACKUP (NUM,NAME,SSN,IBSADATE,CITY,TEL,BUSEO,JIKWI,BASICPAY,SUDANG) values (1016,'이상헌','781010-1666678',to_date('2001-11-29','YYYY-MM-DD'),'경기','010-4526-1234','개발부','과장',2350000,165000);
Insert into SCOTT.TBL_INSABACKUP (NUM,NAME,SSN,IBSADATE,CITY,TEL,BUSEO,JIKWI,BASICPAY,SUDANG) values (1017,'엄용수','820507-1452365',to_date('2000-08-28','YYYY-MM-DD'),'인천','010-3254-2542','개발부','사원',950000,210000);
Insert into SCOTT.TBL_INSABACKUP (NUM,NAME,SSN,IBSADATE,CITY,TEL,BUSEO,JIKWI,BASICPAY,SUDANG) values (1018,'이성길','801028-1849534',to_date('2004-08-08','YYYY-MM-DD'),'전북','010-1333-3333','개발부','사원',880000,123000);
Insert into SCOTT.TBL_INSABACKUP (NUM,NAME,SSN,IBSADATE,CITY,TEL,BUSEO,JIKWI,BASICPAY,SUDANG) values (1019,'박문수','780710-1985632',to_date('1999-12-10','YYYY-MM-DD'),'서울','010-4747-4848','인사부','과장',2300000,181500);
Insert into SCOTT.TBL_INSABACKUP (NUM,NAME,SSN,IBSADATE,CITY,TEL,BUSEO,JIKWI,BASICPAY,SUDANG) values (1020,'유영희','800304-2741258',to_date('2003-10-10','YYYY-MM-DD'),'전남','011-9595-8585','자재부','사원',880000,140000);
Insert into SCOTT.TBL_INSABACKUP (NUM,NAME,SSN,IBSADATE,CITY,TEL,BUSEO,JIKWI,BASICPAY,SUDANG) values (1021,'홍길남','801010-1111111',to_date('2001-09-07','YYYY-MM-DD'),'경기','011-9999-7575','개발부','사원',875000,120000);
Insert into SCOTT.TBL_INSABACKUP (NUM,NAME,SSN,IBSADATE,CITY,TEL,BUSEO,JIKWI,BASICPAY,SUDANG) values (1022,'이영숙','800501-2312456',to_date('2003-02-25','YYYY-MM-DD'),'전남','010-5214-5282','기획부','대리',1960000,180000);
Insert into SCOTT.TBL_INSABACKUP (NUM,NAME,SSN,IBSADATE,CITY,TEL,BUSEO,JIKWI,BASICPAY,SUDANG) values (1023,'김인수','731211-1214576',to_date('1995-02-23','YYYY-MM-DD'),'서울',null,'영업부','부장',2500000,187000);
Insert into SCOTT.TBL_INSABACKUP (NUM,NAME,SSN,IBSADATE,CITY,TEL,BUSEO,JIKWI,BASICPAY,SUDANG) values (1024,'김말자','830225-2633334',to_date('1999-08-28','YYYY-MM-DD'),'서울','011-5248-7789','기획부','대리',1900000,170000);
Insert into SCOTT.TBL_INSABACKUP (NUM,NAME,SSN,IBSADATE,CITY,TEL,BUSEO,JIKWI,BASICPAY,SUDANG) values (1025,'우재옥','801103-1654442',to_date('2000-10-01','YYYY-MM-DD'),'서울','010-4563-2587','영업부','사원',1100000,160000);
Insert into SCOTT.TBL_INSABACKUP (NUM,NAME,SSN,IBSADATE,CITY,TEL,BUSEO,JIKWI,BASICPAY,SUDANG) values (1026,'김숙남','810907-2015457',to_date('2002-08-28','YYYY-MM-DD'),'경기','010-2112-5225','영업부','사원',1050000,150000);
Insert into SCOTT.TBL_INSABACKUP (NUM,NAME,SSN,IBSADATE,CITY,TEL,BUSEO,JIKWI,BASICPAY,SUDANG) values (1027,'김영길','801216-1898752',to_date('2000-10-18','YYYY-MM-DD'),'서울','010-8523-1478','총무부','과장',2340000,187000);
Insert into SCOTT.TBL_INSABACKUP (NUM,NAME,SSN,IBSADATE,CITY,TEL,BUSEO,JIKWI,BASICPAY,SUDANG) values (1028,'이남신','810101-1010101',to_date('2001-09-07','YYYY-MM-DD'),'제주','010-1818-4848','인사부','사원',892000,110000);
Insert into SCOTT.TBL_INSABACKUP (NUM,NAME,SSN,IBSADATE,CITY,TEL,BUSEO,JIKWI,BASICPAY,SUDANG) values (1029,'김말숙','800301-2020202',to_date('2000-09-08','YYYY-MM-DD'),'서울','010-3535-3636','총무부','사원',920000,124000);
Insert into SCOTT.TBL_INSABACKUP (NUM,NAME,SSN,IBSADATE,CITY,TEL,BUSEO,JIKWI,BASICPAY,SUDANG) values (1030,'정정해','790210-2101010',to_date('1999-10-17','YYYY-MM-DD'),'부산','010-6564-6752','총무부','과장',2304000,136400);
Insert into SCOTT.TBL_INSABACKUP (NUM,NAME,SSN,IBSADATE,CITY,TEL,BUSEO,JIKWI,BASICPAY,SUDANG) values (1031,'지재환','771115-1687988',to_date('2001-01-21','YYYY-MM-DD'),'서울','010-5552-7511','기획부','부장',2450000,176000);
Insert into SCOTT.TBL_INSABACKUP (NUM,NAME,SSN,IBSADATE,CITY,TEL,BUSEO,JIKWI,BASICPAY,SUDANG) values (1032,'심심해','810206-2222222',to_date('2000-05-05','YYYY-MM-DD'),'전북','010-8888-7474','자재부','사원',880000,108000);
Insert into SCOTT.TBL_INSABACKUP (NUM,NAME,SSN,IBSADATE,CITY,TEL,BUSEO,JIKWI,BASICPAY,SUDANG) values (1033,'김미나','780505-2999999',to_date('1998-06-07','YYYY-MM-DD'),'서울','011-2444-4444','영업부','사원',1020000,104000);
Insert into SCOTT.TBL_INSABACKUP (NUM,NAME,SSN,IBSADATE,CITY,TEL,BUSEO,JIKWI,BASICPAY,SUDANG) values (1034,'이정석','820505-1325468',to_date('2005-09-26','YYYY-MM-DD'),'경기','011-3697-7412','기획부','사원',1100000,160000);
Insert into SCOTT.TBL_INSABACKUP (NUM,NAME,SSN,IBSADATE,CITY,TEL,BUSEO,JIKWI,BASICPAY,SUDANG) values (1035,'정영희','831010-2153252',to_date('2002-05-16','YYYY-MM-DD'),'인천',null,'개발부','사원',1050000,140000);
Insert into SCOTT.TBL_INSABACKUP (NUM,NAME,SSN,IBSADATE,CITY,TEL,BUSEO,JIKWI,BASICPAY,SUDANG) values (1036,'이재영','701126-2852147',to_date('2003-08-10','YYYY-MM-DD'),'서울','011-9999-9999','자재부','사원',960400,190000);
Insert into SCOTT.TBL_INSABACKUP (NUM,NAME,SSN,IBSADATE,CITY,TEL,BUSEO,JIKWI,BASICPAY,SUDANG) values (1037,'최석규','770129-1456987',to_date('1998-10-15','YYYY-MM-DD'),'인천','011-7777-7777','홍보부','과장',2350000,205700);
Insert into SCOTT.TBL_INSABACKUP (NUM,NAME,SSN,IBSADATE,CITY,TEL,BUSEO,JIKWI,BASICPAY,SUDANG) values (1038,'손인수','791009-2321456',to_date('1999-11-15','YYYY-MM-DD'),'부산','010-6542-7412','영업부','대리',2000000,150000);
Insert into SCOTT.TBL_INSABACKUP (NUM,NAME,SSN,IBSADATE,CITY,TEL,BUSEO,JIKWI,BASICPAY,SUDANG) values (1039,'고순정','800504-2000032',to_date('2003-12-28','YYYY-MM-DD'),'경기','010-2587-7895','영업부','대리',2010000,160000);
Insert into SCOTT.TBL_INSABACKUP (NUM,NAME,SSN,IBSADATE,CITY,TEL,BUSEO,JIKWI,BASICPAY,SUDANG) values (1040,'박세열','790509-1635214',to_date('2000-09-10','YYYY-MM-DD'),'경북','010-4444-7777','인사부','대리',2100000,130000);
Insert into SCOTT.TBL_INSABACKUP (NUM,NAME,SSN,IBSADATE,CITY,TEL,BUSEO,JIKWI,BASICPAY,SUDANG) values (1041,'문길수','721217-1951357',to_date('2001-12-10','YYYY-MM-DD'),'충남','010-4444-5555','자재부','과장',2300000,165000);
Insert into SCOTT.TBL_INSABACKUP (NUM,NAME,SSN,IBSADATE,CITY,TEL,BUSEO,JIKWI,BASICPAY,SUDANG) values (1042,'채정희','810709-2000054',to_date('2003-10-17','YYYY-MM-DD'),'경기','011-5125-5511','개발부','사원',1020000,200000);
Insert into SCOTT.TBL_INSABACKUP (NUM,NAME,SSN,IBSADATE,CITY,TEL,BUSEO,JIKWI,BASICPAY,SUDANG) values (1043,'양미옥','830504-2471523',to_date('2003-09-24','YYYY-MM-DD'),'서울','010-8548-6547','영업부','사원',1100000,210000);
Insert into SCOTT.TBL_INSABACKUP (NUM,NAME,SSN,IBSADATE,CITY,TEL,BUSEO,JIKWI,BASICPAY,SUDANG) values (1044,'지수환','820305-1475286',to_date('2004-01-21','YYYY-MM-DD'),'서울','011-5555-7548','영업부','사원',1060000,220000);
Insert into SCOTT.TBL_INSABACKUP (NUM,NAME,SSN,IBSADATE,CITY,TEL,BUSEO,JIKWI,BASICPAY,SUDANG) values (1045,'홍원신','690906-1985214',to_date('2003-03-16','YYYY-MM-DD'),'전북','011-7777-7777','영업부','사원',960000,152000);
Insert into SCOTT.TBL_INSABACKUP (NUM,NAME,SSN,IBSADATE,CITY,TEL,BUSEO,JIKWI,BASICPAY,SUDANG) values (1046,'허경운','760105-1458752',to_date('1999-05-04','YYYY-MM-DD'),'경남','010-3333-3333','총무부','부장',2650000,165000);
Insert into SCOTT.TBL_INSABACKUP (NUM,NAME,SSN,IBSADATE,CITY,TEL,BUSEO,JIKWI,BASICPAY,SUDANG) values (1047,'산마루','780505-1234567',to_date('2001-07-15','YYYY-MM-DD'),'서울','010-0505-0505','영업부','대리',2100000,112000);
Insert into SCOTT.TBL_INSABACKUP (NUM,NAME,SSN,IBSADATE,CITY,TEL,BUSEO,JIKWI,BASICPAY,SUDANG) values (1048,'이기상','790604-1415141',to_date('2001-06-07','YYYY-MM-DD'),'전남',null,'개발부','대리',2050000,106000);
Insert into SCOTT.TBL_INSABACKUP (NUM,NAME,SSN,IBSADATE,CITY,TEL,BUSEO,JIKWI,BASICPAY,SUDANG) values (1049,'이미성','830908-2456548',to_date('2000-04-07','YYYY-MM-DD'),'인천','010-6654-8854','개발부','사원',1300000,130000);
Insert into SCOTT.TBL_INSABACKUP (NUM,NAME,SSN,IBSADATE,CITY,TEL,BUSEO,JIKWI,BASICPAY,SUDANG) values (1050,'이미인','810403-2828287',to_date('2003-06-07','YYYY-MM-DD'),'경기','011-8585-5252','홍보부','대리',1950000,103000);
Insert into SCOTT.TBL_INSABACKUP (NUM,NAME,SSN,IBSADATE,CITY,TEL,BUSEO,JIKWI,BASICPAY,SUDANG) values (1051,'권영미','790303-2155554',to_date('2000-06-04','YYYY-MM-DD'),'서울','011-5555-7548','영업부','과장',2260000,114400);
Insert into SCOTT.TBL_INSABACKUP (NUM,NAME,SSN,IBSADATE,CITY,TEL,BUSEO,JIKWI,BASICPAY,SUDANG) values (1052,'권옥경','820406-2000456',to_date('2000-10-10','YYYY-MM-DD'),'경기','010-3644-5577','기획부','사원',1020000,105000);
Insert into SCOTT.TBL_INSABACKUP (NUM,NAME,SSN,IBSADATE,CITY,TEL,BUSEO,JIKWI,BASICPAY,SUDANG) values (1053,'김싱식','800715-1313131',to_date('1999-12-12','YYYY-MM-DD'),'전북','011-7585-7474','자재부','사원',960000,108000);
Insert into SCOTT.TBL_INSABACKUP (NUM,NAME,SSN,IBSADATE,CITY,TEL,BUSEO,JIKWI,BASICPAY,SUDANG) values (1054,'정상호','810705-1212141',to_date('1999-10-16','YYYY-MM-DD'),'강원','010-1919-4242','홍보부','사원',980000,114000);
Insert into SCOTT.TBL_INSABACKUP (NUM,NAME,SSN,IBSADATE,CITY,TEL,BUSEO,JIKWI,BASICPAY,SUDANG) values (1055,'정한나','820506-2425153',to_date('2004-06-07','YYYY-MM-DD'),'서울','010-2424-4242','영업부','사원',1000000,104000);
Insert into SCOTT.TBL_INSABACKUP (NUM,NAME,SSN,IBSADATE,CITY,TEL,BUSEO,JIKWI,BASICPAY,SUDANG) values (1056,'전용재','800605-1456987',to_date('2004-08-13','YYYY-MM-DD'),'인천','010-7549-8654','영업부','대리',1950000,200000);
Insert into SCOTT.TBL_INSABACKUP (NUM,NAME,SSN,IBSADATE,CITY,TEL,BUSEO,JIKWI,BASICPAY,SUDANG) values (1057,'이미경','780406-2003214',to_date('1998-02-11','YYYY-MM-DD'),'경기','010-6542-7546','자재부','부장',2520000,176000);
Insert into SCOTT.TBL_INSABACKUP (NUM,NAME,SSN,IBSADATE,CITY,TEL,BUSEO,JIKWI,BASICPAY,SUDANG) values (1058,'김신제','800709-1321456',to_date('2003-08-08','YYYY-MM-DD'),'인천','010-2415-5444','기획부','대리',1950000,180000);
Insert into SCOTT.TBL_INSABACKUP (NUM,NAME,SSN,IBSADATE,CITY,TEL,BUSEO,JIKWI,BASICPAY,SUDANG) values (1059,'임수봉','810809-2121244',to_date('2001-10-10','YYYY-MM-DD'),'서울','011-4151-4154','개발부','사원',890000,102000);
Insert into SCOTT.TBL_INSABACKUP (NUM,NAME,SSN,IBSADATE,CITY,TEL,BUSEO,JIKWI,BASICPAY,SUDANG) values (1060,'김신애','810809-2111111',to_date('2001-10-10','YYYY-MM-DD'),'서울','011-4151-4444','개발부','사원',900000,102000);
REM INSERTING into SCOTT.TBL_JIKWI
SET DEFINE OFF;
Insert into SCOTT.TBL_JIKWI (JIKWI_ID,JIKWI_NAME,MIN_BASICPAY) values (1,'사장',4250000);
Insert into SCOTT.TBL_JIKWI (JIKWI_ID,JIKWI_NAME,MIN_BASICPAY) values (2,'전무',3800000);
Insert into SCOTT.TBL_JIKWI (JIKWI_ID,JIKWI_NAME,MIN_BASICPAY) values (3,'상무',3500000);
Insert into SCOTT.TBL_JIKWI (JIKWI_ID,JIKWI_NAME,MIN_BASICPAY) values (4,'이사',3100000);
Insert into SCOTT.TBL_JIKWI (JIKWI_ID,JIKWI_NAME,MIN_BASICPAY) values (5,'부장',2450000);
Insert into SCOTT.TBL_JIKWI (JIKWI_ID,JIKWI_NAME,MIN_BASICPAY) values (6,'차장',2350000);
Insert into SCOTT.TBL_JIKWI (JIKWI_ID,JIKWI_NAME,MIN_BASICPAY) values (7,'과장',2260000);
Insert into SCOTT.TBL_JIKWI (JIKWI_ID,JIKWI_NAME,MIN_BASICPAY) values (8,'대리',1800000);
Insert into SCOTT.TBL_JIKWI (JIKWI_ID,JIKWI_NAME,MIN_BASICPAY) values (9,'사원',1650000);
REM INSERTING into SCOTT.TBL_JUMUN
SET DEFINE OFF;
Insert into SCOTT.TBL_JUMUN (JUNO,JECODE,JUSU,JUDAY) values (98778,'빼빼로',40,to_date('2022-03-02','YYYY-MM-DD'));
Insert into SCOTT.TBL_JUMUN (JUNO,JECODE,JUSU,JUDAY) values (98779,'맛동산',20,to_date('2022-03-02','YYYY-MM-DD'));
Insert into SCOTT.TBL_JUMUN (JUNO,JECODE,JUSU,JUDAY) values (98780,'모옹쉘',20,to_date('2022-03-02','YYYY-MM-DD'));
Insert into SCOTT.TBL_JUMUN (JUNO,JECODE,JUSU,JUDAY) values (98781,'빼빼로',30,to_date('2022-03-02','YYYY-MM-DD'));
Insert into SCOTT.TBL_JUMUN (JUNO,JECODE,JUSU,JUDAY) values (98764,'고래밥',10,to_date('2022-03-02','YYYY-MM-DD'));
Insert into SCOTT.TBL_JUMUN (JUNO,JECODE,JUSU,JUDAY) values (98765,'빼빼로',20,to_date('2022-03-02','YYYY-MM-DD'));
Insert into SCOTT.TBL_JUMUN (JUNO,JECODE,JUSU,JUDAY) values (98766,'맛동산',30,to_date('2022-03-02','YYYY-MM-DD'));
Insert into SCOTT.TBL_JUMUN (JUNO,JECODE,JUSU,JUDAY) values (98767,'홈런볼',40,to_date('2022-03-02','YYYY-MM-DD'));
Insert into SCOTT.TBL_JUMUN (JUNO,JECODE,JUSU,JUDAY) values (98768,'오감자',50,to_date('2022-03-02','YYYY-MM-DD'));
Insert into SCOTT.TBL_JUMUN (JUNO,JECODE,JUSU,JUDAY) values (98769,'웨하스',30,to_date('2022-03-02','YYYY-MM-DD'));
Insert into SCOTT.TBL_JUMUN (JUNO,JECODE,JUSU,JUDAY) values (98770,'고래밥',20,to_date('2022-03-02','YYYY-MM-DD'));
Insert into SCOTT.TBL_JUMUN (JUNO,JECODE,JUSU,JUDAY) values (98771,'맛동산',20,to_date('2022-03-02','YYYY-MM-DD'));
Insert into SCOTT.TBL_JUMUN (JUNO,JECODE,JUSU,JUDAY) values (98772,'웨하스',20,to_date('2022-03-02','YYYY-MM-DD'));
Insert into SCOTT.TBL_JUMUN (JUNO,JECODE,JUSU,JUDAY) values (98773,'빼빼로',90,to_date('2022-03-02','YYYY-MM-DD'));
Insert into SCOTT.TBL_JUMUN (JUNO,JECODE,JUSU,JUDAY) values (98774,'에이스',20,to_date('2022-03-02','YYYY-MM-DD'));
Insert into SCOTT.TBL_JUMUN (JUNO,JECODE,JUSU,JUDAY) values (98775,'꼬북칩',30,to_date('2022-03-02','YYYY-MM-DD'));
Insert into SCOTT.TBL_JUMUN (JUNO,JECODE,JUSU,JUDAY) values (98776,'모옹쉘',30,to_date('2022-03-02','YYYY-MM-DD'));
Insert into SCOTT.TBL_JUMUN (JUNO,JECODE,JUSU,JUDAY) values (98777,'모옹쉘',10,to_date('2022-03-02','YYYY-MM-DD'));
REM INSERTING into SCOTT.TBL_JUMUNBACKUP
SET DEFINE OFF;
Insert into SCOTT.TBL_JUMUNBACKUP (JUNO,JECODE,JUSU,JUDAY) values (1,'빼빼로',20,to_date('2001-11-01','YYYY-MM-DD'));
Insert into SCOTT.TBL_JUMUNBACKUP (JUNO,JECODE,JUSU,JUDAY) values (2,'거언빵',10,to_date('2001-11-01','YYYY-MM-DD'));
Insert into SCOTT.TBL_JUMUNBACKUP (JUNO,JECODE,JUSU,JUDAY) values (3,'모옹쉘',30,to_date('2001-11-01','YYYY-MM-DD'));
Insert into SCOTT.TBL_JUMUNBACKUP (JUNO,JECODE,JUSU,JUDAY) values (4,'눈감자',10,to_date('2001-11-02','YYYY-MM-DD'));
Insert into SCOTT.TBL_JUMUNBACKUP (JUNO,JECODE,JUSU,JUDAY) values (5,'나아쵸',20,to_date('2001-11-05','YYYY-MM-DD'));
Insert into SCOTT.TBL_JUMUNBACKUP (JUNO,JECODE,JUSU,JUDAY) values (6,'홈런볼',70,to_date('2001-11-06','YYYY-MM-DD'));
Insert into SCOTT.TBL_JUMUNBACKUP (JUNO,JECODE,JUSU,JUDAY) values (7,'고래밥',50,to_date('2001-11-07','YYYY-MM-DD'));
Insert into SCOTT.TBL_JUMUNBACKUP (JUNO,JECODE,JUSU,JUDAY) values (8,'포카칩',20,to_date('2001-11-07','YYYY-MM-DD'));
Insert into SCOTT.TBL_JUMUNBACKUP (JUNO,JECODE,JUSU,JUDAY) values (9,'포카칩',20,to_date('2001-11-08','YYYY-MM-DD'));
Insert into SCOTT.TBL_JUMUNBACKUP (JUNO,JECODE,JUSU,JUDAY) values (10,'포카칩',20,to_date('2001-11-09','YYYY-MM-DD'));
Insert into SCOTT.TBL_JUMUNBACKUP (JUNO,JECODE,JUSU,JUDAY) values (11,'고래밥',50,to_date('2001-11-10','YYYY-MM-DD'));
Insert into SCOTT.TBL_JUMUNBACKUP (JUNO,JECODE,JUSU,JUDAY) values (12,'고래밥',40,to_date('2001-11-11','YYYY-MM-DD'));
Insert into SCOTT.TBL_JUMUNBACKUP (JUNO,JECODE,JUSU,JUDAY) values (13,'홈런볼',60,to_date('2001-11-12','YYYY-MM-DD'));
Insert into SCOTT.TBL_JUMUNBACKUP (JUNO,JECODE,JUSU,JUDAY) values (14,'나아쵸',20,to_date('2001-11-13','YYYY-MM-DD'));
Insert into SCOTT.TBL_JUMUNBACKUP (JUNO,JECODE,JUSU,JUDAY) values (15,'홈런볼',70,to_date('2001-11-14','YYYY-MM-DD'));
Insert into SCOTT.TBL_JUMUNBACKUP (JUNO,JECODE,JUSU,JUDAY) values (16,'홈런볼',80,to_date('2001-11-15','YYYY-MM-DD'));
Insert into SCOTT.TBL_JUMUNBACKUP (JUNO,JECODE,JUSU,JUDAY) values (17,'홈런볼',90,to_date('2001-11-16','YYYY-MM-DD'));
Insert into SCOTT.TBL_JUMUNBACKUP (JUNO,JECODE,JUSU,JUDAY) values (18,'빼빼로',10,to_date('2001-11-17','YYYY-MM-DD'));
Insert into SCOTT.TBL_JUMUNBACKUP (JUNO,JECODE,JUSU,JUDAY) values (19,'빼빼로',20,to_date('2001-11-19','YYYY-MM-DD'));
Insert into SCOTT.TBL_JUMUNBACKUP (JUNO,JECODE,JUSU,JUDAY) values (20,'빼빼로',30,to_date('2001-11-20','YYYY-MM-DD'));
REM INSERTING into SCOTT.TBL_MEMBER
SET DEFINE OFF;
Insert into SCOTT.TBL_MEMBER (SID,NAME,TEL) values (3,'신시은','010-3333-3333');
REM INSERTING into SCOTT.TBL_MEMBERSCORE
SET DEFINE OFF;
Insert into SCOTT.TBL_MEMBERSCORE (SID,KOR,ENG,MAT) values (3,87,98,100);
REM INSERTING into SCOTT.TBL_SAWON
SET DEFINE OFF;
Insert into SCOTT.TBL_SAWON (SANO,SANAME,JUBUN,HIREDATE,SAL) values (1017,'이호석','9611121234567',to_date('2022-02-23','YYYY-MM-DD'),5000);
Insert into SCOTT.TBL_SAWON (SANO,SANAME,JUBUN,HIREDATE,SAL) values (1018,'신시은','9910312234567',to_date('2022-02-23','YYYY-MM-DD'),5000);
Insert into SCOTT.TBL_SAWON (SANO,SANAME,JUBUN,HIREDATE,SAL) values (1001,'김민성','9707251234567',to_date('2005-01-03','YYYY-MM-DD'),3000);
Insert into SCOTT.TBL_SAWON (SANO,SANAME,JUBUN,HIREDATE,SAL) values (1002,'서민지','9505152234567',to_date('1999-11-23','YYYY-MM-DD'),4000);
Insert into SCOTT.TBL_SAWON (SANO,SANAME,JUBUN,HIREDATE,SAL) values (1003,'이지연','9905192234567',to_date('2006-08-10','YYYY-MM-DD'),3000);
Insert into SCOTT.TBL_SAWON (SANO,SANAME,JUBUN,HIREDATE,SAL) values (1004,'이연주','7609172234567',to_date('2007-10-10','YYYY-MM-DD'),4000);
Insert into SCOTT.TBL_SAWON (SANO,SANAME,JUBUN,HIREDATE,SAL) values (1005,'오이삭','9805161234567',to_date('2020-04-01','YYYY-MM-DD'),1200);
Insert into SCOTT.TBL_SAWON (SANO,SANAME,JUBUN,HIREDATE,SAL) values (1006,'이현이','8005132234567',to_date('1999-10-10','YYYY-MM-DD'),1000);
Insert into SCOTT.TBL_SAWON (SANO,SANAME,JUBUN,HIREDATE,SAL) values (1007,'박한이','0204053234567',to_date('2010-10-10','YYYY-MM-DD'),1000);
Insert into SCOTT.TBL_SAWON (SANO,SANAME,JUBUN,HIREDATE,SAL) values (1008,'선동렬','6803171234567',to_date('1998-10-10','YYYY-MM-DD'),1500);
Insert into SCOTT.TBL_SAWON (SANO,SANAME,JUBUN,HIREDATE,SAL) values (1009,'선우용녀','6912232234567',to_date('1998-10-10','YYYY-MM-DD'),1300);
Insert into SCOTT.TBL_SAWON (SANO,SANAME,JUBUN,HIREDATE,SAL) values (1010,'선우선','0303044234567',to_date('2010-10-10','YYYY-MM-DD'),1600);
Insert into SCOTT.TBL_SAWON (SANO,SANAME,JUBUN,HIREDATE,SAL) values (1011,'남주혁','0506073234567',to_date('2012-10-10','YYYY-MM-DD'),2600);
Insert into SCOTT.TBL_SAWON (SANO,SANAME,JUBUN,HIREDATE,SAL) values (1012,'남궁민','0208073234567',to_date('2012-10-10','YYYY-MM-DD'),2600);
Insert into SCOTT.TBL_SAWON (SANO,SANAME,JUBUN,HIREDATE,SAL) values (1013,'남진','6712121234567',to_date('1998-10-10','YYYY-MM-DD'),2200);
Insert into SCOTT.TBL_SAWON (SANO,SANAME,JUBUN,HIREDATE,SAL) values (1014,'홍수민','0005044234567',to_date('2015-10-10','YYYY-MM-DD'),5200);
Insert into SCOTT.TBL_SAWON (SANO,SANAME,JUBUN,HIREDATE,SAL) values (1015,'임소민','9711232234567',to_date('2007-10-10','YYYY-MM-DD'),5500);
Insert into SCOTT.TBL_SAWON (SANO,SANAME,JUBUN,HIREDATE,SAL) values (1016,'이이경','0603194234567',to_date('2015-01-20','YYYY-MM-DD'),1500);
REM INSERTING into SCOTT.TBL_SAWONBACKUP
SET DEFINE OFF;
Insert into SCOTT.TBL_SAWONBACKUP (SANO,SANAME,JUBUN,HIREDATE,SAL) values (1017,'이호석','9611121234567',to_date('2022-02-23','YYYY-MM-DD'),5000);
Insert into SCOTT.TBL_SAWONBACKUP (SANO,SANAME,JUBUN,HIREDATE,SAL) values (1018,'신시은','9910312234567',to_date('2022-02-23','YYYY-MM-DD'),5000);
Insert into SCOTT.TBL_SAWONBACKUP (SANO,SANAME,JUBUN,HIREDATE,SAL) values (1001,'김민성','9707251234567',to_date('2005-01-03','YYYY-MM-DD'),3000);
Insert into SCOTT.TBL_SAWONBACKUP (SANO,SANAME,JUBUN,HIREDATE,SAL) values (1002,'서민지','9505152234567',to_date('1999-11-23','YYYY-MM-DD'),4000);
Insert into SCOTT.TBL_SAWONBACKUP (SANO,SANAME,JUBUN,HIREDATE,SAL) values (1003,'이지연','9905192234567',to_date('2006-08-10','YYYY-MM-DD'),3000);
Insert into SCOTT.TBL_SAWONBACKUP (SANO,SANAME,JUBUN,HIREDATE,SAL) values (1004,'이연주','9508162234567',to_date('2007-10-10','YYYY-MM-DD'),4000);
Insert into SCOTT.TBL_SAWONBACKUP (SANO,SANAME,JUBUN,HIREDATE,SAL) values (1005,'오이삭','9805161234567',to_date('2007-10-10','YYYY-MM-DD'),4000);
Insert into SCOTT.TBL_SAWONBACKUP (SANO,SANAME,JUBUN,HIREDATE,SAL) values (1006,'이현이','8005132234567',to_date('1999-10-10','YYYY-MM-DD'),1000);
Insert into SCOTT.TBL_SAWONBACKUP (SANO,SANAME,JUBUN,HIREDATE,SAL) values (1007,'박한이','0204053234567',to_date('2010-10-10','YYYY-MM-DD'),1000);
Insert into SCOTT.TBL_SAWONBACKUP (SANO,SANAME,JUBUN,HIREDATE,SAL) values (1008,'선동렬','6803171234567',to_date('1998-10-10','YYYY-MM-DD'),1500);
Insert into SCOTT.TBL_SAWONBACKUP (SANO,SANAME,JUBUN,HIREDATE,SAL) values (1009,'선우용녀','6912232234567',to_date('1998-10-10','YYYY-MM-DD'),1300);
Insert into SCOTT.TBL_SAWONBACKUP (SANO,SANAME,JUBUN,HIREDATE,SAL) values (1010,'선우선','0303044234567',to_date('2010-10-10','YYYY-MM-DD'),1600);
Insert into SCOTT.TBL_SAWONBACKUP (SANO,SANAME,JUBUN,HIREDATE,SAL) values (1011,'남주혁','0506073234567',to_date('2012-10-10','YYYY-MM-DD'),2600);
Insert into SCOTT.TBL_SAWONBACKUP (SANO,SANAME,JUBUN,HIREDATE,SAL) values (1012,'남궁민','0208073234567',to_date('2012-10-10','YYYY-MM-DD'),2600);
Insert into SCOTT.TBL_SAWONBACKUP (SANO,SANAME,JUBUN,HIREDATE,SAL) values (1013,'남진','6712121234567',to_date('1998-10-10','YYYY-MM-DD'),2200);
Insert into SCOTT.TBL_SAWONBACKUP (SANO,SANAME,JUBUN,HIREDATE,SAL) values (1014,'홍수민','0005044234567',to_date('2015-10-10','YYYY-MM-DD'),5200);
Insert into SCOTT.TBL_SAWONBACKUP (SANO,SANAME,JUBUN,HIREDATE,SAL) values (1015,'임소민','9711232234567',to_date('2007-10-10','YYYY-MM-DD'),5500);
Insert into SCOTT.TBL_SAWONBACKUP (SANO,SANAME,JUBUN,HIREDATE,SAL) values (1016,'이이경','0603194234567',to_date('2015-01-20','YYYY-MM-DD'),1500);
REM INSERTING into SCOTT.TBL_STUDENTS
SET DEFINE OFF;
Insert into SCOTT.TBL_STUDENTS (ID,NAME,TEL,ADDR) values ('happy','이시우','010-9999-9999','강원도 횡성');
Insert into SCOTT.TBL_STUDENTS (ID,NAME,TEL,ADDR) values ('rainbow','김정용','010-2222-2222','서울 강남구');
REM INSERTING into SCOTT.TBL_SUNGJUK
SET DEFINE OFF;
Insert into SCOTT.TBL_SUNGJUK (HAKBUN,NAME,KOR,ENG,MAT,TOT,AVG,GRADE) values (1,'최선하',90,80,70,240,80,'B');
Insert into SCOTT.TBL_SUNGJUK (HAKBUN,NAME,KOR,ENG,MAT,TOT,AVG,GRADE) values (2,'박현수',50,50,50,150,50,'F');
REM INSERTING into SCOTT.TBL_TEST
SET DEFINE OFF;
REM INSERTING into SCOTT.TBL_TEST1
SET DEFINE OFF;
Insert into SCOTT.TBL_TEST1 (ID,NAME,TEL) values (4,'한충희','010-4444-4444');
Insert into SCOTT.TBL_TEST1 (ID,NAME,TEL) values (6,'정금정','010-6666-6666');
REM INSERTING into SCOTT.TBL_TEST2
SET DEFINE OFF;
Insert into SCOTT.TBL_TEST2 (CODE,NAME) values (1,'텔레비전');
Insert into SCOTT.TBL_TEST2 (CODE,NAME) values (3,'세탁기');
REM INSERTING into SCOTT.TBL_TEST3
SET DEFINE OFF;
Insert into SCOTT.TBL_TEST3 (SID,CODE,SU) values (1,1,30);
Insert into SCOTT.TBL_TEST3 (SID,CODE,SU) values (2,1,50);
Insert into SCOTT.TBL_TEST3 (SID,CODE,SU) values (3,1,60);
Insert into SCOTT.TBL_TEST3 (SID,CODE,SU) values (4,1,30);
Insert into SCOTT.TBL_TEST3 (SID,CODE,SU) values (6,3,30);
Insert into SCOTT.TBL_TEST3 (SID,CODE,SU) values (10,3,30);
Insert into SCOTT.TBL_TEST3 (SID,CODE,SU) values (11,3,20);
Insert into SCOTT.TBL_TEST3 (SID,CODE,SU) values (12,3,30);
REM INSERTING into SCOTT.TBL_WATCH
SET DEFINE OFF;
Insert into SCOTT.TBL_WATCH (WATCH_NAME,BIGO) values ('금시계','순금 99.99% 함유된 최고급 시계');
Insert into SCOTT.TBL_WATCH (WATCH_NAME,BIGO) values ('은시계','고객 만족도 99.99점을 획득한 멋진 시계');
REM INSERTING into SCOTT."TBL_상품"
SET DEFINE OFF;
Insert into SCOTT."TBL_상품" ("상품코드","상품명","소비자가격","재고수량") values ('H001','바밤바',600,100);
Insert into SCOTT."TBL_상품" ("상품코드","상품명","소비자가격","재고수량") values ('H002','죠스바',500,50);
Insert into SCOTT."TBL_상품" ("상품코드","상품명","소비자가격","재고수량") values ('H003','메로나',500,0);
Insert into SCOTT."TBL_상품" ("상품코드","상품명","소비자가격","재고수량") values ('H004','보석바',600,0);
Insert into SCOTT."TBL_상품" ("상품코드","상품명","소비자가격","재고수량") values ('H005','쌍쌍바',600,0);
Insert into SCOTT."TBL_상품" ("상품코드","상품명","소비자가격","재고수량") values ('H006','수박바',500,0);
Insert into SCOTT."TBL_상품" ("상품코드","상품명","소비자가격","재고수량") values ('H007','빠삐코',500,0);
Insert into SCOTT."TBL_상품" ("상품코드","상품명","소비자가격","재고수량") values ('C001','월드콘',1600,0);
Insert into SCOTT."TBL_상품" ("상품코드","상품명","소비자가격","재고수량") values ('C002','빵빠레',1700,0);
Insert into SCOTT."TBL_상품" ("상품코드","상품명","소비자가격","재고수량") values ('C003','구구콘',1800,0);
Insert into SCOTT."TBL_상품" ("상품코드","상품명","소비자가격","재고수량") values ('C004','메타콘',1500,0);
Insert into SCOTT."TBL_상품" ("상품코드","상품명","소비자가격","재고수량") values ('C005','부라보',1500,0);
Insert into SCOTT."TBL_상품" ("상품코드","상품명","소비자가격","재고수량") values ('C006','슈퍼콘',1500,0);
Insert into SCOTT."TBL_상품" ("상품코드","상품명","소비자가격","재고수량") values ('E001','빵또아',1100,0);
Insert into SCOTT."TBL_상품" ("상품코드","상품명","소비자가격","재고수량") values ('E002','셀렉션',1700,0);
Insert into SCOTT."TBL_상품" ("상품코드","상품명","소비자가격","재고수량") values ('E003','투게더',2500,0);
Insert into SCOTT."TBL_상품" ("상품코드","상품명","소비자가격","재고수량") values ('E004','거북알',1500,0);
Insert into SCOTT."TBL_상품" ("상품코드","상품명","소비자가격","재고수량") values ('E005','팥빙수',1500,0);
REM INSERTING into SCOTT."TBL_입고"
SET DEFINE OFF;
Insert into SCOTT."TBL_입고" ("입고번호","상품코드","입고일자","입고수량","입고단가") values (1,'H001',to_date('2022-03-14','YYYY-MM-DD'),40,1000);
Insert into SCOTT."TBL_입고" ("입고번호","상품코드","입고일자","입고수량","입고단가") values (2,'H001',to_date('2022-03-14','YYYY-MM-DD'),60,1000);
Insert into SCOTT."TBL_입고" ("입고번호","상품코드","입고일자","입고수량","입고단가") values (3,'H002',to_date('2022-03-14','YYYY-MM-DD'),50,1000);
REM INSERTING into SCOTT."TBL_출고"
SET DEFINE OFF;
--------------------------------------------------------
--  DDL for Index MEMBER0322_SID_PK
--------------------------------------------------------

  CREATE UNIQUE INDEX "SCOTT"."MEMBER0322_SID_PK" ON "SCOTT"."PRACTICE_MEMBER0322" ("SID") 
  PCTFREE 10 INITRANS 2 MAXTRANS 255 COMPUTE STATISTICS 
  STORAGE(INITIAL 65536 NEXT 1048576 MINEXTENTS 1 MAXEXTENTS 2147483645
  PCTINCREASE 0 FREELISTS 1 FREELIST GROUPS 1 BUFFER_POOL DEFAULT FLASH_CACHE DEFAULT CELL_FLASH_CACHE DEFAULT)
  TABLESPACE "USERS" ;
--------------------------------------------------------
--  DDL for Index PK_DEPT
--------------------------------------------------------

  CREATE UNIQUE INDEX "SCOTT"."PK_DEPT" ON "SCOTT"."DEPT" ("DEPTNO") 
  PCTFREE 10 INITRANS 2 MAXTRANS 255 COMPUTE STATISTICS 
  STORAGE(INITIAL 65536 NEXT 1048576 MINEXTENTS 1 MAXEXTENTS 2147483645
  PCTINCREASE 0 FREELISTS 1 FREELIST GROUPS 1 BUFFER_POOL DEFAULT FLASH_CACHE DEFAULT CELL_FLASH_CACHE DEFAULT)
  TABLESPACE "USERS" ;
--------------------------------------------------------
--  DDL for Index MEMBER_SID_PK
--------------------------------------------------------

  CREATE UNIQUE INDEX "SCOTT"."MEMBER_SID_PK" ON "SCOTT"."TBL_MEMBER" ("SID") 
  PCTFREE 10 INITRANS 2 MAXTRANS 255 COMPUTE STATISTICS 
  STORAGE(INITIAL 65536 NEXT 1048576 MINEXTENTS 1 MAXEXTENTS 2147483645
  PCTINCREASE 0 FREELISTS 1 FREELIST GROUPS 1 BUFFER_POOL DEFAULT FLASH_CACHE DEFAULT CELL_FLASH_CACHE DEFAULT)
  TABLESPACE "USERS" ;
--------------------------------------------------------
--  DDL for Index JIKWI_JIKWI_ID_PK
--------------------------------------------------------

  CREATE UNIQUE INDEX "SCOTT"."JIKWI_JIKWI_ID_PK" ON "SCOTT"."TBL_JIKWI" ("JIKWI_ID") 
  PCTFREE 10 INITRANS 2 MAXTRANS 255 COMPUTE STATISTICS 
  STORAGE(INITIAL 65536 NEXT 1048576 MINEXTENTS 1 MAXEXTENTS 2147483645
  PCTINCREASE 0 FREELISTS 1 FREELIST GROUPS 1 BUFFER_POOL DEFAULT FLASH_CACHE DEFAULT CELL_FLASH_CACHE DEFAULT)
  TABLESPACE "USERS" ;
--------------------------------------------------------
--  DDL for Index 입고_입고번호_PK
--------------------------------------------------------

  CREATE UNIQUE INDEX "SCOTT"."입고_입고번호_PK" ON "SCOTT"."TBL_입고" ("입고번호") 
  PCTFREE 10 INITRANS 2 MAXTRANS 255 COMPUTE STATISTICS 
  STORAGE(INITIAL 65536 NEXT 1048576 MINEXTENTS 1 MAXEXTENTS 2147483645
  PCTINCREASE 0 FREELISTS 1 FREELIST GROUPS 1 BUFFER_POOL DEFAULT FLASH_CACHE DEFAULT CELL_FLASH_CACHE DEFAULT)
  TABLESPACE "USERS" ;
--------------------------------------------------------
--  DDL for Index EMP_EMP_ID_PK
--------------------------------------------------------

  CREATE UNIQUE INDEX "SCOTT"."EMP_EMP_ID_PK" ON "SCOTT"."TBL_EMP" ("EMP_ID") 
  PCTFREE 10 INITRANS 2 MAXTRANS 255 COMPUTE STATISTICS 
  STORAGE(INITIAL 65536 NEXT 1048576 MINEXTENTS 1 MAXEXTENTS 2147483645
  PCTINCREASE 0 FREELISTS 1 FREELIST GROUPS 1 BUFFER_POOL DEFAULT FLASH_CACHE DEFAULT CELL_FLASH_CACHE DEFAULT)
  TABLESPACE "USERS" ;
--------------------------------------------------------
--  DDL for Index TEST3_SID_PK
--------------------------------------------------------

  CREATE UNIQUE INDEX "SCOTT"."TEST3_SID_PK" ON "SCOTT"."TBL_TEST3" ("SID") 
  PCTFREE 10 INITRANS 2 MAXTRANS 255 COMPUTE STATISTICS 
  STORAGE(INITIAL 65536 NEXT 1048576 MINEXTENTS 1 MAXEXTENTS 2147483645
  PCTINCREASE 0 FREELISTS 1 FREELIST GROUPS 1 BUFFER_POOL DEFAULT FLASH_CACHE DEFAULT CELL_FLASH_CACHE DEFAULT)
  TABLESPACE "USERS" ;
--------------------------------------------------------
--  DDL for Index BOARD_NUM_PK
--------------------------------------------------------

  CREATE UNIQUE INDEX "SCOTT"."BOARD_NUM_PK" ON "SCOTT"."TBL_BOARD" ("NUM") 
  PCTFREE 10 INITRANS 2 MAXTRANS 255 COMPUTE STATISTICS 
  STORAGE(INITIAL 65536 NEXT 1048576 MINEXTENTS 1 MAXEXTENTS 2147483645
  PCTINCREASE 0 FREELISTS 1 FREELIST GROUPS 1 BUFFER_POOL DEFAULT FLASH_CACHE DEFAULT CELL_FLASH_CACHE DEFAULT)
  TABLESPACE "USERS" ;
--------------------------------------------------------
--  DDL for Index SUNGJUK_HAKBUN_PK
--------------------------------------------------------

  CREATE UNIQUE INDEX "SCOTT"."SUNGJUK_HAKBUN_PK" ON "SCOTT"."TBL_SUNGJUK" ("HAKBUN") 
  PCTFREE 10 INITRANS 2 MAXTRANS 255 COMPUTE STATISTICS 
  STORAGE(INITIAL 65536 NEXT 1048576 MINEXTENTS 1 MAXEXTENTS 2147483645
  PCTINCREASE 0 FREELISTS 1 FREELIST GROUPS 1 BUFFER_POOL DEFAULT FLASH_CACHE DEFAULT CELL_FLASH_CACHE DEFAULT)
  TABLESPACE "USERS" ;
--------------------------------------------------------
--  DDL for Index STUDENTS_ID_PK
--------------------------------------------------------

  CREATE UNIQUE INDEX "SCOTT"."STUDENTS_ID_PK" ON "SCOTT"."TBL_STUDENTS" ("ID") 
  PCTFREE 10 INITRANS 2 MAXTRANS 255 COMPUTE STATISTICS 
  STORAGE(INITIAL 65536 NEXT 1048576 MINEXTENTS 1 MAXEXTENTS 2147483645
  PCTINCREASE 0 FREELISTS 1 FREELIST GROUPS 1 BUFFER_POOL DEFAULT FLASH_CACHE DEFAULT CELL_FLASH_CACHE DEFAULT)
  TABLESPACE "USERS" ;
--------------------------------------------------------
--  DDL for Index IDPW_ID_PK
--------------------------------------------------------

  CREATE UNIQUE INDEX "SCOTT"."IDPW_ID_PK" ON "SCOTT"."TBL_IDPW" ("ID") 
  PCTFREE 10 INITRANS 2 MAXTRANS 255 COMPUTE STATISTICS 
  STORAGE(INITIAL 65536 NEXT 1048576 MINEXTENTS 1 MAXEXTENTS 2147483645
  PCTINCREASE 0 FREELISTS 1 FREELIST GROUPS 1 BUFFER_POOL DEFAULT FLASH_CACHE DEFAULT CELL_FLASH_CACHE DEFAULT)
  TABLESPACE "USERS" ;
--------------------------------------------------------
--  DDL for Index TBL_INSA_NUM_PK
--------------------------------------------------------

  CREATE UNIQUE INDEX "SCOTT"."TBL_INSA_NUM_PK" ON "SCOTT"."TBL_INSA" ("NUM") 
  PCTFREE 10 INITRANS 2 MAXTRANS 255 COMPUTE STATISTICS 
  STORAGE(INITIAL 65536 NEXT 1048576 MINEXTENTS 1 MAXEXTENTS 2147483645
  PCTINCREASE 0 FREELISTS 1 FREELIST GROUPS 1 BUFFER_POOL DEFAULT FLASH_CACHE DEFAULT CELL_FLASH_CACHE DEFAULT)
  TABLESPACE "USERS" ;
--------------------------------------------------------
--  DDL for Index MEMBERSCORE_SID_PK
--------------------------------------------------------

  CREATE UNIQUE INDEX "SCOTT"."MEMBERSCORE_SID_PK" ON "SCOTT"."TBL_MEMBERSCORE" ("SID") 
  PCTFREE 10 INITRANS 2 MAXTRANS 255 COMPUTE STATISTICS 
  STORAGE(INITIAL 65536 NEXT 1048576 MINEXTENTS 1 MAXEXTENTS 2147483645
  PCTINCREASE 0 FREELISTS 1 FREELIST GROUPS 1 BUFFER_POOL DEFAULT FLASH_CACHE DEFAULT CELL_FLASH_CACHE DEFAULT)
  TABLESPACE "USERS" ;
--------------------------------------------------------
--  DDL for Index CITY_CITY_ID_PK
--------------------------------------------------------

  CREATE UNIQUE INDEX "SCOTT"."CITY_CITY_ID_PK" ON "SCOTT"."TBL_CITY" ("CITY_ID") 
  PCTFREE 10 INITRANS 2 MAXTRANS 255 COMPUTE STATISTICS 
  STORAGE(INITIAL 65536 NEXT 1048576 MINEXTENTS 1 MAXEXTENTS 2147483645
  PCTINCREASE 0 FREELISTS 1 FREELIST GROUPS 1 BUFFER_POOL DEFAULT FLASH_CACHE DEFAULT CELL_FLASH_CACHE DEFAULT)
  TABLESPACE "USERS" ;
--------------------------------------------------------
--  DDL for Index BUSEO_BUSEO_ID_PK
--------------------------------------------------------

  CREATE UNIQUE INDEX "SCOTT"."BUSEO_BUSEO_ID_PK" ON "SCOTT"."TBL_BUSEO" ("BUSEO_ID") 
  PCTFREE 10 INITRANS 2 MAXTRANS 255 COMPUTE STATISTICS 
  STORAGE(INITIAL 65536 NEXT 1048576 MINEXTENTS 1 MAXEXTENTS 2147483645
  PCTINCREASE 0 FREELISTS 1 FREELIST GROUPS 1 BUFFER_POOL DEFAULT FLASH_CACHE DEFAULT CELL_FLASH_CACHE DEFAULT)
  TABLESPACE "USERS" ;
--------------------------------------------------------
--  DDL for Index 상품_상품코드_PK
--------------------------------------------------------

  CREATE UNIQUE INDEX "SCOTT"."상품_상품코드_PK" ON "SCOTT"."TBL_상품" ("상품코드") 
  PCTFREE 10 INITRANS 2 MAXTRANS 255 COMPUTE STATISTICS 
  STORAGE(INITIAL 65536 NEXT 1048576 MINEXTENTS 1 MAXEXTENTS 2147483645
  PCTINCREASE 0 FREELISTS 1 FREELIST GROUPS 1 BUFFER_POOL DEFAULT FLASH_CACHE DEFAULT CELL_FLASH_CACHE DEFAULT)
  TABLESPACE "USERS" ;
--------------------------------------------------------
--  DDL for Index PK_EMP
--------------------------------------------------------

  CREATE UNIQUE INDEX "SCOTT"."PK_EMP" ON "SCOTT"."EMP" ("EMPNO") 
  PCTFREE 10 INITRANS 2 MAXTRANS 255 COMPUTE STATISTICS 
  STORAGE(INITIAL 65536 NEXT 1048576 MINEXTENTS 1 MAXEXTENTS 2147483645
  PCTINCREASE 0 FREELISTS 1 FREELIST GROUPS 1 BUFFER_POOL DEFAULT FLASH_CACHE DEFAULT CELL_FLASH_CACHE DEFAULT)
  TABLESPACE "USERS" ;
--------------------------------------------------------
--  DDL for Index TEST1_ID_PK
--------------------------------------------------------

  CREATE UNIQUE INDEX "SCOTT"."TEST1_ID_PK" ON "SCOTT"."TBL_TEST1" ("ID") 
  PCTFREE 10 INITRANS 2 MAXTRANS 255 COMPUTE STATISTICS 
  STORAGE(INITIAL 65536 NEXT 1048576 MINEXTENTS 1 MAXEXTENTS 2147483645
  PCTINCREASE 0 FREELISTS 1 FREELIST GROUPS 1 BUFFER_POOL DEFAULT FLASH_CACHE DEFAULT CELL_FLASH_CACHE DEFAULT)
  TABLESPACE "USERS" ;
--------------------------------------------------------
--  DDL for Index SCORE0323_SID_PK
--------------------------------------------------------

  CREATE UNIQUE INDEX "SCOTT"."SCORE0323_SID_PK" ON "SCOTT"."PRACTICE_SCORE0323" ("SID") 
  PCTFREE 10 INITRANS 2 MAXTRANS 255 COMPUTE STATISTICS 
  STORAGE(INITIAL 65536 NEXT 1048576 MINEXTENTS 1 MAXEXTENTS 2147483645
  PCTINCREASE 0 FREELISTS 1 FREELIST GROUPS 1 BUFFER_POOL DEFAULT FLASH_CACHE DEFAULT CELL_FLASH_CACHE DEFAULT)
  TABLESPACE "USERS" ;
--------------------------------------------------------
--  DDL for Index TEST2_CODE_PK
--------------------------------------------------------

  CREATE UNIQUE INDEX "SCOTT"."TEST2_CODE_PK" ON "SCOTT"."TBL_TEST2" ("CODE") 
  PCTFREE 10 INITRANS 2 MAXTRANS 255 COMPUTE STATISTICS 
  STORAGE(INITIAL 65536 NEXT 1048576 MINEXTENTS 1 MAXEXTENTS 2147483645
  PCTINCREASE 0 FREELISTS 1 FREELIST GROUPS 1 BUFFER_POOL DEFAULT FLASH_CACHE DEFAULT CELL_FLASH_CACHE DEFAULT)
  TABLESPACE "USERS" ;
--------------------------------------------------------
--  DDL for Trigger TRG_CHULGO
--------------------------------------------------------

  CREATE OR REPLACE TRIGGER "SCOTT"."TRG_CHULGO" 
        AFTER
        INSERT OR UPDATE OR DELETE ON TBL_출고
        FOR EACH ROW
BEGIN
    IF (INSERTING)
        THEN UPDATE TBL_상품
             SET 재고수량 = 재고수량 - :NEW.출고수량
             WHERE 상품코드 = :NEW.상품코드;
    ELSIF (UPDATING)
        THEN UPDATE TBL_상품
             SET 재고수량 = 재고수량 - :OLD.출고수량 + :NEW.출고수량
             WHERE 상품코드 = :OLD.상품코드;
    ELSIF (DELETING)
        THEN UPDATE TBL_상품
             SET 재고수량 = 재고수량 + :OLD.출고수량
             WHERE 상품코드 = :OLD.상품코드;
    END IF;

END;
/
ALTER TRIGGER "SCOTT"."TRG_CHULGO" ENABLE;
--------------------------------------------------------
--  DDL for Trigger TRG_EVENTLOG
--------------------------------------------------------

  CREATE OR REPLACE TRIGGER "SCOTT"."TRG_EVENTLOG" 
        AFTER
        INSERT OR UPDATE OR DELETE ON TBL_TEST1
BEGIN
    -- 이벤트 종료 구분(조건문을 통한 분기)
    IF(INSERTING)
        THEN INSERT INTO TBL_EVENTLOG(MEMO)
            VALUES('INSERT 쿼리가 실행되었습니다.');
    ELSIF(UPDATING)
        THEN INSERT INTO TBL_EVENTLOG(MEMO)
            VALUES('UPDATE 쿼리가 실행되었습니다.');
     ELSIF(DELETING)
        THEN INSERT INTO TBL_EVENTLOG(MEMO)
            VALUES('DELETE 쿼리가 실행되었습니다.');
    END IF;

    -- COMMIT;
    -- ※ TRIGGER 내에서는 COMMIT/ ROLLBACK 구문 사용 불가~!!! CHECK~!!!
END;
/
ALTER TRIGGER "SCOTT"."TRG_EVENTLOG" ENABLE;
--------------------------------------------------------
--  DDL for Trigger TRG_IBGO
--------------------------------------------------------

  CREATE OR REPLACE TRIGGER "SCOTT"."TRG_IBGO" 
        AFTER
        INSERT OR UPDATE OR DELETE ON TBL_입고
        FOR EACH ROW
BEGIN
    IF (INSERTING)
        THEN UPDATE TBL_상품
             SET 재고수량 = 재고수량 + :NEW.입고수량
             WHERE 상품코드 = :NEW.상품코드;
    ELSIF (UPDATING)
        THEN UPDATE TBL_상품
             SET 재고수량 = 재고수량 - :OLD.입고수량 + :NEW.입고수량
             WHERE 상품코드 = :OLD.상품코드;
    ELSIF (DELETING)
        THEN UPDATE TBL_상품
             SET 재고수량 = 재고수량 - :OLD.입고수량
             WHERE 상품코드 = :OLD.상품코드;
    END IF;

END;
/
ALTER TRIGGER "SCOTT"."TRG_IBGO" ENABLE;
--------------------------------------------------------
--  DDL for Trigger TRG_TEST1_DML
--------------------------------------------------------

  CREATE OR REPLACE TRIGGER "SCOTT"."TRG_TEST1_DML" 
        BEFORE 
        INSERT OR UPDATE OR DELETE ON TBL_TEST1
BEGIN
    IF ( TO_NUMBER(TO_CHAR(SYSDATE, 'HH24')) < 9 
         OR TO_NUMBER(TO_CHAR(SYSDATE, 'HH24')) > 17 )
        THEN RAISE_APPLICATION_ERROR(-20003, '작업은 09:00 ~ 18:00 까지만 가능합니다.');
    END IF;
END;
/
ALTER TRIGGER "SCOTT"."TRG_TEST1_DML" ENABLE;
--------------------------------------------------------
--  DDL for Trigger TRG_TEST2_DELETE
--------------------------------------------------------

  CREATE OR REPLACE TRIGGER "SCOTT"."TRG_TEST2_DELETE" 
        BEFORE
        DELETE ON TBL_TEST2
        FOR EACH ROW 
BEGIN
    DELETE
    FROM TBL_TEST3
    WHERE CODE = :OLD.CODE;
                 ----- 현재시점에서 과거로 가서 제거된 데이터 가지고 오는 거( 부모테이블에서 지워진 코드 )
END;
/
ALTER TRIGGER "SCOTT"."TRG_TEST2_DELETE" ENABLE;
--------------------------------------------------------
--  DDL for Procedure PRC_INSA_INSERT
--------------------------------------------------------
set define off;

  CREATE OR REPLACE PROCEDURE "SCOTT"."PRC_INSA_INSERT" 
( V_NAME        IN TBL_INSA.NAME%TYPE
, V_SSN         IN TBL_INSA.SSN%TYPE
, V_IBSADATE    IN TBL_INSA.IBSADATE%TYPE
, V_CITY        IN TBL_INSA.CITY%TYPE
, V_TEL         IN TBL_INSA.TEL%TYPE
, V_BUSEO       IN TBL_INSA.BUSEO%TYPE
, V_JIKWI       IN TBL_INSA.JIKWI%TYPE
, V_BASICPAY    IN TBL_INSA.BASICPAY%TYPE
, V_SUDANG      IN TBL_INSA.SUDANG%TYPE
)
IS
    V_NUM       NUMBER;
BEGIN
    -- NUM의 최대값 V_NUM에 담기
    SELECT MAX(NVL(NUM, 0)) + 1 INTO V_NUM
    FROM TBL_INSA;

    -- INSERT 쿼리문 수행
    INSERT INTO TBL_INSA(NUM, NAME, SSN, IBSADATE, CITY, TEL, BUSEO, JIKWI, BASICPAY, SUDANG)
    VALUES (V_NUM, V_NAME, V_SSN, V_IBSADATE, V_CITY, V_TEL, V_BUSEO, V_JIKWI, V_BASICPAY, V_SUDANG);

    -- 커밋
    COMMIT;
END;
--==>> Procedure PRC_INSA_INSERT이(가) 컴파일되었습니다.

--○ TBL_상품, TBL_입고 테이블을 대상으로
--   TBL_입고 테이블에 데이터 입력 시(즉, 입고 이벤트 발생 시)
--   TBL_상품 테이블의 재고수량이 함께 변동될 수 있는 기능을 가진 프로시저를 작성한다.
--   단, 이 과정에서 입고번호는 자동 증가 처리한다. (시퀀스 사용 Ⅹ)
--   TBL_입고 테이블 구성 컬럼
--   : 입고번호, 상품코드, 입고일자, 입고수량, 입고단가
--   프로시저 명: PRC_입고_INSERT(상품코드, 입고수량, 입고단가)

-- 'H001', 30, 400
-- → 입고테이블의 데이터 입력(프로시저 매개변수로 전달받지 못한 나머지 값 → 자동 입력)
-- → 상품테이블의 바밤바 재고수량 30개
CREATE OR REPLACE PROCEDURE PRC_입고_INSERT
( V_상품코드    IN TBL_상품.상품코드%TYPE
, V_입고수량    IN TBL_입고.입고수량%TYPE
, V_입고단가    IN TBL_입고.입고단가%TYPE
)
IS
    V_입고번호 TBL_입고.입고번호%TYPE;
BEGIN
    -- 선언한 변수에 값 담아내기
    -- SELECT 쿼리문 수핼
    SELECT NVL(MAX(입고번호), 0) INTO V_입고번호
    FROM TBL_입고;

    -- INSERT 쿼리문 수행
    INSERT INTO TBL_입고(입고번호, 상품코드, 입고수량, 입고단가)
    VALUES ((V_입고번호+1), V_상품코드, V_입고수량, V_입고단가);

    -- UPDATE 쿼리문 수행
    UPDATE TBL_상품
    SET 재고수량 = 재고수량 + V_입고수량
    WHERE 상품코드 = V_상품코드;

    -- 예외 처리
    EXCEPTION
        WHEN OTHERS THEN ROLLBACK;

    -- 커밋
    COMMIT;

END;
--==>> Procedure PRC_입고_INSERT이(가) 컴파일되었습니다.


--------------------------------------------------------------------------------

--■■■ 프로시저 내에서의 예외 처리 ■■■--

--○ TBL_MEMBER 테이블에 데이터를 입력하는 프로시저를 작성
--   단, 이 프로시저를 통해 데이터를 입력할 경우
--   CITY(지역) 항목에 '서울', '경기', '대전'만 입력이 가능하도록 구성한다.
--   이 지역 외의 다른 지역을 프로시저 호출을 통해 입력하고자 하는 경우
--   (즉, 입력을 시도하는 경우)
--   예외에 대한 처리를 하려고 한다.
--   프로시저 명 : PRC_MEMBER_INSERT()
/*
실행 예)
EXEC PRC_MEMBER_INSERT('임소민', '010-1111-1111', '서울');
--==>> 데이터 입력 ○

EXEC PRC_MEMBER_INSERT('이연주', '010-2222-2222', '부산');
--==>> 데이터 입력 Ⅹ
*/

CREATE OR REPLACE PROCEDURE PRC_MEMBER_INSERT
( V_NAME    IN TBL_MEMBER.NAME%TYPE
, V_TEL     IN TBL_MEMBER.TEL%TYPE
, V_CITY    IN TBL_MEMBER.CITY%TYPE
)
IS
    -- 선언부(주요 변수 선언)
    -- 실행 영역의 쿼리문 수행을 위해 필요한 변수 선언
    V_NUM       TBL_MEMBER.NUM%TYPE;

    -- 사용자 정의 예외에 대한 변수 선언 CHECK~!!!
    USER_DEFINE_ERROR   EXCEPTION;

BEGIN
    -- 프리시저를 통해 입력 처리를 정상적으로 진행해야 할 데이터인지 아닌지의 여부를
    -- 가장 먼저 확인할 수 있도록 코드 구성
    IF (V_CITY NOT IN('서울', '경기', '대전'))
        -- 예외 발생 CHECK~!!!
        THEN RAISE USER_DEFINE_ERROR; 

    END IF;

    -- 선언한 변수에 값 담아내기
    SELECT NVL(MAX(NUM), 0) INTO V_NUM
    FROM TBL_MEMBER;

    -- 쿼리문 구성 → INSERT
    INSERT INTO TBL_MEMBER(NUM, NAME, TEL, CITY)
    VALUES((V_NUM+1), V_NAME, V_TEL, V_CITY);




    -- 예외 처리 구문
    EXCEPTION
        WHEN USER_DEFINE_ERROR
            THEN RAISE_APPLICATION_ERROR(-20001, '서울, 경기, 대전만 입력이 가능합니다.');
                 ROLLBACK;
        WHEN OTHERS
            THEN ROLLBACK;


    -- 커밋  
    COMMIT;

END;
--==>> Procedure PRC_MEMBER_INSERT이(가) 컴파일되었습니다.


--○ TBL_출고 테이블에 데이터 입력 시(즉, 출고 이벤트 발생 시)
--   TBL_상품 테이블의 재고수량이 변동되는 프로시저를 작성한다.
--   단, 출고번호는 입고번호와 마찬가지로 자동 증가.
--   또한, 출고수량이 재고 수량보다 많은 경우...
--   출고 액션을 취소할 수 있도록 처리한다.(출고가 이루어지지 않도록...) → 예외 처리 활용 CHECK~!!!
--   프로시저 명 : PRC_출고_INSERT()
/*
실행 예)
EXEC PRC_출고_INSERT('H001', 10, 600);

-- 현재 상품 테이블의 바밤바 재고수량은 50개
EXEC PRC_출고_INSERT('H001', 60, 600);
--==>> 에러 발생
--     (재고부족) 
*/
SELECT *
FROM TBL_출고;
CREATE OR REPLACE PROCEDURE PRC_출고_INSERT 
( V_추    IN TBL_MEMBER.NAME%TYPE
, V_TEL     IN TBL_MEMBER.TEL%TYPE
, V_CITY    IN TBL_MEMBER.CITY%TYPE
)
IS
    -- 선언부(주요 변수 선언)
    -- 실행 영역의 쿼리문 수행을 위해 필요한 변수 선언
    V_NUM       TBL_MEMBER.NUM%TYPE;

    -- 사용자 정의 예외에 대한 변수 선언 CHECK~!!!
    USER_DEFINE_ERROR   EXCEPTION;

BEGIN
    -- 프리시저를 통해 입력 처리를 정상적으로 진행해야 할 데이터인지 아닌지의 여부를
    -- 가장 먼저 확인할 수 있도록 코드 구성
    IF (V_CITY NOT IN('서울', '경기', '대전'))
        -- 예외 발생 CHECK~!!!
        THEN RAISE USER_DEFINE_ERROR; 

    END IF;

    -- 선언한 변수에 값 담아내기
    SELECT NVL(MAX(NUM), 0) INTO V_NUM
    FROM TBL_MEMBER;

    -- 쿼리문 구성 → INSERT
    INSERT INTO TBL_MEMBER(NUM, NAME, TEL, CITY)
    VALUES((V_NUM+1), V_NAME, V_TEL, V_CITY);




    -- 예외 처리 구문
    EXCEPTION
        WHEN USER_DEFINE_ERROR
            THEN RAISE_APPLICATION_ERROR(-20001, '서울, 경기, 대전만 입력이 가능합니다.');
                 ROLLBACK;
        WHEN OTHERS
            THEN ROLLBACK;


    -- 커밋  
    COMMIT;

END;





/
--------------------------------------------------------
--  DDL for Procedure PRC_MEMBERINSERT
--------------------------------------------------------
set define off;

  CREATE OR REPLACE PROCEDURE "SCOTT"."PRC_MEMBERINSERT" 
( VNAME IN TBL_MEMBER.NAME%TYPE
, VTEL  IN TBL_MEMBER.TEL%TYPE
)
IS
    -- 주요 변수 선언
    VSID    TBL_MEMBER.SID%TYPE;
BEGIN
    -- 기존 SID 의 최대값 얻어오기
    SELECT NVL(MAX(SID), 0) INTO VSID
    FROM TBL_MEMBER;

    -- 데이터 입력(INSERT 쿼리문 수행)
    INSERT INTO TBL_MEMBER(SID, NAME, TEL)
    VALUES((VSID+1), VNAME, VTEL);

    -- 커밋
    COMMIT;   
END;

/
--------------------------------------------------------
--  DDL for Procedure PRC_MEMBERSELECT
--------------------------------------------------------
set define off;

  CREATE OR REPLACE PROCEDURE "SCOTT"."PRC_MEMBERSELECT" 
( VRESULT   OUT SYS_REFCURSOR
)
IS
    -- 주요 변수 선언
BEGIN
    OPEN VRESULT FOR
        SELECT SID, NAME, TEL
        FROM TBL_MEMBER
        ORDER BY SID;

    -- CLOSE VRESULT;

    -- COMMIT;
END;

/
--------------------------------------------------------
--  DDL for Procedure PRC_MEMBER_INSERT
--------------------------------------------------------
set define off;

  CREATE OR REPLACE PROCEDURE "SCOTT"."PRC_MEMBER_INSERT" 
( V_NAME    IN TBL_MEMBER.NAME%TYPE
, V_TEL     IN TBL_MEMBER.TEL%TYPE
, V_CITY    IN TBL_MEMBER.CITY%TYPE
)
IS
    -- 선언부(주요 변수 선언)
    -- 실행 영역의 쿼리문 수행을 위해 필요한 변수 선언
    V_NUM       TBL_MEMBER.NUM%TYPE;

    -- 사용자 정의 예외에 대한 변수 선언 CHECK~!!!
    USER_DEFINE_ERROR   EXCEPTION;

BEGIN
    -- 프리시저를 통해 입력 처리를 정상적으로 진행해야 할 데이터인지 아닌지의 여부를
    -- 가장 먼저 확인할 수 있도록 코드 구성
    IF (V_CITY NOT IN('서울', '경기', '대전'))
        -- 예외 발생 CHECK~!!!
        THEN RAISE USER_DEFINE_ERROR; 
    END IF;

    -- 선언한 변수에 값 담아내기
    SELECT NVL(MAX(NUM), 0) INTO V_NUM
    FROM TBL_MEMBER;

    -- 쿼리문 구성 → INSERT
    INSERT INTO TBL_MEMBER(NUM, NAME, TEL, CITY)
    VALUES((V_NUM+1), V_NAME, V_TEL, V_CITY);




    -- 예외 처리 구문
    EXCEPTION
        WHEN USER_DEFINE_ERROR
            THEN RAISE_APPLICATION_ERROR(-20001, '서울, 경기, 대전만 입력이 가능합니다.');
                 ROLLBACK;
        WHEN OTHERS
            THEN ROLLBACK;


    -- 커밋  
    COMMIT;

END;

/
--------------------------------------------------------
--  DDL for Procedure PRC_STUDENTS_UPDATE
--------------------------------------------------------
set define off;

  CREATE OR REPLACE PROCEDURE "SCOTT"."PRC_STUDENTS_UPDATE" 
( V_ID      IN TBL_IDPW.ID%TYPE
, V_PW      IN TBL_IDPW.PW%TYPE
, V_TEL     IN TBL_STUDENTS.TEL%TYPE
, V_ADDR    IN TBL_STUDENTS.ADDR%TYPE
)
IS
BEGIN
    UPDATE(SELECT T1.ID, T1.PW, T2.TEL, T2.ADDR
           FROM TBL_IDPW T1 JOIN TBL_STUDENTS T2
           ON T1.ID = T2.ID)T
    SET T.TEL = V_TEL, T.ADDR = V_ADDR
    WHERE T.ID = V_ID
      AND T.PW = V_PW;

      COMMIT;

END;

/
--------------------------------------------------------
--  DDL for Procedure PRC_STUDENT_INSERT
--------------------------------------------------------
set define off;

  CREATE OR REPLACE PROCEDURE "SCOTT"."PRC_STUDENT_INSERT" 
( V_ID      IN TBL_IDPW.ID%TYPE
, V_PW      IN TBL_IDPW.PW%TYPE
, V_NAME    IN TBL_STUDENTS.NAME%TYPE
, V_TEL     IN TBL_STUDENTS.TEL%TYPE
, V_ADDR    IN TBL_STUDENTS.ADDR%TYPE
)
IS
BEGIN
    -- TBL_IDPW 테이블에 데이터 입력(INSERT)
    INSERT INTO TBL_IDPW(ID, PW)
    VALUES(V_ID, V_PW);

    -- TBL_STUDENTS 테이블에 데이터 입력(INSERT)
    INSERT INTO TBL_STUDENTS(ID, NAME, TEL, ADDR)
    VALUES(V_ID, V_NAME, V_TEL, V_ADDR);

    -- 커밋
    COMMIT;
END;

/
--------------------------------------------------------
--  DDL for Procedure PRC_SUNGJUK_INSERT
--------------------------------------------------------
set define off;

  CREATE OR REPLACE PROCEDURE "SCOTT"."PRC_SUNGJUK_INSERT" 
( V_HAKBUN  IN TBL_SUNGJUK.HAKBUN%TYPE
, V_NAME    IN TBL_SUNGJUK.NAME%TYPE
, V_KOR     IN TBL_SUNGJUK.KOR%TYPE
, V_ENG     IN TBL_SUNGJUK.ENG%TYPE
, V_MAT     IN TBL_SUNGJUK.MAT%TYPE
)
IS 
    -- 선언문
    -- INSERT 쿼리문 수행을 하기 위해 필요한 추가 변수 구성
    V_TOT       TBL_SUNGJUK.TOT%TYPE;
    V_AVG       TBL_SUNGJUK.AVG%TYPE;
    V_GRADE     TBL_SUNGJUK.GRADE%TYPE;
BEGIN
    -- 실행부
    -- 추가로 선언한 주요 변수들에 값을 담아내야 한다.
    V_TOT := V_KOR + V_ENG + V_MAT;
    V_AVG := V_TOT / 3;
    IF(V_AVG >= 90)
        THEN V_GRADE := 'A';
    ELSIF(V_AVG >= 80)
        THEN V_GRADE := 'B';
    ELSIF(V_AVG >= 70)
        THEN V_GRADE := 'C';    
    ELSIF(V_AVG >= 60)
        THEN V_GRADE := 'D';
    ELSE
        V_GRADE := 'F';
    END IF;

    -- INSERT 쿼리문 수행
    INSERT INTO TBL_SUNGJUK(HAKBUN, NAME, KOR, ENG, MAT, TOT, AVG, GRADE)
    VALUES (V_HAKBUN, V_NAME, V_KOR, V_ENG, V_MAT, V_TOT, V_AVG, V_GRADE);

    -- 커밋
    COMMIT;
END;

/
--------------------------------------------------------
--  DDL for Procedure PRC_SUNGJUK_UPDATE
--------------------------------------------------------
set define off;

  CREATE OR REPLACE PROCEDURE "SCOTT"."PRC_SUNGJUK_UPDATE" 
( V_HAKBUN  IN TBL_SUNGJUK.HAKBUN%TYPE
, V_KOR     IN TBL_SUNGJUK.KOR%TYPE
, V_ENG     IN TBL_SUNGJUK.ENG%TYPE
, V_MAT     IN TBL_SUNGJUK.MAT%TYPE
)
IS
    -- 선언부
    -- UPDATE 쿼리문을 수행하기 위해 필요한 변수
    V_TOT   TBL_SUNGJUK.TOT%TYPE;
    V_AVG   TBL_SUNGJUK.AVG%TYPE;
    V_GRADE TBL_SUNGJUK.GRADE%TYPE;
BEGIN
    -- 실행부
    -- 추가로 선언한 주요 변수들에 값을 담아내야 한다.
    V_TOT := V_KOR + V_ENG + V_MAT;
    V_AVG := V_TOT / 3;
    IF (V_AVG >= 90)
        THEN V_GRADE := 'A';
    ELSIF (V_AVG >= 80)
        THEN V_GRADE := 'B';
    ELSIF (V_AVG >= 70)
        THEN V_GRADE := 'C';
    ELSIF (V_AVG >= 60)
        THEN V_GRADE := 'D';
    ELSE
        V_GRADE := 'F';    
    END IF;

    -- UPDATE 쿼리문 수행
    UPDATE TBL_SUNGJUK
    SET KOR = V_KOR, ENG = V_ENG, MAT = V_MAT
        , TOT = V_TOT, AVG = V_AVG, GRADE = V_GRADE
    WHERE HAKBUN = V_HAKBUN;

    -- 커밋
    COMMIT;

END;

/
--------------------------------------------------------
--  DDL for Procedure PRC_입고_DELETE
--------------------------------------------------------
set define off;

  CREATE OR REPLACE PROCEDURE "SCOTT"."PRC_입고_DELETE" 
( V_입고번호 IN TBL_입고.입고번호%TYPE
)
IS
    V_상품코드  TBL_상품.상품코드%TYPE;    
    V_입고수량  TBL_입고.입고수량%TYPE;    
    V_재고수량  TBL_상품.재고수량%TYPE;

    USER_DEFINE_ERROR EXCEPTION;

BEGIN
    SELECT 상품코드, 입고수량 INTO V_상품코드, V_입고수량
    FROM TBL_입고
    WHERE 입고번호 = V_입고번호;

    SELECT 재고수량 INTO V_재고수량
    FROM TBL_상품
    WHERE 상품코드 = V_상품코드;

    IF (V_재고수량 - V_입고수량 < 0)
        THEN RAISE USER_DEFINE_ERROR;
    END IF;

    DELETE 
    FROM TBL_입고
    WHERE 입고번호 = V_입고번호;

    UPDATE TBL_상품
    SET 재고수량 = 재고수량 - V_입고수량
    WHERE 상품코드 = V_상품코드;

    COMMIT;

    EXCEPTION
        WHEN USER_DEFINE_ERROR
         THEN RAISE_APPLICATION_ERROR(-20004, '입고내역 삭제불가' );
                 ROLLBACK;
        WHEN OTHERS
            THEN ROLLBACK;
END;

/
--------------------------------------------------------
--  DDL for Procedure PRC_입고_INSERT
--------------------------------------------------------
set define off;

  CREATE OR REPLACE PROCEDURE "SCOTT"."PRC_입고_INSERT" 
( V_상품코드    IN TBL_상품.상품코드%TYPE
, V_입고수량    IN TBL_입고.입고수량%TYPE
, V_입고단가    IN TBL_입고.입고단가%TYPE
)
IS
    V_입고번호 TBL_입고.입고번호%TYPE;
BEGIN
    -- 선언한 변수에 값 담아내기
    -- SELECT 쿼리문 수핼
    SELECT NVL(MAX(입고번호), 0) INTO V_입고번호
    FROM TBL_입고;

    -- INSERT 쿼리문 수행
    INSERT INTO TBL_입고(입고번호, 상품코드, 입고수량, 입고단가)
    VALUES ((V_입고번호+1), V_상품코드, V_입고수량, V_입고단가);

    -- UPDATE 쿼리문 수행
    UPDATE TBL_상품
    SET 재고수량 = 재고수량 + V_입고수량
    WHERE 상품코드 = V_상품코드;

    -- 예외 처리
    EXCEPTION
        WHEN OTHERS THEN ROLLBACK;

    -- 커밋
    COMMIT;

END;

/
--------------------------------------------------------
--  DDL for Procedure PRC_입고_UPDATE
--------------------------------------------------------
set define off;

  CREATE OR REPLACE PROCEDURE "SCOTT"."PRC_입고_UPDATE" 
( V_입고번호   IN TBL_입고.입고번호%TYPE
, V_입고수량   IN TBL_입고.입고수량%TYPE
)
IS

    V_상품코드      TBL_상품.상품코드%TYPE;
    V_이전입고수량  TBL_입고.입고수량%TYPE;    
    V_재고수량      TBL_상품.재고수량%TYPE;

    USER_DEFINE_ERROR   EXCEPTION;

BEGIN    

    SELECT 상품코드, 입고수량 INTO V_상품코드, V_이전입고수량
    FROM TBL_입고
    WHERE 입고번호 = V_입고번호;


    IF (V_재고수량 - V_이전입고수량 + V_입고수량 < 0)
        THEN RAISE USER_DEFINE_ERROR; 
    END IF;  


    UPDATE TBL_입고
    SET 입고수량 = V_이전입고수량 + V_입고수량
    WHERE 입고번호 = V_입고번호;


    UPDATE TBL_상품
    SET 재고수량 = 재고수량 + V_입고수량
    WHERE 상품코드 = V_상품코드;

    COMMIT;

    EXCEPTION
        WHEN USER_DEFINE_ERROR
            THEN RAISE_APPLICATION_ERROR(-20003, '입고 수량 부족~!!');
                 ROLLBACK;
        WHEN OTHERS
            THEN ROLLBACK;

END;

/
--------------------------------------------------------
--  DDL for Procedure PRC_출고_INSERT
--------------------------------------------------------
set define off;

  CREATE OR REPLACE PROCEDURE "SCOTT"."PRC_출고_INSERT" 
( V_상품코드    IN TBL_상품.상품코드%TYPE
, V_출고수량    IN TBL_출고.출고수량%TYPE
, V_출고단가    IN TBL_출고.출고단가%TYPE
)
IS
    -- 주요 변수 선언
    V_재고수량 TBL_상품.재고수량%TYPE;
    V_출고번호 TBL_출고.출고번호%TYPE;

    -- 사용자 정의 예외 선언
    USER_DEFINE_ERROR   EXCEPTION;

BEGIN
    -- 쿼리문 수행 이전에 수행 여부를 확인하는 과정에서
    -- 재고 파악 → 기존 재고를 확인하는 과정이 선행되어야 한다.
    -- 그래야 프로시저 호출 시 넘겨받는 출고 수량과 비교가 가능하기 때문...
    SELECT 재고수량 INTO V_재고수량
    FROM TBL_상품
    WHERE 상품코드 = V_상품코드;

    -- 출고를 정상적으로 진행해 줄 것인지에 대한 여부 확인
    -- 위에서 파악한 재고수량보다 현재 프로시저에서 넘겨받은 출고수량이 많으면
    -- 예외발생~!!!
    IF (V_출고수량 > V_재고수량)
        -- 예외 발생
        THEN RAISE USER_DEFINE_ERROR;
    END IF;

    -- 출고번호 얻어내기 → 위에서 선언한 변수에 값 담아내기
    SELECT NVL(MAX(출고번호), 0) + 1 INTO V_출고번호
    FROM TBL_출고;

    -- 쿼리문 구성 → INSERT(TBL_출고)
    INSERT INTO TBL_출고(출고번호, 상품코드, 출고수량, 출고단가)
    VALUES(V_출고번호, V_상품코드, V_출고수량, V_출고단가);

    -- 쿼리문 구성 → UPDATE(TBL_상품)
    UPDATE TBL_상품
    SET 재고수량 = 재고수량 - V_출고수량
    WHERE 상품코드 = V_상품코드;

    -- 예외 처리
    EXCEPTION
        WHEN USER_DEFINE_ERROR
            THEN RAISE_APPLICATION_ERROR(-20002, '재고 부족~!!!');   
        WHEN OTHERS
            THEN ROLLBACK;

    -- 커밋
    COMMIT;


END;

/
--------------------------------------------------------
--  DDL for Procedure PRC_출고_UPDATE
--------------------------------------------------------
set define off;

  CREATE OR REPLACE PROCEDURE "SCOTT"."PRC_출고_UPDATE" 
(
    -- ① 매개변수 구성
    V_출고번호  IN TBL_출고.출고번호%TYPE
,   V_출고수량  IN TBL_출고.출고수량%TYPE
)
IS
    -- ③ 필요한 변수 선언
    V_상품코드      TBL_상품.상품코드%TYPE;
    V_이전출고수량  TBL_출고.출고수량%TYPE;
    V_재고수량      TBL_상품.재고수량%TYPE;

    USER_DEFINE_ERROR   EXCEPTION;

BEGIN

    -- ④ 선언항 변수에 값 담아내기
    -- ⑥
    SELECT 상품코드, 출고수량 INTO V_상품코드, V_이전출고수량
    FROM TBL_출고
    WHERE 출고번호 = V_출고번호;

    -- ⑧ 출고 정상수행여부 판단 필요
    --    변경 이전의 출고수량 및 현재의 재고수량 확인
    SELECT 재고수량 INTO V_재고수량
    FROM TBL_상품
    WHERE 상품코드 = V_상품코드;

    -- ⑨ 파악한 재고수량에 따라 데이터 변경 실시 여부 판단
    --    (『재고수량+이전출고수량 < 현재 출고수량』 인 상황이라면... 사용자정의예외 발생)
    IF(V_재고수량+V_이전출고수량 < V_출고수량)
        --사용자정의 예외 발생
        THEN RAISE USER_DEFINE_ERROR;
    END IF;  

    -- ② 수행될 쿼리문 체크(UPDATE → TBL_출고 / UPDATE → TBL_상품)
    UPDATE TBL_출고
    SET 출고수량 = V_출고수량
    WHERE 출고번호 = V_출고번호;

    -- ⑤
    UPDATE TBL_상품
    SET 재고수량 = 재고수량 + V_이전출고수량 - V_출고수량
    WHERE 상품코드 = V_상품코드;

    -- ⑦ 커밋
    COMMIT;


    -- ⑩ 예외 처리
    EXCEPTION
        WHEN USER_DEFINE_ERROR
            THEN RAISE_APPLICATION_ERROR(-20002, '재고 부족~!!!');
            ROLLBACK;
        WHEN OTHERS
            THEN ROLLBACK;

END;
--==>> Procedure PRC_출고_UPDATE이(가) 컴파일되었습니다.


/*
1. PRC_입고_UPDATE(입고번호, 입고수량)
2. PRC_입고_DELETE(입고번호)
3. PRC_출고_DELETE(출고번호)
*/

-- 1. PRC_입고_UPDATE(입고번호, 입고수량)

CREATE OR REPLACE PROCEDURE PRC_입고_UPDATE
( V_입고번호   IN TBL_입고.입고번호%TYPE
, V_입고수량   IN TBL_입고.입고수량%TYPE
)
IS

    V_상품코드      TBL_상품.상품코드%TYPE;
    V_이전입고수량  TBL_입고.입고수량%TYPE;    
    V_재고수량      TBL_상품.재고수량%TYPE;

    USER_DEFINE_ERROR   EXCEPTION;

BEGIN    

    SELECT 상품코드, 입고수량 INTO V_상품코드, V_이전입고수량
    FROM TBL_입고
    WHERE 입고번호 = V_입고번호;


    IF (V_재고수량 - V_이전입고수량 + V_입고수량 < 0)
        THEN RAISE USER_DEFINE_ERROR; 
    END IF;  


    UPDATE TBL_입고
    SET 입고수량 = V_이전입고수량 + V_입고수량
    WHERE 입고번호 = V_입고번호;


    UPDATE TBL_상품
    SET 재고수량 = 재고수량 + V_입고수량
    WHERE 상품코드 = V_상품코드;

    COMMIT;

    EXCEPTION
        WHEN USER_DEFINE_ERROR
            THEN RAISE_APPLICATION_ERROR(-20003, '입고 수량 부족~!!');
                 ROLLBACK;
        WHEN OTHERS
            THEN ROLLBACK;

END;


-- 2. PRC_입고_DELETE(입고번호)

CREATE OR REPLACE PROCEDURE PRC_입고_DELETE
( V_입고번호 IN TBL_입고.입고번호%TYPE
)
IS
    V_상품코드  TBL_상품.상품코드%TYPE;    
    V_입고수량  TBL_입고.입고수량%TYPE;    
    V_재고수량  TBL_상품.재고수량%TYPE;

    USER_DEFINE_ERROR EXCEPTION;

BEGIN
    SELECT 상품코드, 입고수량 INTO V_상품코드, V_입고수량
    FROM TBL_입고
    WHERE 입고번호 = V_입고번호;

    SELECT 재고수량 INTO V_재고수량
    FROM TBL_상품
    WHERE 상품코드 = V_상품코드;

    IF (V_재고수량 - V_입고수량 < 0)
        THEN RAISE USER_DEFINE_ERROR;
    END IF;

    DELETE 
    FROM TBL_입고
    WHERE 입고번호 = V_입고번호;

    UPDATE TBL_상품
    SET 재고수량 = 재고수량 - V_입고수량
    WHERE 상품코드 = V_상품코드;

    COMMIT;

    EXCEPTION
        WHEN USER_DEFINE_ERROR
         THEN RAISE_APPLICATION_ERROR(-20004, '입고내역 삭제불가' );
                 ROLLBACK;
        WHEN OTHERS
            THEN ROLLBACK;
END;

-- 3. PRC_출고_DELETE(출고번호)

CREATE OR REPLACE PROCEDURE PRC_출고_DELETE
(V_출고번호     IN TBL_출고.출고번호%TYPE
)
IS

    V_상품코드  TBL_상품.상품코드%TYPE;
    V_출고수량  TBL_출고.출고수량%TYPE;
    V_재고수량  TBL_상품.재고수량%TYPE;

BEGIN

    SELECT 상품코드, 출고수량 INTO V_상품코드, V_출고수량
    FROM TBL_출고
    WHERE 출고번호 = V_출고번호;

    SELECT 재고수량 INTO V_재고수량
    FROM TBL_상품
    WHERE 상품코드 = V_상품코드;

    DELETE
    FROM TBL_출고
    WHERE 출고번호 = V_출고번호;

    UPDATE TBL_상품
    SET 재고수량 = 재고수량 + V_출고수량
    WHERE 상품코드 = V_상품코드;

    COMMIT;

    EXCEPTION 
        WHEN OTHERS 
            THEN ROLLBACK;

END;

--------------------------------------------------------------------------------

--■■■ CURSOR(커서) ■■■--

-- 1. 오라클에서 하나의 레코드가 아닌 여러 레코드로 구성된
--    작업 영역에서 SQL 문을 실행하고 그 과정에서 발생한 정보를
--    저장하기 위하여 커서(CURSOR)를 사용하며,
--    커서에는 암시적 커서와 명시적 커서가 있다.

-- 2. 암시적 커서는 모든 SQL 문에 존재하며,
--    SQL문 실행 후 오직 하나의 행(ROW)만 출력하게 된다.
--    그러나 SQL문을 실행한 결과물(RESULT SET)이
--    여러 행(ROW)으로 구성된 경우
--    커서(CURSOR)를 명시적으로 선언해야 여러 행(ROW)을 다룰 수 있다.

--○ 커서 이용 전 상황(단일 행 접근 시)
SET SERVEROUTPUT ON;

DECLARE
    V_NAME  TBL_INSA.NAME%TYPE;
    V_TEL   TBL_INSA.TEL%TYPE;
BEGIN
    SELECT NAME, TEL INTO V_NAME, V_TEL
    FROM TBL_INSA
    WHERE NUM = 1001;

    DBMS_OUTPUT.PUT_LINE(V_NAME || '--' || V_TEL);
END;
--==>>
/*
홍길동--011-2356-4528


PL/SQL 프로시저가 성공적으로 완료되었습니다.
*/


--○ 커서 이용 전 상황(다중 행 접근 시)
DECLARE
    V_NAME  TBL_INSA.NAME%TYPE;
    V_TEL   TBL_INSA.TEL%TYPE;
BEGIN
    SELECT NAME, TEL INTO V_NAME, V_TEL
    FROM TBL_INSA;

    DBMS_OUTPUT.PUT_LINE(V_NAME || ' -- ' || V_TEL);
END;
--==>> 에러 발생
--     (ORA-01422: exact fetch returns more than requested number of rows)


--○ 커서 이용 전 상황(다중 행 접근 시 - 반복문 활용)
DECLARE
    V_NAME  TBL_INSA.NAME%TYPE;
    V_TEL   TBL_INSA.TEL%TYPE;
    V_NUM   TBL_INSA.NUM%TYPE := 1001;
BEGIN
    LOOP
        SELECT NAME, TEL INTO V_NAME, V_TEL
        FROM TBL_INSA
        WHERE NUM = V_NUM;   -- WHERE NUM=1001;   

        DBMS_OUTPUT.PUT_LINE(V_NAME || ' -- ' || V_TEL);

        V_NUM := V_NUM + 1;

        EXIT WHEN V_NUM >= 1061;

    END LOOP;

END;
--==>>
/*
홍길동--011-2356-4528
이순신--010-4758-6532
이순애--010-4231-1236
김정훈--019-5236-4221
한석봉--018-5211-3542
이기자--010-3214-5357
장인철--011-2345-2525
김영년--016-2222-4444
나윤균--019-1111-2222
김종서--011-3214-5555
유관순--010-8888-4422
정한국--018-2222-4242
조미숙--019-6666-4444
황진이--010-3214-5467
이현숙--016-2548-3365
이상헌--010-4526-1234
엄용수--010-3254-2542
이성길--018-1333-3333
박문수--017-4747-4848
유영희--011-9595-8585
홍길남--011-9999-7575
이영숙--017-5214-5282
김인수--
김말자--011-5248-7789
우재옥--010-4563-2587
김숙남--010-2112-5225
김영길--019-8523-1478
이남신--016-1818-4848
김말숙--016-3535-3636
정정해--019-6564-6752
지재환--019-5552-7511
심심해--016-8888-7474
김미나--011-2444-4444
이정석--011-3697-7412
정영희--
이재영--011-9999-9999
최석규--011-7777-7777
손인수--010-6542-7412
고순정--010-2587-7895
박세열--016-4444-7777
문길수--016-4444-5555
채정희--011-5125-5511
양미옥--016-8548-6547
지수환--011-5555-7548
홍원신--011-7777-7777
허경운--017-3333-3333
산마루--018-0505-0505
이기상--
이미성--010-6654-8854
이미인--011-8585-5252
권영미--011-5555-7548
권옥경--010-3644-5577
김싱식--011-7585-7474
정상호--016-1919-4242
정한나--016-2424-4242
전용재--010-7549-8654
이미경--016-6542-7546
김신제--010-2415-5444
임수봉--011-4151-4154
김신애--011-4151-4444


PL/SQL 프로시저가 성공적으로 완료되었습니다.
*/






















































































/
--------------------------------------------------------
--  DDL for Package INSA_PACK
--------------------------------------------------------

  CREATE OR REPLACE PACKAGE "SCOTT"."INSA_PACK" 
IS
    FUNCTION FN_GENDER(V_SSN VARCHAR2)
    RETURN VARCHAR2;

END INSA_PACK;

/
--------------------------------------------------------
--  DDL for Package Body INSA_PACK
--------------------------------------------------------

  CREATE OR REPLACE PACKAGE BODY "SCOTT"."INSA_PACK" 
IS
    FUNCTION FN_GENDER(V_SSN VARCHAR2)
    RETURN VARCHAR2
    IS
        V_RESULT VARCHAR2(20);
    BEGIN
        IF ( SUBSTR(V_SSN, 8, 1) IN ('1', '3') )
            THEN V_RESULT := '남자';
        ELSIF ( SUBSTR(V_SSN, 8, 1) IN ('2', '4') )
            THEN V_RESULT := '여자';
        ELSE
            V_RESULT := '확인불가';
        END IF;

        RETURN V_RESULT;
    END;

END INSA_PACK;

/
--------------------------------------------------------
--  DDL for Function FN_GENDER
--------------------------------------------------------

  CREATE OR REPLACE FUNCTION "SCOTT"."FN_GENDER" (V_SSN VARCHAR2)  -- 매개변수   : 자릿수(길이) 지정 안함
RETURN VARCHAR2                                       -- 반환자료형 : 자릿수(길이) 지정 안함
IS
    -- 선언부 → 주요 변수 선언
    V_RESULT    VARCHAR2(20);
BEGIN
    -- 실행부(정의부) → 연산 및 처리
    IF (SUBSTR(V_SSN, 8, 1)IN('1', '3') )
        THEN V_RESULT := '남자';
    ELSIF (SUBSTR(V_SSN, 8, 1)IN('2', '4') )
        THEN V_RESULT := '여자';
    ELSE
        V_RESULT := '성별확인불가';
    END IF;

    -- 결과값 반환   CHECK~!!!
    RETURN V_RESULT;    

END;
--==>> Function FN_GENDER이(가) 컴파일되었습니다.



--○ 임의의 정수 두 개를 매개변수(입력 파라미터)로 넘겨받아 → (A, B)
--   A 의 B 승의 값을 반환하는 사용자 정의 함수를 작성한다.
--   단, 기존의 오라클 내장 함수를 이용하지 않고, 반복문을 활용하여 작성한다.
-- 함수명 : FN_POW()
/*
사용 예)
SELECT FN_POW(10, 3)
FROM DUAL;
--==>> 1000
*/

/*
FN_POW(10, 3)                 → 1000
        기준 1 * 10 * 10 * 10 → 1000
        기준 0 * 10 * 10 * 10 → 0
*/

CREATE OR REPLACE FUNCTION FN_POW (A NUMBER, B NUMBER)
RETURN NUMBER                                     
IS
    V_RESULT    NUMBER := 1;     -- 반환 결과값 변수 → CHECK ~!!! 1로 초기화~!!!
    V_NUM       NUMBER;          -- 루프변수
BEGIN
    -- 반복문 구성
    FOR V_NUM IN 1.. B LOOP
        V_RESULT := V_RESULT * A;   -- V_RESULT *= A;
    END LOOP;

    -- 최종 결과값 반환
    RETURN V_RESULT;    
END;
--==>> Function FN_POW이(가) 컴파일되었습니다.


--○ TBL_INSA 테이블의 급여 계산 전용 함수를 정의한다.
--   급여는 『(기본급*12)+수당』 기반으로 연산을 수행한다.
--   함수명 : FN_PAY(기본급, 수당)
CREATE OR REPLACE FUNCTION FN_PAY(VBASICPAY NUMBER, VSUDANG NUMBER)
RETURN NUMBER
IS
    -- 주요 변수 선언
    VRESULT NUMBER;
BEGIN
    -- 연산 및 처리
    VRESULT := (NVL(VBASICPAY, 0) * 12) + NVL(VSUDANG, 0);

    -- 최종 결과값 반환
    RETURN VRESULT;
END;



--○ TBL_INSA 테이블에서 입사일을 기준으로 현재까지의
--   근무년수를 반환하는 함수를 정의한다.
--   단, 근무년수는 소수점 이하 한자리까지 계산한다.
--   함수명 : FN_WORKYEAR(입사일)

-- 1
SELECT MONTHS_BETWEEN(SYSDATE, '2002-02-11')
FROM DUAL;













/
--------------------------------------------------------
--  DDL for Function FN_PAY
--------------------------------------------------------

  CREATE OR REPLACE FUNCTION "SCOTT"."FN_PAY" (VBASICPAY NUMBER, VSUDANG NUMBER)
RETURN NUMBER
IS
    -- 주요 변수 선언
    VRESULT NUMBER;
BEGIN
    -- 연산 및 처리
    VRESULT := (NVL(VBASICPAY, 0) * 12) + NVL(VSUDANG, 0);

    -- 최종 결과값 반환
    RETURN VRESULT;
END;

/
--------------------------------------------------------
--  DDL for Function FN_POW
--------------------------------------------------------

  CREATE OR REPLACE FUNCTION "SCOTT"."FN_POW" (A NUMBER, B NUMBER)
RETURN NUMBER                                     
IS
    V_RESULT    NUMBER := 1;     -- 반환 결과값 변수 → CHECK ~!!! 1로 초기화~!!!
    V_NUM       NUMBER;          -- 루프변수
BEGIN
    -- 반복문 구성
    FOR V_NUM IN 1.. B LOOP
        V_RESULT := V_RESULT * A;   -- V_RESULT *= A;
    END LOOP;

    -- 최종 결과값 반환
    RETURN V_RESULT;    
END;

/
--------------------------------------------------------
--  DDL for Function FN_WORKYEAR
--------------------------------------------------------

  CREATE OR REPLACE FUNCTION "SCOTT"."FN_WORKYEAR" (VIBSDATE DATE)
RETURN VARCHAR2
IS 
    VRESULT VARCHAR2(20);
BEGIN
    VRESULT := TRUNC(MONTHS_BETWEEN(SYSDATE, VIBSDATE)/12 ,1);

    RETURN VRESULT;
END;

/
--------------------------------------------------------
--  Constraints for Table TBL_입고
--------------------------------------------------------

  ALTER TABLE "SCOTT"."TBL_입고" ADD CONSTRAINT "입고_입고번호_PK" PRIMARY KEY ("입고번호")
  USING INDEX PCTFREE 10 INITRANS 2 MAXTRANS 255 COMPUTE STATISTICS 
  STORAGE(INITIAL 65536 NEXT 1048576 MINEXTENTS 1 MAXEXTENTS 2147483645
  PCTINCREASE 0 FREELISTS 1 FREELIST GROUPS 1 BUFFER_POOL DEFAULT FLASH_CACHE DEFAULT CELL_FLASH_CACHE DEFAULT)
  TABLESPACE "USERS"  ENABLE;
--------------------------------------------------------
--  Constraints for Table TBL_TEST3
--------------------------------------------------------

  ALTER TABLE "SCOTT"."TBL_TEST3" ADD CONSTRAINT "TEST3_SID_PK" PRIMARY KEY ("SID")
  USING INDEX PCTFREE 10 INITRANS 2 MAXTRANS 255 COMPUTE STATISTICS 
  STORAGE(INITIAL 65536 NEXT 1048576 MINEXTENTS 1 MAXEXTENTS 2147483645
  PCTINCREASE 0 FREELISTS 1 FREELIST GROUPS 1 BUFFER_POOL DEFAULT FLASH_CACHE DEFAULT CELL_FLASH_CACHE DEFAULT)
  TABLESPACE "USERS"  ENABLE;
--------------------------------------------------------
--  Constraints for Table TBL_STUDENTS
--------------------------------------------------------

  ALTER TABLE "SCOTT"."TBL_STUDENTS" ADD CONSTRAINT "STUDENTS_ID_PK" PRIMARY KEY ("ID")
  USING INDEX PCTFREE 10 INITRANS 2 MAXTRANS 255 COMPUTE STATISTICS 
  STORAGE(INITIAL 65536 NEXT 1048576 MINEXTENTS 1 MAXEXTENTS 2147483645
  PCTINCREASE 0 FREELISTS 1 FREELIST GROUPS 1 BUFFER_POOL DEFAULT FLASH_CACHE DEFAULT CELL_FLASH_CACHE DEFAULT)
  TABLESPACE "USERS"  ENABLE;
--------------------------------------------------------
--  Constraints for Table PRACTICE_MEMBER0322
--------------------------------------------------------

  ALTER TABLE "SCOTT"."PRACTICE_MEMBER0322" ADD CONSTRAINT "MEMBER0322_SID_PK" PRIMARY KEY ("SID")
  USING INDEX PCTFREE 10 INITRANS 2 MAXTRANS 255 COMPUTE STATISTICS 
  STORAGE(INITIAL 65536 NEXT 1048576 MINEXTENTS 1 MAXEXTENTS 2147483645
  PCTINCREASE 0 FREELISTS 1 FREELIST GROUPS 1 BUFFER_POOL DEFAULT FLASH_CACHE DEFAULT CELL_FLASH_CACHE DEFAULT)
  TABLESPACE "USERS"  ENABLE;
--------------------------------------------------------
--  Constraints for Table TBL_상품
--------------------------------------------------------

  ALTER TABLE "SCOTT"."TBL_상품" ADD CONSTRAINT "상품_상품코드_PK" PRIMARY KEY ("상품코드")
  USING INDEX PCTFREE 10 INITRANS 2 MAXTRANS 255 COMPUTE STATISTICS 
  STORAGE(INITIAL 65536 NEXT 1048576 MINEXTENTS 1 MAXEXTENTS 2147483645
  PCTINCREASE 0 FREELISTS 1 FREELIST GROUPS 1 BUFFER_POOL DEFAULT FLASH_CACHE DEFAULT CELL_FLASH_CACHE DEFAULT)
  TABLESPACE "USERS"  ENABLE;
--------------------------------------------------------
--  Constraints for Table EMP
--------------------------------------------------------

  ALTER TABLE "SCOTT"."EMP" ADD CONSTRAINT "PK_EMP" PRIMARY KEY ("EMPNO")
  USING INDEX PCTFREE 10 INITRANS 2 MAXTRANS 255 COMPUTE STATISTICS 
  STORAGE(INITIAL 65536 NEXT 1048576 MINEXTENTS 1 MAXEXTENTS 2147483645
  PCTINCREASE 0 FREELISTS 1 FREELIST GROUPS 1 BUFFER_POOL DEFAULT FLASH_CACHE DEFAULT CELL_FLASH_CACHE DEFAULT)
  TABLESPACE "USERS"  ENABLE;
--------------------------------------------------------
--  Constraints for Table TBL_INSABACKUP
--------------------------------------------------------

  ALTER TABLE "SCOTT"."TBL_INSABACKUP" MODIFY ("SUDANG" NOT NULL ENABLE);
  ALTER TABLE "SCOTT"."TBL_INSABACKUP" MODIFY ("BASICPAY" NOT NULL ENABLE);
  ALTER TABLE "SCOTT"."TBL_INSABACKUP" MODIFY ("JIKWI" NOT NULL ENABLE);
  ALTER TABLE "SCOTT"."TBL_INSABACKUP" MODIFY ("BUSEO" NOT NULL ENABLE);
  ALTER TABLE "SCOTT"."TBL_INSABACKUP" MODIFY ("IBSADATE" NOT NULL ENABLE);
  ALTER TABLE "SCOTT"."TBL_INSABACKUP" MODIFY ("SSN" NOT NULL ENABLE);
  ALTER TABLE "SCOTT"."TBL_INSABACKUP" MODIFY ("NAME" NOT NULL ENABLE);
  ALTER TABLE "SCOTT"."TBL_INSABACKUP" MODIFY ("NUM" NOT NULL ENABLE);
--------------------------------------------------------
--  Constraints for Table DEPT
--------------------------------------------------------

  ALTER TABLE "SCOTT"."DEPT" ADD CONSTRAINT "PK_DEPT" PRIMARY KEY ("DEPTNO")
  USING INDEX PCTFREE 10 INITRANS 2 MAXTRANS 255 COMPUTE STATISTICS 
  STORAGE(INITIAL 65536 NEXT 1048576 MINEXTENTS 1 MAXEXTENTS 2147483645
  PCTINCREASE 0 FREELISTS 1 FREELIST GROUPS 1 BUFFER_POOL DEFAULT FLASH_CACHE DEFAULT CELL_FLASH_CACHE DEFAULT)
  TABLESPACE "USERS"  ENABLE;
--------------------------------------------------------
--  Constraints for Table TBL_BOARD
--------------------------------------------------------

  ALTER TABLE "SCOTT"."TBL_BOARD" ADD CONSTRAINT "BOARD_NUM_PK" PRIMARY KEY ("NUM")
  USING INDEX PCTFREE 10 INITRANS 2 MAXTRANS 255 COMPUTE STATISTICS 
  STORAGE(INITIAL 65536 NEXT 1048576 MINEXTENTS 1 MAXEXTENTS 2147483645
  PCTINCREASE 0 FREELISTS 1 FREELIST GROUPS 1 BUFFER_POOL DEFAULT FLASH_CACHE DEFAULT CELL_FLASH_CACHE DEFAULT)
  TABLESPACE "USERS"  ENABLE;
  ALTER TABLE "SCOTT"."TBL_BOARD" MODIFY ("CREATED" NOT NULL ENABLE);
  ALTER TABLE "SCOTT"."TBL_BOARD" MODIFY ("HITCOUNT" NOT NULL ENABLE);
  ALTER TABLE "SCOTT"."TBL_BOARD" MODIFY ("CONTENT" NOT NULL ENABLE);
  ALTER TABLE "SCOTT"."TBL_BOARD" MODIFY ("SUBJECT" NOT NULL ENABLE);
  ALTER TABLE "SCOTT"."TBL_BOARD" MODIFY ("PWD" NOT NULL ENABLE);
  ALTER TABLE "SCOTT"."TBL_BOARD" MODIFY ("NAME" NOT NULL ENABLE);
  ALTER TABLE "SCOTT"."TBL_BOARD" MODIFY ("NUM" NOT NULL ENABLE);
--------------------------------------------------------
--  Constraints for Table TBL_MEMBER
--------------------------------------------------------

  ALTER TABLE "SCOTT"."TBL_MEMBER" ADD CONSTRAINT "MEMBER_SID_PK" PRIMARY KEY ("SID")
  USING INDEX PCTFREE 10 INITRANS 2 MAXTRANS 255 COMPUTE STATISTICS 
  STORAGE(INITIAL 65536 NEXT 1048576 MINEXTENTS 1 MAXEXTENTS 2147483645
  PCTINCREASE 0 FREELISTS 1 FREELIST GROUPS 1 BUFFER_POOL DEFAULT FLASH_CACHE DEFAULT CELL_FLASH_CACHE DEFAULT)
  TABLESPACE "USERS"  ENABLE;
  ALTER TABLE "SCOTT"."TBL_MEMBER" MODIFY ("NAME" NOT NULL ENABLE);
--------------------------------------------------------
--  Constraints for Table PRACTICE_SCORE0323
--------------------------------------------------------

  ALTER TABLE "SCOTT"."PRACTICE_SCORE0323" ADD CONSTRAINT "SCORE0323_MAT_CK" CHECK (MAT BETWEEN 0 AND 100) ENABLE;
  ALTER TABLE "SCOTT"."PRACTICE_SCORE0323" ADD CONSTRAINT "SCORE0323_ENG_CK" CHECK (ENG BETWEEN 0 AND 100) ENABLE;
  ALTER TABLE "SCOTT"."PRACTICE_SCORE0323" ADD CONSTRAINT "SCORE0323_KOR_CK" CHECK (KOR BETWEEN 0 AND 100) ENABLE;
  ALTER TABLE "SCOTT"."PRACTICE_SCORE0323" ADD CONSTRAINT "SCORE0323_SID_PK" PRIMARY KEY ("SID")
  USING INDEX PCTFREE 10 INITRANS 2 MAXTRANS 255 COMPUTE STATISTICS 
  STORAGE(INITIAL 65536 NEXT 1048576 MINEXTENTS 1 MAXEXTENTS 2147483645
  PCTINCREASE 0 FREELISTS 1 FREELIST GROUPS 1 BUFFER_POOL DEFAULT FLASH_CACHE DEFAULT CELL_FLASH_CACHE DEFAULT)
  TABLESPACE "USERS"  ENABLE;
--------------------------------------------------------
--  Constraints for Table TBL_IDPW
--------------------------------------------------------

  ALTER TABLE "SCOTT"."TBL_IDPW" ADD CONSTRAINT "IDPW_ID_PK" PRIMARY KEY ("ID")
  USING INDEX PCTFREE 10 INITRANS 2 MAXTRANS 255 COMPUTE STATISTICS 
  STORAGE(INITIAL 65536 NEXT 1048576 MINEXTENTS 1 MAXEXTENTS 2147483645
  PCTINCREASE 0 FREELISTS 1 FREELIST GROUPS 1 BUFFER_POOL DEFAULT FLASH_CACHE DEFAULT CELL_FLASH_CACHE DEFAULT)
  TABLESPACE "USERS"  ENABLE;
--------------------------------------------------------
--  Constraints for Table TBL_출고
--------------------------------------------------------

  ALTER TABLE "SCOTT"."TBL_출고" ADD PRIMARY KEY ("출고번호")
  USING INDEX PCTFREE 10 INITRANS 2 MAXTRANS 255 COMPUTE STATISTICS 
  STORAGE(INITIAL 65536 NEXT 1048576 MINEXTENTS 1 MAXEXTENTS 2147483645
  PCTINCREASE 0 FREELISTS 1 FREELIST GROUPS 1 BUFFER_POOL DEFAULT FLASH_CACHE DEFAULT CELL_FLASH_CACHE DEFAULT)
  TABLESPACE "USERS"  ENABLE;
--------------------------------------------------------
--  Constraints for Table TBL_JIKWI
--------------------------------------------------------

  ALTER TABLE "SCOTT"."TBL_JIKWI" ADD CONSTRAINT "JIKWI_JIKWI_ID_PK" PRIMARY KEY ("JIKWI_ID")
  USING INDEX PCTFREE 10 INITRANS 2 MAXTRANS 255 COMPUTE STATISTICS 
  STORAGE(INITIAL 65536 NEXT 1048576 MINEXTENTS 1 MAXEXTENTS 2147483645
  PCTINCREASE 0 FREELISTS 1 FREELIST GROUPS 1 BUFFER_POOL DEFAULT FLASH_CACHE DEFAULT CELL_FLASH_CACHE DEFAULT)
  TABLESPACE "USERS"  ENABLE;
--------------------------------------------------------
--  Constraints for Table TBL_SUNGJUK
--------------------------------------------------------

  ALTER TABLE "SCOTT"."TBL_SUNGJUK" ADD CONSTRAINT "SUNGJUK_HAKBUN_PK" PRIMARY KEY ("HAKBUN")
  USING INDEX PCTFREE 10 INITRANS 2 MAXTRANS 255 COMPUTE STATISTICS 
  STORAGE(INITIAL 65536 NEXT 1048576 MINEXTENTS 1 MAXEXTENTS 2147483645
  PCTINCREASE 0 FREELISTS 1 FREELIST GROUPS 1 BUFFER_POOL DEFAULT FLASH_CACHE DEFAULT CELL_FLASH_CACHE DEFAULT)
  TABLESPACE "USERS"  ENABLE;
--------------------------------------------------------
--  Constraints for Table TBL_CITY
--------------------------------------------------------

  ALTER TABLE "SCOTT"."TBL_CITY" ADD CONSTRAINT "CITY_CITY_ID_PK" PRIMARY KEY ("CITY_ID")
  USING INDEX PCTFREE 10 INITRANS 2 MAXTRANS 255 COMPUTE STATISTICS 
  STORAGE(INITIAL 65536 NEXT 1048576 MINEXTENTS 1 MAXEXTENTS 2147483645
  PCTINCREASE 0 FREELISTS 1 FREELIST GROUPS 1 BUFFER_POOL DEFAULT FLASH_CACHE DEFAULT CELL_FLASH_CACHE DEFAULT)
  TABLESPACE "USERS"  ENABLE;
--------------------------------------------------------
--  Constraints for Table TBL_INSA
--------------------------------------------------------

  ALTER TABLE "SCOTT"."TBL_INSA" ADD CONSTRAINT "TBL_INSA_NUM_PK" PRIMARY KEY ("NUM")
  USING INDEX PCTFREE 10 INITRANS 2 MAXTRANS 255 COMPUTE STATISTICS 
  STORAGE(INITIAL 65536 NEXT 1048576 MINEXTENTS 1 MAXEXTENTS 2147483645
  PCTINCREASE 0 FREELISTS 1 FREELIST GROUPS 1 BUFFER_POOL DEFAULT FLASH_CACHE DEFAULT CELL_FLASH_CACHE DEFAULT)
  TABLESPACE "USERS"  ENABLE;
  ALTER TABLE "SCOTT"."TBL_INSA" MODIFY ("SUDANG" NOT NULL ENABLE);
  ALTER TABLE "SCOTT"."TBL_INSA" MODIFY ("BASICPAY" NOT NULL ENABLE);
  ALTER TABLE "SCOTT"."TBL_INSA" MODIFY ("JIKWI" NOT NULL ENABLE);
  ALTER TABLE "SCOTT"."TBL_INSA" MODIFY ("BUSEO" NOT NULL ENABLE);
  ALTER TABLE "SCOTT"."TBL_INSA" MODIFY ("IBSADATE" NOT NULL ENABLE);
  ALTER TABLE "SCOTT"."TBL_INSA" MODIFY ("SSN" NOT NULL ENABLE);
  ALTER TABLE "SCOTT"."TBL_INSA" MODIFY ("NAME" NOT NULL ENABLE);
  ALTER TABLE "SCOTT"."TBL_INSA" MODIFY ("NUM" NOT NULL ENABLE);
--------------------------------------------------------
--  Constraints for Table TBL_TEST1
--------------------------------------------------------

  ALTER TABLE "SCOTT"."TBL_TEST1" ADD CONSTRAINT "TEST1_ID_PK" PRIMARY KEY ("ID")
  USING INDEX PCTFREE 10 INITRANS 2 MAXTRANS 255 COMPUTE STATISTICS 
  STORAGE(INITIAL 65536 NEXT 1048576 MINEXTENTS 1 MAXEXTENTS 2147483645
  PCTINCREASE 0 FREELISTS 1 FREELIST GROUPS 1 BUFFER_POOL DEFAULT FLASH_CACHE DEFAULT CELL_FLASH_CACHE DEFAULT)
  TABLESPACE "USERS"  ENABLE;
--------------------------------------------------------
--  Constraints for Table TBL_MEMBERSCORE
--------------------------------------------------------

  ALTER TABLE "SCOTT"."TBL_MEMBERSCORE" ADD CONSTRAINT "MEMBERSCORE_SID_PK" PRIMARY KEY ("SID")
  USING INDEX PCTFREE 10 INITRANS 2 MAXTRANS 255 COMPUTE STATISTICS 
  STORAGE(INITIAL 65536 NEXT 1048576 MINEXTENTS 1 MAXEXTENTS 2147483645
  PCTINCREASE 0 FREELISTS 1 FREELIST GROUPS 1 BUFFER_POOL DEFAULT FLASH_CACHE DEFAULT CELL_FLASH_CACHE DEFAULT)
  TABLESPACE "USERS"  ENABLE;
  ALTER TABLE "SCOTT"."TBL_MEMBERSCORE" ADD CONSTRAINT "MEMBERSCORE_MAT_CK" CHECK (MAT BETWEEN 0 AND 100) ENABLE;
  ALTER TABLE "SCOTT"."TBL_MEMBERSCORE" ADD CONSTRAINT "MEMBERSCORE_ENG_CK" CHECK (ENG BETWEEN 0 AND 100) ENABLE;
  ALTER TABLE "SCOTT"."TBL_MEMBERSCORE" ADD CONSTRAINT "MEMBERSCORE_KOR_CK" CHECK (KOR BETWEEN 0 AND 100) ENABLE;
--------------------------------------------------------
--  Constraints for Table TBL_TEST2
--------------------------------------------------------

  ALTER TABLE "SCOTT"."TBL_TEST2" ADD CONSTRAINT "TEST2_CODE_PK" PRIMARY KEY ("CODE")
  USING INDEX PCTFREE 10 INITRANS 2 MAXTRANS 255 COMPUTE STATISTICS 
  STORAGE(INITIAL 65536 NEXT 1048576 MINEXTENTS 1 MAXEXTENTS 2147483645
  PCTINCREASE 0 FREELISTS 1 FREELIST GROUPS 1 BUFFER_POOL DEFAULT FLASH_CACHE DEFAULT CELL_FLASH_CACHE DEFAULT)
  TABLESPACE "USERS"  ENABLE;
--------------------------------------------------------
--  Constraints for Table TBL_BUSEO
--------------------------------------------------------

  ALTER TABLE "SCOTT"."TBL_BUSEO" ADD CONSTRAINT "BUSEO_BUSEO_ID_PK" PRIMARY KEY ("BUSEO_ID")
  USING INDEX PCTFREE 10 INITRANS 2 MAXTRANS 255 COMPUTE STATISTICS 
  STORAGE(INITIAL 65536 NEXT 1048576 MINEXTENTS 1 MAXEXTENTS 2147483645
  PCTINCREASE 0 FREELISTS 1 FREELIST GROUPS 1 BUFFER_POOL DEFAULT FLASH_CACHE DEFAULT CELL_FLASH_CACHE DEFAULT)
  TABLESPACE "USERS"  ENABLE;
--------------------------------------------------------
--  Constraints for Table TBL_EMP
--------------------------------------------------------

  ALTER TABLE "SCOTT"."TBL_EMP" ADD CONSTRAINT "EMP_EMP_ID_PK" PRIMARY KEY ("EMP_ID")
  USING INDEX PCTFREE 10 INITRANS 2 MAXTRANS 255 COMPUTE STATISTICS 
  STORAGE(INITIAL 65536 NEXT 1048576 MINEXTENTS 1 MAXEXTENTS 2147483645
  PCTINCREASE 0 FREELISTS 1 FREELIST GROUPS 1 BUFFER_POOL DEFAULT FLASH_CACHE DEFAULT CELL_FLASH_CACHE DEFAULT)
  TABLESPACE "USERS"  ENABLE;
--------------------------------------------------------
--  Ref Constraints for Table EMP
--------------------------------------------------------

  ALTER TABLE "SCOTT"."EMP" ADD CONSTRAINT "FK_DEPTNO" FOREIGN KEY ("DEPTNO")
	  REFERENCES "SCOTT"."DEPT" ("DEPTNO") ENABLE;
--------------------------------------------------------
--  Ref Constraints for Table TBL_EMP
--------------------------------------------------------

  ALTER TABLE "SCOTT"."TBL_EMP" ADD CONSTRAINT "EMP_BUSEO_ID_FK" FOREIGN KEY ("BUSEO_ID")
	  REFERENCES "SCOTT"."TBL_BUSEO" ("BUSEO_ID") ENABLE;
  ALTER TABLE "SCOTT"."TBL_EMP" ADD CONSTRAINT "EMP_CITY_ID_FK" FOREIGN KEY ("CITY_ID")
	  REFERENCES "SCOTT"."TBL_CITY" ("CITY_ID") ENABLE;
  ALTER TABLE "SCOTT"."TBL_EMP" ADD CONSTRAINT "EMP_JIKWI_ID_FK" FOREIGN KEY ("JIKWI_ID")
	  REFERENCES "SCOTT"."TBL_JIKWI" ("JIKWI_ID") ENABLE;
--------------------------------------------------------
--  Ref Constraints for Table TBL_MEMBERSCORE
--------------------------------------------------------

  ALTER TABLE "SCOTT"."TBL_MEMBERSCORE" ADD CONSTRAINT "MEMBERSCORE_SID_FK" FOREIGN KEY ("SID")
	  REFERENCES "SCOTT"."TBL_MEMBER" ("SID") ENABLE;
--------------------------------------------------------
--  Ref Constraints for Table TBL_TEST3
--------------------------------------------------------

  ALTER TABLE "SCOTT"."TBL_TEST3" ADD CONSTRAINT "TEST3_CODE_FK" FOREIGN KEY ("CODE")
	  REFERENCES "SCOTT"."TBL_TEST2" ("CODE") ENABLE;
--------------------------------------------------------
--  Ref Constraints for Table TBL_입고
--------------------------------------------------------

  ALTER TABLE "SCOTT"."TBL_입고" ADD CONSTRAINT "상품_상품코드_FK" FOREIGN KEY ("상품코드")
	  REFERENCES "SCOTT"."TBL_상품" ("상품코드") ENABLE;
--------------------------------------------------------
--  Ref Constraints for Table TBL_출고
--------------------------------------------------------

  ALTER TABLE "SCOTT"."TBL_출고" ADD CONSTRAINT "출고_상품코드_FK" FOREIGN KEY ("상품코드")
	  REFERENCES "SCOTT"."TBL_상품" ("상품코드") ENABLE;
